
C:/Users/usuario/Desktop/Digitales 3/2025_td3_511_curtale_lautaro/3_trabajos_practicos/tp4/firmware/build/firmware.elf:     file format elf32-littlearm

Sections:
Idx Name          Size      VMA       LMA       File off  Algn
  0 .text         00005fd0  10000000  10000000  00001000  2**3
                  CONTENTS, ALLOC, LOAD, READONLY, CODE
  1 .rodata       000001c8  10005fd0  10005fd0  00006fd0  2**3
                  CONTENTS, ALLOC, LOAD, READONLY, DATA
  2 .ARM.exidx    00000008  10006198  10006198  00007198  2**2
                  CONTENTS, ALLOC, LOAD, READONLY, DATA
  3 .binary_info  00000020  100061a0  100061a0  000071a0  2**2
                  CONTENTS, ALLOC, LOAD, READONLY, DATA
  4 .ram_vector_table 00000110  20000000  20000000  00009000  2**2
                  ALLOC
  5 .uninitialized_data 00000000  20000110  20000110  00008f74  2**0
                  CONTENTS
  6 .data         00000da0  20000110  100061c0  00008110  2**3
                  CONTENTS, ALLOC, LOAD, READONLY, CODE
  7 .tdata        00000000  20000eb0  20000eb0  00008f74  2**0
                  CONTENTS, ALLOC, LOAD, DATA, THREAD_LOCAL
  8 .tbss         00000000  20000eb0  20000eb0  00000000  2**0
                  ALLOC, THREAD_LOCAL
  9 .bss          00000568  20000eb0  10006f60  00009eb0  2**3
                  ALLOC
 10 .heap         00000800  20001418  20001418  00008f74  2**2
                  CONTENTS, READONLY
 11 .scratch_x    00000000  20080000  20080000  00009774  2**0
                  CONTENTS
 12 .scratch_y    00000000  20081000  20081000  00009774  2**0
                  CONTENTS
 13 .stack_dummy  00000800  20081000  20081000  00009780  2**5
                  CONTENTS, READONLY
 14 .flash_end    00000014  10006f60  10006f60  00008f60  2**2
                  CONTENTS, ALLOC, LOAD, READONLY, DATA
 15 .ARM.attributes 00000034  00000000  00000000  00009f80  2**0
                  CONTENTS, READONLY
 16 .comment      00000045  00000000  00000000  00009fb4  2**0
                  CONTENTS, READONLY
 17 .debug_info   0002c064  00000000  00000000  00009ff9  2**0
                  CONTENTS, READONLY, DEBUGGING, OCTETS
 18 .debug_abbrev 0000752d  00000000  00000000  0003605d  2**0
                  CONTENTS, READONLY, DEBUGGING, OCTETS
 19 .debug_loclists 000161eb  00000000  00000000  0003d58a  2**0
                  CONTENTS, READONLY, DEBUGGING, OCTETS
 20 .debug_aranges 000011e0  00000000  00000000  00053778  2**3
                  CONTENTS, READONLY, DEBUGGING, OCTETS
 21 .debug_rnglists 00003c07  00000000  00000000  00054958  2**0
                  CONTENTS, READONLY, DEBUGGING, OCTETS
 22 .debug_line   0001f330  00000000  00000000  0005855f  2**0
                  CONTENTS, READONLY, DEBUGGING, OCTETS
 23 .debug_str    00007f0e  00000000  00000000  0007788f  2**0
                  CONTENTS, READONLY, DEBUGGING, OCTETS
 24 .debug_frame  000036e8  00000000  00000000  0007f7a0  2**2
                  CONTENTS, READONLY, DEBUGGING, OCTETS
 25 .debug_line_str 000002d3  00000000  00000000  00082e88  2**0
                  CONTENTS, READONLY, DEBUGGING, OCTETS

C:/Users/usuario/Desktop/Digitales 3/2025_td3_511_curtale_lautaro/3_trabajos_practicos/tp4/firmware/build/firmware.elf:     file format elf32-littlearm


Disassembly of section .text:

10000000 <__VECTOR_TABLE>:
10000000:	20082000 	.word	0x20082000
10000004:	1000015d 	.word	0x1000015d
10000008:	10000113 	.word	0x10000113
1000000c:	10000115 	.word	0x10000115
10000010:	10000111 	.word	0x10000111
10000014:	10000111 	.word	0x10000111
10000018:	10000111 	.word	0x10000111
1000001c:	10000111 	.word	0x10000111
10000020:	10000111 	.word	0x10000111
10000024:	10000111 	.word	0x10000111
10000028:	10000111 	.word	0x10000111
1000002c:	10005031 	.word	0x10005031
10000030:	10000111 	.word	0x10000111
10000034:	10000111 	.word	0x10000111
10000038:	10004fb1 	.word	0x10004fb1
1000003c:	10004d0d 	.word	0x10004d0d
10000040:	1000011d 	.word	0x1000011d
10000044:	1000011d 	.word	0x1000011d
10000048:	1000011d 	.word	0x1000011d
1000004c:	1000011d 	.word	0x1000011d
10000050:	1000011d 	.word	0x1000011d
10000054:	1000011d 	.word	0x1000011d
10000058:	1000011d 	.word	0x1000011d
1000005c:	1000011d 	.word	0x1000011d
10000060:	1000011d 	.word	0x1000011d
10000064:	1000011d 	.word	0x1000011d
10000068:	1000011d 	.word	0x1000011d
1000006c:	1000011d 	.word	0x1000011d
10000070:	1000011d 	.word	0x1000011d
10000074:	1000011d 	.word	0x1000011d
10000078:	1000011d 	.word	0x1000011d
1000007c:	1000011d 	.word	0x1000011d
10000080:	1000011d 	.word	0x1000011d
10000084:	1000011d 	.word	0x1000011d
10000088:	1000011d 	.word	0x1000011d
1000008c:	1000011d 	.word	0x1000011d
10000090:	1000011d 	.word	0x1000011d
10000094:	1000011d 	.word	0x1000011d
10000098:	1000011d 	.word	0x1000011d
1000009c:	1000011d 	.word	0x1000011d
100000a0:	1000011d 	.word	0x1000011d
100000a4:	1000011d 	.word	0x1000011d
100000a8:	1000011d 	.word	0x1000011d
100000ac:	1000011d 	.word	0x1000011d
100000b0:	1000011d 	.word	0x1000011d
100000b4:	1000011d 	.word	0x1000011d
100000b8:	1000011d 	.word	0x1000011d
100000bc:	1000011d 	.word	0x1000011d
100000c0:	1000011d 	.word	0x1000011d
100000c4:	1000011d 	.word	0x1000011d
100000c8:	1000011d 	.word	0x1000011d
100000cc:	1000011d 	.word	0x1000011d
100000d0:	1000011d 	.word	0x1000011d
100000d4:	1000011d 	.word	0x1000011d
100000d8:	1000011d 	.word	0x1000011d
100000dc:	1000011d 	.word	0x1000011d
100000e0:	1000011d 	.word	0x1000011d
100000e4:	1000011d 	.word	0x1000011d
100000e8:	1000011d 	.word	0x1000011d
100000ec:	1000011d 	.word	0x1000011d
100000f0:	1000011d 	.word	0x1000011d
100000f4:	1000011d 	.word	0x1000011d
100000f8:	1000011d 	.word	0x1000011d
100000fc:	1000011d 	.word	0x1000011d
10000100:	1000011d 	.word	0x1000011d
10000104:	1000011d 	.word	0x1000011d
10000108:	1000011d 	.word	0x1000011d
1000010c:	1000011d 	.word	0x1000011d

10000110 <isr_invalid>:
10000110:	be00      	bkpt	0x0000

10000112 <isr_nmi>:
10000112:	be00      	bkpt	0x0000

10000114 <isr_hardfault>:
10000114:	be00      	bkpt	0x0000
10000116:	be00      	bkpt	0x0000
10000118:	be00      	bkpt	0x0000
1000011a:	be00      	bkpt	0x0000

1000011c <__unhandled_user_irq>:
1000011c:	f3ef 8005 	mrs	r0, IPSR
10000120:	3810      	subs	r0, #16

10000122 <unhandled_user_irq_num_in_r0>:
10000122:	be00      	bkpt	0x0000

10000124 <binary_info_header>:
10000124:	7188ebf2 	.word	0x7188ebf2
10000128:	100061a0 	.word	0x100061a0
1000012c:	100061c0 	.word	0x100061c0
10000130:	100001a8 	.word	0x100001a8
10000134:	e71aa390 	.word	0xe71aa390

10000138 <__binary_info_header_end>:
10000138:	ffffded3 	.word	0xffffded3
1000013c:	10210142 	.word	0x10210142
10000140:	000001ff 	.word	0x000001ff
10000144:	00006e28 	.word	0x00006e28
10000148:	ab123579 	.word	0xab123579

1000014c <_entry_point>:
1000014c:	f04f 0000 	mov.w	r0, #0

10000150 <_enter_vtable_in_r0>:
10000150:	4920      	ldr	r1, [pc, #128]	@ (100001d4 <data_cpy_table+0x2c>)
10000152:	6008      	str	r0, [r1, #0]
10000154:	c806      	ldmia	r0!, {r1, r2}
10000156:	f381 8808 	msr	MSP, r1
1000015a:	4710      	bx	r2

1000015c <_reset_handler>:
1000015c:	f04f 4050 	mov.w	r0, #3489660928	@ 0xd0000000
10000160:	6800      	ldr	r0, [r0, #0]
10000162:	b110      	cbz	r0, 1000016a <hold_non_core0_in_bootrom+0x6>

10000164 <hold_non_core0_in_bootrom>:
10000164:	f04f 0000 	mov.w	r0, #0
10000168:	e7f2      	b.n	10000150 <_enter_vtable_in_r0>
1000016a:	a40f      	add	r4, pc, #60	@ (adr r4, 100001a8 <data_cpy_table>)
1000016c:	cc0e      	ldmia	r4!, {r1, r2, r3}
1000016e:	2900      	cmp	r1, #0
10000170:	d002      	beq.n	10000178 <hold_non_core0_in_bootrom+0x14>
10000172:	f000 f815 	bl	100001a0 <data_cpy>
10000176:	e7f9      	b.n	1000016c <hold_non_core0_in_bootrom+0x8>
10000178:	4917      	ldr	r1, [pc, #92]	@ (100001d8 <data_cpy_table+0x30>)
1000017a:	4a18      	ldr	r2, [pc, #96]	@ (100001dc <data_cpy_table+0x34>)
1000017c:	2000      	movs	r0, #0
1000017e:	e000      	b.n	10000182 <bss_fill_test>

10000180 <bss_fill_loop>:
10000180:	c101      	stmia	r1!, {r0}

10000182 <bss_fill_test>:
10000182:	4291      	cmp	r1, r2
10000184:	d1fc      	bne.n	10000180 <bss_fill_loop>

10000186 <platform_entry>:
10000186:	2000      	movs	r0, #0
10000188:	f380 880a 	msr	MSPLIM, r0
1000018c:	4914      	ldr	r1, [pc, #80]	@ (100001e0 <data_cpy_table+0x38>)
1000018e:	4788      	blx	r1
10000190:	4914      	ldr	r1, [pc, #80]	@ (100001e4 <data_cpy_table+0x3c>)
10000192:	4788      	blx	r1
10000194:	4914      	ldr	r1, [pc, #80]	@ (100001e8 <data_cpy_table+0x40>)
10000196:	4788      	blx	r1
10000198:	be00      	bkpt	0x0000
1000019a:	e7fd      	b.n	10000198 <platform_entry+0x12>

1000019c <data_cpy_loop>:
1000019c:	c901      	ldmia	r1!, {r0}
1000019e:	c201      	stmia	r2!, {r0}

100001a0 <data_cpy>:
100001a0:	429a      	cmp	r2, r3
100001a2:	d3fb      	bcc.n	1000019c <data_cpy_loop>
100001a4:	4770      	bx	lr
100001a6:	bf00      	nop

100001a8 <data_cpy_table>:
100001a8:	100061c0 	.word	0x100061c0
100001ac:	20000110 	.word	0x20000110
100001b0:	20000eb0 	.word	0x20000eb0
100001b4:	10006f60 	.word	0x10006f60
100001b8:	20080000 	.word	0x20080000
100001bc:	20080000 	.word	0x20080000
100001c0:	10006f60 	.word	0x10006f60
100001c4:	20081000 	.word	0x20081000
100001c8:	20081000 	.word	0x20081000
100001cc:	00000000 	.word	0x00000000
100001d0:	4770      	bx	lr
100001d2:	0000      	.short	0x0000
100001d4:	e000ed08 	.word	0xe000ed08
100001d8:	20000eb0 	.word	0x20000eb0
100001dc:	20001418 	.word	0x20001418
100001e0:	10002c1d 	.word	0x10002c1d
100001e4:	100003bd 	.word	0x100003bd
100001e8:	10002c15 	.word	0x10002c15

100001ec <_init>:
100001ec:	b5f8      	push	{r3, r4, r5, r6, r7, lr}
100001ee:	bf00      	nop

100001f0 <register_tm_clones>:
100001f0:	4b06      	ldr	r3, [pc, #24]	@ (1000020c <register_tm_clones+0x1c>)
100001f2:	4907      	ldr	r1, [pc, #28]	@ (10000210 <register_tm_clones+0x20>)
100001f4:	1ac9      	subs	r1, r1, r3
100001f6:	1089      	asrs	r1, r1, #2
100001f8:	bf48      	it	mi
100001fa:	3101      	addmi	r1, #1
100001fc:	1049      	asrs	r1, r1, #1
100001fe:	d003      	beq.n	10000208 <register_tm_clones+0x18>
10000200:	4b04      	ldr	r3, [pc, #16]	@ (10000214 <register_tm_clones+0x24>)
10000202:	b10b      	cbz	r3, 10000208 <register_tm_clones+0x18>
10000204:	4801      	ldr	r0, [pc, #4]	@ (1000020c <register_tm_clones+0x1c>)
10000206:	4718      	bx	r3
10000208:	4770      	bx	lr
1000020a:	bf00      	nop
1000020c:	20000eb0 	.word	0x20000eb0
10000210:	20000eb0 	.word	0x20000eb0
10000214:	00000000 	.word	0x00000000

10000218 <frame_dummy>:
10000218:	b508      	push	{r3, lr}
1000021a:	4b05      	ldr	r3, [pc, #20]	@ (10000230 <frame_dummy+0x18>)
1000021c:	b11b      	cbz	r3, 10000226 <frame_dummy+0xe>
1000021e:	4905      	ldr	r1, [pc, #20]	@ (10000234 <frame_dummy+0x1c>)
10000220:	4805      	ldr	r0, [pc, #20]	@ (10000238 <frame_dummy+0x20>)
10000222:	f3af 8000 	nop.w
10000226:	e8bd 4008 	ldmia.w	sp!, {r3, lr}
1000022a:	f7ff bfe1 	b.w	100001f0 <register_tm_clones>
1000022e:	bf00      	nop
10000230:	00000000 	.word	0x00000000
10000234:	20001274 	.word	0x20001274
10000238:	10005fd0 	.word	0x10005fd0

1000023c <task_init>:
1000023c:	b508      	push	{r3, lr}
1000023e:	491a      	ldr	r1, [pc, #104]	@ (100002a8 <task_init+0x6c>)
10000240:	481a      	ldr	r0, [pc, #104]	@ (100002ac <task_init+0x70>)
10000242:	f002 ff2f 	bl	100030a4 <i2c_init>
10000246:	2103      	movs	r1, #3
10000248:	2010      	movs	r0, #16
1000024a:	f000 f8e9 	bl	10000420 <gpio_set_function>
1000024e:	2103      	movs	r1, #3
10000250:	2011      	movs	r0, #17
10000252:	f000 f8e5 	bl	10000420 <gpio_set_function>
10000256:	2200      	movs	r2, #0
10000258:	2101      	movs	r1, #1
1000025a:	2010      	movs	r0, #16
1000025c:	f000 f8fe 	bl	1000045c <gpio_set_pulls>
10000260:	2200      	movs	r2, #0
10000262:	2101      	movs	r1, #1
10000264:	2011      	movs	r0, #17
10000266:	f000 f8f9 	bl	1000045c <gpio_set_pulls>
1000026a:	4810      	ldr	r0, [pc, #64]	@ (100002ac <task_init+0x70>)
1000026c:	f005 f81a 	bl	100052a4 <bmp280_init>
10000270:	480f      	ldr	r0, [pc, #60]	@ (100002b0 <task_init+0x74>)
10000272:	f005 f835 	bl	100052e0 <bmp280_get_calib_params>
10000276:	2108      	movs	r1, #8
10000278:	2200      	movs	r2, #0
1000027a:	2001      	movs	r0, #1
1000027c:	f002 ff84 	bl	10003188 <xQueueGenericCreate>
10000280:	4602      	mov	r2, r0
10000282:	4b0c      	ldr	r3, [pc, #48]	@ (100002b4 <task_init+0x78>)
10000284:	2001      	movs	r0, #1
10000286:	601a      	str	r2, [r3, #0]
10000288:	f003 f8fa 	bl	10003480 <xQueueCreateMutex>
1000028c:	4602      	mov	r2, r0
1000028e:	4b0a      	ldr	r3, [pc, #40]	@ (100002b8 <task_init+0x7c>)
10000290:	4806      	ldr	r0, [pc, #24]	@ (100002ac <task_init+0x70>)
10000292:	2127      	movs	r1, #39	@ 0x27
10000294:	601a      	str	r2, [r3, #0]
10000296:	f004 ffd7 	bl	10005248 <lcd_init>
1000029a:	f004 ffad 	bl	100051f8 <lcd_clear>
1000029e:	e8bd 4008 	ldmia.w	sp!, {r3, lr}
100002a2:	2000      	movs	r0, #0
100002a4:	f003 bed2 	b.w	1000404c <vTaskDelete>
100002a8:	000186a0 	.word	0x000186a0
100002ac:	2000093c 	.word	0x2000093c
100002b0:	20001210 	.word	0x20001210
100002b4:	2000133c 	.word	0x2000133c
100002b8:	20001270 	.word	0x20001270

100002bc <task_read>:
100002bc:	b500      	push	{lr}
100002be:	4c15      	ldr	r4, [pc, #84]	@ (10000314 <task_read+0x58>)
100002c0:	4e15      	ldr	r6, [pc, #84]	@ (10000318 <task_read+0x5c>)
100002c2:	b085      	sub	sp, #20
100002c4:	f04f 31ff 	mov.w	r1, #4294967295
100002c8:	6820      	ldr	r0, [r4, #0]
100002ca:	f003 fa51 	bl	10003770 <xQueueSemaphoreTake>
100002ce:	4668      	mov	r0, sp
100002d0:	a901      	add	r1, sp, #4
100002d2:	f005 f839 	bl	10005348 <bmp280_read_raw>
100002d6:	2300      	movs	r3, #0
100002d8:	6820      	ldr	r0, [r4, #0]
100002da:	461a      	mov	r2, r3
100002dc:	4619      	mov	r1, r3
100002de:	f002 ff8f 	bl	10003200 <xQueueGenericSend>
100002e2:	490e      	ldr	r1, [pc, #56]	@ (1000031c <task_read+0x60>)
100002e4:	9800      	ldr	r0, [sp, #0]
100002e6:	f005 f865 	bl	100053b4 <bmp280_convert_temp>
100002ea:	4603      	mov	r3, r0
100002ec:	e9dd 1000 	ldrd	r1, r0, [sp]
100002f0:	4a0a      	ldr	r2, [pc, #40]	@ (1000031c <task_read+0x60>)
100002f2:	9302      	str	r3, [sp, #8]
100002f4:	f005 f882 	bl	100053fc <bmp280_convert_pressure>
100002f8:	4605      	mov	r5, r0
100002fa:	2302      	movs	r3, #2
100002fc:	2200      	movs	r2, #0
100002fe:	6830      	ldr	r0, [r6, #0]
10000300:	a902      	add	r1, sp, #8
10000302:	9503      	str	r5, [sp, #12]
10000304:	f002 ff7c 	bl	10003200 <xQueueGenericSend>
10000308:	f44f 707a 	mov.w	r0, #1000	@ 0x3e8
1000030c:	f004 f824 	bl	10004358 <vTaskDelay>
10000310:	e7d8      	b.n	100002c4 <task_read+0x8>
10000312:	bf00      	nop
10000314:	20001270 	.word	0x20001270
10000318:	2000133c 	.word	0x2000133c
1000031c:	20001210 	.word	0x20001210

10000320 <task_print>:
10000320:	2300      	movs	r3, #0
10000322:	b500      	push	{lr}
10000324:	b08b      	sub	sp, #44	@ 0x2c
10000326:	e9cd 3300 	strd	r3, r3, [sp]
1000032a:	f004 ff65 	bl	100051f8 <lcd_clear>
1000032e:	4d1e      	ldr	r5, [pc, #120]	@ (100003a8 <task_print+0x88>)
10000330:	4c1e      	ldr	r4, [pc, #120]	@ (100003ac <task_print+0x8c>)
10000332:	4e1f      	ldr	r6, [pc, #124]	@ (100003b0 <task_print+0x90>)
10000334:	f04f 32ff 	mov.w	r2, #4294967295
10000338:	4669      	mov	r1, sp
1000033a:	6828      	ldr	r0, [r5, #0]
1000033c:	f003 f8d4 	bl	100034e8 <xQueueReceive>
10000340:	b368      	cbz	r0, 1000039e <task_print+0x7e>
10000342:	f04f 31ff 	mov.w	r1, #4294967295
10000346:	6820      	ldr	r0, [r4, #0]
10000348:	f003 fa12 	bl	10003770 <xQueueSemaphoreTake>
1000034c:	f004 ff54 	bl	100051f8 <lcd_clear>
10000350:	9800      	ldr	r0, [sp, #0]
10000352:	f005 fe09 	bl	10005f68 <____aeabi_f2d_veneer>
10000356:	4602      	mov	r2, r0
10000358:	460b      	mov	r3, r1
1000035a:	a802      	add	r0, sp, #8
1000035c:	4915      	ldr	r1, [pc, #84]	@ (100003b4 <task_print+0x94>)
1000035e:	f002 fc13 	bl	10002b88 <__wrap_sprintf>
10000362:	2100      	movs	r1, #0
10000364:	4608      	mov	r0, r1
10000366:	f004 ff4b 	bl	10005200 <lcd_set_cursor>
1000036a:	a802      	add	r0, sp, #8
1000036c:	f004 ff60 	bl	10005230 <lcd_string>
10000370:	9b01      	ldr	r3, [sp, #4]
10000372:	4911      	ldr	r1, [pc, #68]	@ (100003b8 <task_print+0x98>)
10000374:	fb86 0203 	smull	r0, r2, r6, r3
10000378:	17db      	asrs	r3, r3, #31
1000037a:	ebc3 12a2 	rsb	r2, r3, r2, asr #6
1000037e:	a806      	add	r0, sp, #24
10000380:	f002 fc02 	bl	10002b88 <__wrap_sprintf>
10000384:	2100      	movs	r1, #0
10000386:	2001      	movs	r0, #1
10000388:	f004 ff3a 	bl	10005200 <lcd_set_cursor>
1000038c:	a806      	add	r0, sp, #24
1000038e:	f004 ff4f 	bl	10005230 <lcd_string>
10000392:	2300      	movs	r3, #0
10000394:	6820      	ldr	r0, [r4, #0]
10000396:	461a      	mov	r2, r3
10000398:	4619      	mov	r1, r3
1000039a:	f002 ff31 	bl	10003200 <xQueueGenericSend>
1000039e:	f44f 707a 	mov.w	r0, #1000	@ 0x3e8
100003a2:	f003 ffd9 	bl	10004358 <vTaskDelay>
100003a6:	e7c5      	b.n	10000334 <task_print+0x14>
100003a8:	2000133c 	.word	0x2000133c
100003ac:	20001270 	.word	0x20001270
100003b0:	10624dd3 	.word	0x10624dd3
100003b4:	10005fd0 	.word	0x10005fd0
100003b8:	10005fe0 	.word	0x10005fe0

100003bc <main>:
100003bc:	2400      	movs	r4, #0
100003be:	2503      	movs	r5, #3
100003c0:	b500      	push	{lr}
100003c2:	b083      	sub	sp, #12
100003c4:	f002 fd0e 	bl	10002de4 <stdio_init_all>
100003c8:	e9cd 5400 	strd	r5, r4, [sp]
100003cc:	2501      	movs	r5, #1
100003ce:	f44f 7280 	mov.w	r2, #256	@ 0x100
100003d2:	4623      	mov	r3, r4
100003d4:	490c      	ldr	r1, [pc, #48]	@ (10000408 <main+0x4c>)
100003d6:	480d      	ldr	r0, [pc, #52]	@ (1000040c <main+0x50>)
100003d8:	f003 fdb6 	bl	10003f48 <xTaskCreate>
100003dc:	f44f 7280 	mov.w	r2, #256	@ 0x100
100003e0:	4623      	mov	r3, r4
100003e2:	490b      	ldr	r1, [pc, #44]	@ (10000410 <main+0x54>)
100003e4:	e9cd 5400 	strd	r5, r4, [sp]
100003e8:	480a      	ldr	r0, [pc, #40]	@ (10000414 <main+0x58>)
100003ea:	f003 fdad 	bl	10003f48 <xTaskCreate>
100003ee:	f44f 7280 	mov.w	r2, #256	@ 0x100
100003f2:	4623      	mov	r3, r4
100003f4:	4908      	ldr	r1, [pc, #32]	@ (10000418 <main+0x5c>)
100003f6:	e9cd 5400 	strd	r5, r4, [sp]
100003fa:	4808      	ldr	r0, [pc, #32]	@ (1000041c <main+0x60>)
100003fc:	f003 fda4 	bl	10003f48 <xTaskCreate>
10000400:	f003 fe82 	bl	10004108 <vTaskStartScheduler>
10000404:	e7fe      	b.n	10000404 <main+0x48>
10000406:	bf00      	nop
10000408:	10005ff0 	.word	0x10005ff0
1000040c:	1000023d 	.word	0x1000023d
10000410:	10006000 	.word	0x10006000
10000414:	100002bd 	.word	0x100002bd
10000418:	10006008 	.word	0x10006008
1000041c:	10000321 	.word	0x10000321

10000420 <gpio_set_function>:
10000420:	b410      	push	{r4}
10000422:	f44f 7480 	mov.w	r4, #256	@ 0x100
10000426:	4b0c      	ldr	r3, [pc, #48]	@ (10000458 <gpio_set_function+0x38>)
10000428:	f853 2020 	ldr.w	r2, [r3, r0, lsl #2]
1000042c:	eb03 0380 	add.w	r3, r3, r0, lsl #2
10000430:	00c0      	lsls	r0, r0, #3
10000432:	f082 0240 	eor.w	r2, r2, #64	@ 0x40
10000436:	f100 4080 	add.w	r0, r0, #1073741824	@ 0x40000000
1000043a:	f503 5c80 	add.w	ip, r3, #4096	@ 0x1000
1000043e:	f002 02c0 	and.w	r2, r2, #192	@ 0xc0
10000442:	f500 3020 	add.w	r0, r0, #163840	@ 0x28000
10000446:	f503 5340 	add.w	r3, r3, #12288	@ 0x3000
1000044a:	f8cc 2000 	str.w	r2, [ip]
1000044e:	6041      	str	r1, [r0, #4]
10000450:	601c      	str	r4, [r3, #0]
10000452:	f85d 4b04 	ldr.w	r4, [sp], #4
10000456:	4770      	bx	lr
10000458:	40038004 	.word	0x40038004

1000045c <gpio_set_pulls>:
1000045c:	b410      	push	{r4}
1000045e:	4c08      	ldr	r4, [pc, #32]	@ (10000480 <gpio_set_pulls+0x24>)
10000460:	00c9      	lsls	r1, r1, #3
10000462:	ea41 0182 	orr.w	r1, r1, r2, lsl #2
10000466:	f854 2020 	ldr.w	r2, [r4, r0, lsl #2]
1000046a:	eb04 0380 	add.w	r3, r4, r0, lsl #2
1000046e:	4051      	eors	r1, r2
10000470:	f503 5380 	add.w	r3, r3, #4096	@ 0x1000
10000474:	f001 010c 	and.w	r1, r1, #12
10000478:	f85d 4b04 	ldr.w	r4, [sp], #4
1000047c:	6019      	str	r1, [r3, #0]
1000047e:	4770      	bx	lr
10000480:	40038004 	.word	0x40038004

10000484 <panic>:
10000484:	b40f      	push	{r0, r1, r2, r3}
10000486:	b500      	push	{lr}
10000488:	b083      	sub	sp, #12
1000048a:	9c04      	ldr	r4, [sp, #16]
1000048c:	4807      	ldr	r0, [pc, #28]	@ (100004ac <panic+0x28>)
1000048e:	f002 fced 	bl	10002e6c <__wrap_puts>
10000492:	b13c      	cbz	r4, 100004a4 <panic+0x20>
10000494:	a905      	add	r1, sp, #20
10000496:	4620      	mov	r0, r4
10000498:	9101      	str	r1, [sp, #4]
1000049a:	f002 fb8b 	bl	10002bb4 <weak_raw_vprintf>
1000049e:	4804      	ldr	r0, [pc, #16]	@ (100004b0 <panic+0x2c>)
100004a0:	f002 fce4 	bl	10002e6c <__wrap_puts>
100004a4:	2001      	movs	r0, #1
100004a6:	f002 fb9d 	bl	10002be4 <_exit>
100004aa:	bf00      	nop
100004ac:	10006010 	.word	0x10006010
100004b0:	10006020 	.word	0x10006020

100004b4 <hw_claim_or_assert>:
100004b4:	b570      	push	{r4, r5, r6, lr}
100004b6:	4686      	mov	lr, r0
100004b8:	f3ef 8510 	mrs	r5, PRIMASK
100004bc:	b672      	cpsid	i
100004be:	4c12      	ldr	r4, [pc, #72]	@ (10000508 <hw_claim_or_assert+0x54>)
100004c0:	e8d4 6fcf 	ldaexb	r6, [r4]
100004c4:	2001      	movs	r0, #1
100004c6:	2e00      	cmp	r6, #0
100004c8:	d1fa      	bne.n	100004c0 <hw_claim_or_assert+0xc>
100004ca:	e8c4 0f46 	strexb	r6, r0, [r4]
100004ce:	2e00      	cmp	r6, #0
100004d0:	d1f6      	bne.n	100004c0 <hw_claim_or_assert+0xc>
100004d2:	f3bf 8f5f 	dmb	sy
100004d6:	f04f 0c01 	mov.w	ip, #1
100004da:	08c8      	lsrs	r0, r1, #3
100004dc:	f001 0307 	and.w	r3, r1, #7
100004e0:	fa0c f303 	lsl.w	r3, ip, r3
100004e4:	f81e c000 	ldrb.w	ip, [lr, r0]
100004e8:	ea1c 0603 	ands.w	r6, ip, r3
100004ec:	d108      	bne.n	10000500 <hw_claim_or_assert+0x4c>
100004ee:	ea4c 0c03 	orr.w	ip, ip, r3
100004f2:	f80e c000 	strb.w	ip, [lr, r0]
100004f6:	e8c4 6f8f 	stlb	r6, [r4]
100004fa:	f385 8810 	msr	PRIMASK, r5
100004fe:	bd70      	pop	{r4, r5, r6, pc}
10000500:	4610      	mov	r0, r2
10000502:	f7ff ffbf 	bl	10000484 <panic>
10000506:	bf00      	nop
10000508:	200011fb 	.word	0x200011fb

1000050c <next_striped_spin_lock_num>:
1000050c:	4a04      	ldr	r2, [pc, #16]	@ (10000520 <next_striped_spin_lock_num+0x14>)
1000050e:	7810      	ldrb	r0, [r2, #0]
10000510:	1c43      	adds	r3, r0, #1
10000512:	b2db      	uxtb	r3, r3
10000514:	2b18      	cmp	r3, #24
10000516:	bf28      	it	cs
10000518:	2310      	movcs	r3, #16
1000051a:	7013      	strb	r3, [r2, #0]
1000051c:	4770      	bx	lr
1000051e:	bf00      	nop
10000520:	20000920 	.word	0x20000920

10000524 <spinlock_set_extexclall>:
10000524:	f04f 22e0 	mov.w	r2, #3758153728	@ 0xe000e000
10000528:	6893      	ldr	r3, [r2, #8]
1000052a:	f043 5300 	orr.w	r3, r3, #536870912	@ 0x20000000
1000052e:	6093      	str	r3, [r2, #8]
10000530:	4770      	bx	lr
10000532:	bf00      	nop

10000534 <spin_locks_reset>:
10000534:	2100      	movs	r1, #0
10000536:	4b04      	ldr	r3, [pc, #16]	@ (10000548 <spin_locks_reset+0x14>)
10000538:	f103 0220 	add.w	r2, r3, #32
1000053c:	e8c3 1f8f 	stlb	r1, [r3]
10000540:	3301      	adds	r3, #1
10000542:	4293      	cmp	r3, r2
10000544:	d1fa      	bne.n	1000053c <spin_locks_reset+0x8>
10000546:	4770      	bx	lr
10000548:	200011f0 	.word	0x200011f0

1000054c <runtime_init_per_core_irq_priorities>:
1000054c:	f04f 23e0 	mov.w	r3, #3758153728	@ 0xe000e000
10000550:	f04f 3280 	mov.w	r2, #2155905152	@ 0x80808080
10000554:	f8c3 2400 	str.w	r2, [r3, #1024]	@ 0x400
10000558:	f8c3 2404 	str.w	r2, [r3, #1028]	@ 0x404
1000055c:	f8c3 2408 	str.w	r2, [r3, #1032]	@ 0x408
10000560:	f8c3 240c 	str.w	r2, [r3, #1036]	@ 0x40c
10000564:	f8c3 2410 	str.w	r2, [r3, #1040]	@ 0x410
10000568:	f8c3 2414 	str.w	r2, [r3, #1044]	@ 0x414
1000056c:	f8c3 2418 	str.w	r2, [r3, #1048]	@ 0x418
10000570:	f8c3 241c 	str.w	r2, [r3, #1052]	@ 0x41c
10000574:	f8c3 2420 	str.w	r2, [r3, #1056]	@ 0x420
10000578:	f8c3 2424 	str.w	r2, [r3, #1060]	@ 0x424
1000057c:	f8c3 2428 	str.w	r2, [r3, #1064]	@ 0x428
10000580:	f8c3 242c 	str.w	r2, [r3, #1068]	@ 0x42c
10000584:	f8c3 2430 	str.w	r2, [r3, #1072]	@ 0x430
10000588:	4770      	bx	lr
1000058a:	bf00      	nop

1000058c <irq_set_enabled>:
1000058c:	2301      	movs	r3, #1
1000058e:	f000 021f 	and.w	r2, r0, #31
10000592:	4093      	lsls	r3, r2
10000594:	0940      	lsrs	r0, r0, #5
10000596:	b141      	cbz	r1, 100005aa <irq_set_enabled+0x1e>
10000598:	0080      	lsls	r0, r0, #2
1000059a:	f100 4060 	add.w	r0, r0, #3758096384	@ 0xe0000000
1000059e:	f500 4061 	add.w	r0, r0, #57600	@ 0xe100
100005a2:	f8c0 3180 	str.w	r3, [r0, #384]	@ 0x180
100005a6:	6003      	str	r3, [r0, #0]
100005a8:	4770      	bx	lr
100005aa:	4a02      	ldr	r2, [pc, #8]	@ (100005b4 <irq_set_enabled+0x28>)
100005ac:	3020      	adds	r0, #32
100005ae:	f842 3020 	str.w	r3, [r2, r0, lsl #2]
100005b2:	4770      	bx	lr
100005b4:	e000e100 	.word	0xe000e100

100005b8 <irq_set_exclusive_handler>:
100005b8:	b5f8      	push	{r3, r4, r5, r6, r7, lr}
100005ba:	460d      	mov	r5, r1
100005bc:	f3ef 8710 	mrs	r7, PRIMASK
100005c0:	b672      	cpsid	i
100005c2:	4e12      	ldr	r6, [pc, #72]	@ (1000060c <irq_set_exclusive_handler+0x54>)
100005c4:	e8d6 2fcf 	ldaexb	r2, [r6]
100005c8:	2301      	movs	r3, #1
100005ca:	2a00      	cmp	r2, #0
100005cc:	d1fa      	bne.n	100005c4 <irq_set_exclusive_handler+0xc>
100005ce:	e8c6 3f42 	strexb	r2, r3, [r6]
100005d2:	2a00      	cmp	r2, #0
100005d4:	d1f6      	bne.n	100005c4 <irq_set_exclusive_handler+0xc>
100005d6:	f3bf 8f5f 	dmb	sy
100005da:	4b0d      	ldr	r3, [pc, #52]	@ (10000610 <irq_set_exclusive_handler+0x58>)
100005dc:	f100 0410 	add.w	r4, r0, #16
100005e0:	689b      	ldr	r3, [r3, #8]
100005e2:	4a0c      	ldr	r2, [pc, #48]	@ (10000614 <irq_set_exclusive_handler+0x5c>)
100005e4:	f853 3024 	ldr.w	r3, [r3, r4, lsl #2]
100005e8:	4293      	cmp	r3, r2
100005ea:	d003      	beq.n	100005f4 <irq_set_exclusive_handler+0x3c>
100005ec:	4299      	cmp	r1, r3
100005ee:	d001      	beq.n	100005f4 <irq_set_exclusive_handler+0x3c>
100005f0:	f000 fd04 	bl	10000ffc <hard_assertion_failure>
100005f4:	4b06      	ldr	r3, [pc, #24]	@ (10000610 <irq_set_exclusive_handler+0x58>)
100005f6:	689b      	ldr	r3, [r3, #8]
100005f8:	f843 5024 	str.w	r5, [r3, r4, lsl #2]
100005fc:	f3bf 8f5f 	dmb	sy
10000600:	2300      	movs	r3, #0
10000602:	e8c6 3f8f 	stlb	r3, [r6]
10000606:	f387 8810 	msr	PRIMASK, r7
1000060a:	bdf8      	pop	{r3, r4, r5, r6, r7, pc}
1000060c:	200011f9 	.word	0x200011f9
10000610:	e000ed00 	.word	0xe000ed00
10000614:	1000011d 	.word	0x1000011d

10000618 <lock_init>:
10000618:	4b01      	ldr	r3, [pc, #4]	@ (10000620 <lock_init+0x8>)
1000061a:	440b      	add	r3, r1
1000061c:	6003      	str	r3, [r0, #0]
1000061e:	4770      	bx	lr
10000620:	200011f0 	.word	0x200011f0

10000624 <runtime_init_mutex>:
10000624:	b570      	push	{r4, r5, r6, lr}
10000626:	4c10      	ldr	r4, [pc, #64]	@ (10000668 <runtime_init_mutex+0x44>)
10000628:	4d10      	ldr	r5, [pc, #64]	@ (1000066c <runtime_init_mutex+0x48>)
1000062a:	42ac      	cmp	r4, r5
1000062c:	d20e      	bcs.n	1000064c <runtime_init_mutex+0x28>
1000062e:	26ff      	movs	r6, #255	@ 0xff
10000630:	6823      	ldr	r3, [r4, #0]
10000632:	b163      	cbz	r3, 1000064e <runtime_init_mutex+0x2a>
10000634:	f7ff ff6a 	bl	1000050c <next_striped_spin_lock_num>
10000638:	4601      	mov	r1, r0
1000063a:	4620      	mov	r0, r4
1000063c:	f7ff ffec 	bl	10000618 <lock_init>
10000640:	80a6      	strh	r6, [r4, #4]
10000642:	f3bf 8f5f 	dmb	sy
10000646:	3408      	adds	r4, #8
10000648:	42ac      	cmp	r4, r5
1000064a:	d3f1      	bcc.n	10000630 <runtime_init_mutex+0xc>
1000064c:	bd70      	pop	{r4, r5, r6, pc}
1000064e:	f7ff ff5d 	bl	1000050c <next_striped_spin_lock_num>
10000652:	4601      	mov	r1, r0
10000654:	4620      	mov	r0, r4
10000656:	f7ff ffdf 	bl	10000618 <lock_init>
1000065a:	7126      	strb	r6, [r4, #4]
1000065c:	f3bf 8f5f 	dmb	sy
10000660:	3408      	adds	r4, #8
10000662:	42ac      	cmp	r4, r5
10000664:	d3e4      	bcc.n	10000630 <runtime_init_mutex+0xc>
10000666:	bd70      	pop	{r4, r5, r6, pc}
10000668:	20000ea8 	.word	0x20000ea8
1000066c:	20000eb0 	.word	0x20000eb0

10000670 <sleep_until_callback>:
10000670:	4b0d      	ldr	r3, [pc, #52]	@ (100006a8 <sleep_until_callback+0x38>)
10000672:	681a      	ldr	r2, [r3, #0]
10000674:	f3ef 8110 	mrs	r1, PRIMASK
10000678:	b672      	cpsid	i
1000067a:	e8d2 cfcf 	ldaexb	ip, [r2]
1000067e:	2001      	movs	r0, #1
10000680:	f1bc 0f00 	cmp.w	ip, #0
10000684:	d1f9      	bne.n	1000067a <sleep_until_callback+0xa>
10000686:	e8c2 0f4c 	strexb	ip, r0, [r2]
1000068a:	f1bc 0f00 	cmp.w	ip, #0
1000068e:	d1f4      	bne.n	1000067a <sleep_until_callback+0xa>
10000690:	f3bf 8f5f 	dmb	sy
10000694:	2200      	movs	r2, #0
10000696:	681b      	ldr	r3, [r3, #0]
10000698:	e8c3 2f8f 	stlb	r2, [r3]
1000069c:	f381 8810 	msr	PRIMASK, r1
100006a0:	bf40      	sev
100006a2:	2000      	movs	r0, #0
100006a4:	2100      	movs	r1, #0
100006a6:	4770      	bx	lr
100006a8:	20001340 	.word	0x20001340
100006ac:	00000000 	.word	0x00000000

100006b0 <alarm_pool_irq_handler>:
100006b0:	e92d 4ff0 	stmdb	sp!, {r4, r5, r6, r7, r8, r9, sl, fp, lr}
100006b4:	ed2d 8b02 	vpush	{d8}
100006b8:	b085      	sub	sp, #20
100006ba:	f3ef 8305 	mrs	r3, IPSR
100006be:	b2db      	uxtb	r3, r3
100006c0:	3b10      	subs	r3, #16
100006c2:	089a      	lsrs	r2, r3, #2
100006c4:	bf18      	it	ne
100006c6:	2201      	movne	r2, #1
100006c8:	f04f 0101 	mov.w	r1, #1
100006cc:	f003 0b03 	and.w	fp, r3, #3
100006d0:	bf18      	it	ne
100006d2:	4daf      	ldrne	r5, [pc, #700]	@ (10000990 <alarm_pool_irq_handler+0x2e0>)
100006d4:	4baf      	ldr	r3, [pc, #700]	@ (10000994 <alarm_pool_irq_handler+0x2e4>)
100006d6:	bf08      	it	eq
100006d8:	4daf      	ldreq	r5, [pc, #700]	@ (10000998 <alarm_pool_irq_handler+0x2e8>)
100006da:	eb0b 0282 	add.w	r2, fp, r2, lsl #2
100006de:	f853 6022 	ldr.w	r6, [r3, r2, lsl #2]
100006e2:	fa01 f20b 	lsl.w	r2, r1, fp
100006e6:	f505 5341 	add.w	r3, r5, #12352	@ 0x3040
100006ea:	ed9f 8ba7 	vldr	d8, [pc, #668]	@ 10000988 <alarm_pool_irq_handler+0x2d8>
100006ee:	9201      	str	r2, [sp, #4]
100006f0:	605a      	str	r2, [r3, #4]
100006f2:	e02f      	b.n	10000754 <alarm_pool_irq_handler+0xa4>
100006f4:	88b3      	ldrh	r3, [r6, #4]
100006f6:	041c      	lsls	r4, r3, #16
100006f8:	f140 8093 	bpl.w	10000822 <alarm_pool_irq_handler+0x172>
100006fc:	79b3      	ldrb	r3, [r6, #6]
100006fe:	2b00      	cmp	r3, #0
10000700:	f040 80dd 	bne.w	100008be <alarm_pool_irq_handler+0x20e>
10000704:	f9b6 2008 	ldrsh.w	r2, [r6, #8]
10000708:	2a00      	cmp	r2, #0
1000070a:	f2c0 811e 	blt.w	1000094a <alarm_pool_irq_handler+0x29a>
1000070e:	6973      	ldr	r3, [r6, #20]
10000710:	eb02 0242 	add.w	r2, r2, r2, lsl #1
10000714:	eb03 03c2 	add.w	r3, r3, r2, lsl #3
10000718:	e9d3 4702 	ldrd	r4, r7, [r3, #8]
1000071c:	f1b7 3fff 	cmp.w	r7, #4294967295
10000720:	bf08      	it	eq
10000722:	f1b4 3fff 	cmpeq.w	r4, #4294967295
10000726:	d00e      	beq.n	10000746 <alarm_pool_irq_handler+0x96>
10000728:	eb05 018b 	add.w	r1, r5, fp, lsl #2
1000072c:	6aab      	ldr	r3, [r5, #40]	@ 0x28
1000072e:	690a      	ldr	r2, [r1, #16]
10000730:	1ad2      	subs	r2, r2, r3
10000732:	1ae3      	subs	r3, r4, r3
10000734:	4293      	cmp	r3, r2
10000736:	d305      	bcc.n	10000744 <alarm_pool_irq_handler+0x94>
10000738:	2301      	movs	r3, #1
1000073a:	6a2a      	ldr	r2, [r5, #32]
1000073c:	fa03 f30b 	lsl.w	r3, r3, fp
10000740:	4213      	tst	r3, r2
10000742:	d100      	bne.n	10000746 <alarm_pool_irq_handler+0x96>
10000744:	610c      	str	r4, [r1, #16]
10000746:	4628      	mov	r0, r5
10000748:	f000 fb36 	bl	10000db8 <timer_time_us_64>
1000074c:	42a0      	cmp	r0, r4
1000074e:	41b9      	sbcs	r1, r7
10000750:	f2c0 80fb 	blt.w	1000094a <alarm_pool_irq_handler+0x29a>
10000754:	f9b6 3008 	ldrsh.w	r3, [r6, #8]
10000758:	9a01      	ldr	r2, [sp, #4]
1000075a:	2b00      	cmp	r3, #0
1000075c:	9300      	str	r3, [sp, #0]
1000075e:	63ea      	str	r2, [r5, #60]	@ 0x3c
10000760:	dbc8      	blt.n	100006f4 <alarm_pool_irq_handler+0x44>
10000762:	f8d6 8014 	ldr.w	r8, [r6, #20]
10000766:	eb03 0943 	add.w	r9, r3, r3, lsl #1
1000076a:	4628      	mov	r0, r5
1000076c:	eb08 07c9 	add.w	r7, r8, r9, lsl #3
10000770:	e9d7 4a02 	ldrd	r4, sl, [r7, #8]
10000774:	f000 fb20 	bl	10000db8 <timer_time_us_64>
10000778:	42a0      	cmp	r0, r4
1000077a:	eb71 010a 	sbcs.w	r1, r1, sl
1000077e:	dbb9      	blt.n	100006f4 <alarm_pool_irq_handler+0x44>
10000780:	f1ba 0f00 	cmp.w	sl, #0
10000784:	f2c0 80c3 	blt.w	1000090e <alarm_pool_irq_handler+0x25e>
10000788:	e9d7 3104 	ldrd	r3, r1, [r7, #16]
1000078c:	4a83      	ldr	r2, [pc, #524]	@ (1000099c <alarm_pool_irq_handler+0x2ec>)
1000078e:	4293      	cmp	r3, r2
10000790:	f000 80ed 	beq.w	1000096e <alarm_pool_irq_handler+0x2be>
10000794:	887a      	ldrh	r2, [r7, #2]
10000796:	f9b6 0008 	ldrsh.w	r0, [r6, #8]
1000079a:	b292      	uxth	r2, r2
1000079c:	ea42 4000 	orr.w	r0, r2, r0, lsl #16
100007a0:	4798      	blx	r3
100007a2:	4602      	mov	r2, r0
100007a4:	460b      	mov	r3, r1
100007a6:	ea52 0103 	orrs.w	r1, r2, r3
100007aa:	f000 80b0 	beq.w	1000090e <alarm_pool_irq_handler+0x25e>
100007ae:	2b00      	cmp	r3, #0
100007b0:	f280 80d1 	bge.w	10000956 <alarm_pool_irq_handler+0x2a6>
100007b4:	ebb4 0e02 	subs.w	lr, r4, r2
100007b8:	eb6a 0a03 	sbc.w	sl, sl, r3
100007bc:	f938 3039 	ldrsh.w	r3, [r8, r9, lsl #3]
100007c0:	e9c7 ea02 	strd	lr, sl, [r7, #8]
100007c4:	2b00      	cmp	r3, #0
100007c6:	db95      	blt.n	100006f4 <alarm_pool_irq_handler+0x44>
100007c8:	6971      	ldr	r1, [r6, #20]
100007ca:	eb03 0243 	add.w	r2, r3, r3, lsl #1
100007ce:	eb01 02c2 	add.w	r2, r1, r2, lsl #3
100007d2:	e9d2 7002 	ldrd	r7, r0, [r2, #8]
100007d6:	45be      	cmp	lr, r7
100007d8:	eb7a 0c00 	sbcs.w	ip, sl, r0
100007dc:	ea4f 0243 	mov.w	r2, r3, lsl #1
100007e0:	db88      	blt.n	100006f4 <alarm_pool_irq_handler+0x44>
100007e2:	46b4      	mov	ip, r6
100007e4:	f82c 3f08 	strh.w	r3, [ip, #8]!
100007e8:	e006      	b.n	100007f8 <alarm_pool_irq_handler+0x148>
100007ea:	eb03 0043 	add.w	r0, r3, r3, lsl #1
100007ee:	eb01 00c0 	add.w	r0, r1, r0, lsl #3
100007f2:	005a      	lsls	r2, r3, #1
100007f4:	e9d0 7002 	ldrd	r7, r0, [r0, #8]
100007f8:	45be      	cmp	lr, r7
100007fa:	441a      	add	r2, r3
100007fc:	eb7a 0000 	sbcs.w	r0, sl, r0
10000800:	eb01 04c2 	add.w	r4, r1, r2, lsl #3
10000804:	db04      	blt.n	10000810 <alarm_pool_irq_handler+0x160>
10000806:	f931 3032 	ldrsh.w	r3, [r1, r2, lsl #3]
1000080a:	46a4      	mov	ip, r4
1000080c:	2b00      	cmp	r3, #0
1000080e:	daec      	bge.n	100007ea <alarm_pool_irq_handler+0x13a>
10000810:	f828 3039 	strh.w	r3, [r8, r9, lsl #3]
10000814:	9b00      	ldr	r3, [sp, #0]
10000816:	f8ac 3000 	strh.w	r3, [ip]
1000081a:	88b3      	ldrh	r3, [r6, #4]
1000081c:	041c      	lsls	r4, r3, #16
1000081e:	f53f af6d 	bmi.w	100006fc <alarm_pool_irq_handler+0x4c>
10000822:	6933      	ldr	r3, [r6, #16]
10000824:	f3ef 8210 	mrs	r2, PRIMASK
10000828:	b672      	cpsid	i
1000082a:	e8d3 0fcf 	ldaexb	r0, [r3]
1000082e:	2101      	movs	r1, #1
10000830:	2800      	cmp	r0, #0
10000832:	d1fa      	bne.n	1000082a <alarm_pool_irq_handler+0x17a>
10000834:	e8c3 1f40 	strexb	r0, r1, [r3]
10000838:	2800      	cmp	r0, #0
1000083a:	d1f6      	bne.n	1000082a <alarm_pool_irq_handler+0x17a>
1000083c:	f3bf 8f5f 	dmb	sy
10000840:	f64f 74ff 	movw	r4, #65535	@ 0xffff
10000844:	88b0      	ldrh	r0, [r6, #4]
10000846:	2300      	movs	r3, #0
10000848:	6931      	ldr	r1, [r6, #16]
1000084a:	b200      	sxth	r0, r0
1000084c:	80b4      	strh	r4, [r6, #4]
1000084e:	e8c1 3f8f 	stlb	r3, [r1]
10000852:	f382 8810 	msr	PRIMASK, r2
10000856:	4298      	cmp	r0, r3
10000858:	f6ff af50 	blt.w	100006fc <alarm_pool_irq_handler+0x4c>
1000085c:	4607      	mov	r7, r0
1000085e:	46a9      	mov	r9, r5
10000860:	6974      	ldr	r4, [r6, #20]
10000862:	f106 0808 	add.w	r8, r6, #8
10000866:	eb07 0e47 	add.w	lr, r7, r7, lsl #1
1000086a:	eb04 03ce 	add.w	r3, r4, lr, lsl #3
1000086e:	e9d3 5002 	ldrd	r5, r0, [r3, #8]
10000872:	f9b6 3008 	ldrsh.w	r3, [r6, #8]
10000876:	46c4      	mov	ip, r8
10000878:	2b00      	cmp	r3, #0
1000087a:	db13      	blt.n	100008a4 <alarm_pool_irq_handler+0x1f4>
1000087c:	46b2      	mov	sl, r6
1000087e:	9700      	str	r7, [sp, #0]
10000880:	e004      	b.n	1000088c <alarm_pool_irq_handler+0x1dc>
10000882:	f934 3036 	ldrsh.w	r3, [r4, r6, lsl #3]
10000886:	4694      	mov	ip, r2
10000888:	2b00      	cmp	r3, #0
1000088a:	db09      	blt.n	100008a0 <alarm_pool_irq_handler+0x1f0>
1000088c:	eb03 0643 	add.w	r6, r3, r3, lsl #1
10000890:	eb04 02c6 	add.w	r2, r4, r6, lsl #3
10000894:	e9d2 7102 	ldrd	r7, r1, [r2, #8]
10000898:	42bd      	cmp	r5, r7
1000089a:	eb70 0101 	sbcs.w	r1, r0, r1
1000089e:	daf0      	bge.n	10000882 <alarm_pool_irq_handler+0x1d2>
100008a0:	4656      	mov	r6, sl
100008a2:	9f00      	ldr	r7, [sp, #0]
100008a4:	f8ac 7000 	strh.w	r7, [ip]
100008a8:	f934 703e 	ldrsh.w	r7, [r4, lr, lsl #3]
100008ac:	f824 303e 	strh.w	r3, [r4, lr, lsl #3]
100008b0:	2f00      	cmp	r7, #0
100008b2:	dad8      	bge.n	10000866 <alarm_pool_irq_handler+0x1b6>
100008b4:	79b3      	ldrb	r3, [r6, #6]
100008b6:	464d      	mov	r5, r9
100008b8:	2b00      	cmp	r3, #0
100008ba:	f43f af23 	beq.w	10000704 <alarm_pool_irq_handler+0x54>
100008be:	2300      	movs	r3, #0
100008c0:	71b3      	strb	r3, [r6, #6]
100008c2:	f9b6 3008 	ldrsh.w	r3, [r6, #8]
100008c6:	f106 0808 	add.w	r8, r6, #8
100008ca:	1c58      	adds	r0, r3, #1
100008cc:	d03d      	beq.n	1000094a <alarm_pool_irq_handler+0x29a>
100008ce:	461a      	mov	r2, r3
100008d0:	6977      	ldr	r7, [r6, #20]
100008d2:	e003      	b.n	100008dc <alarm_pool_irq_handler+0x22c>
100008d4:	4680      	mov	r8, r0
100008d6:	1c59      	adds	r1, r3, #1
100008d8:	f43f af16 	beq.w	10000708 <alarm_pool_irq_handler+0x58>
100008dc:	eb03 0143 	add.w	r1, r3, r3, lsl #1
100008e0:	eb07 00c1 	add.w	r0, r7, r1, lsl #3
100008e4:	f8b0 c002 	ldrh.w	ip, [r0, #2]
100008e8:	461c      	mov	r4, r3
100008ea:	f41c 4f00 	tst.w	ip, #32768	@ 0x8000
100008ee:	469e      	mov	lr, r3
100008f0:	f937 3031 	ldrsh.w	r3, [r7, r1, lsl #3]
100008f4:	d0ee      	beq.n	100008d4 <alarm_pool_irq_handler+0x224>
100008f6:	4294      	cmp	r4, r2
100008f8:	ed80 8b02 	vstr	d8, [r0, #8]
100008fc:	d005      	beq.n	1000090a <alarm_pool_irq_handler+0x25a>
100008fe:	f8a8 3000 	strh.w	r3, [r8]
10000902:	8932      	ldrh	r2, [r6, #8]
10000904:	f827 2031 	strh.w	r2, [r7, r1, lsl #3]
10000908:	8134      	strh	r4, [r6, #8]
1000090a:	4672      	mov	r2, lr
1000090c:	e7e3      	b.n	100008d6 <alarm_pool_irq_handler+0x226>
1000090e:	f838 3039 	ldrh.w	r3, [r8, r9, lsl #3]
10000912:	8133      	strh	r3, [r6, #8]
10000914:	6933      	ldr	r3, [r6, #16]
10000916:	f3ef 8210 	mrs	r2, PRIMASK
1000091a:	b672      	cpsid	i
1000091c:	e8d3 0fcf 	ldaexb	r0, [r3]
10000920:	2101      	movs	r1, #1
10000922:	2800      	cmp	r0, #0
10000924:	d1fa      	bne.n	1000091c <alarm_pool_irq_handler+0x26c>
10000926:	e8c3 1f40 	strexb	r0, r1, [r3]
1000092a:	2800      	cmp	r0, #0
1000092c:	d1f6      	bne.n	1000091c <alarm_pool_irq_handler+0x26c>
1000092e:	f3bf 8f5f 	dmb	sy
10000932:	8873      	ldrh	r3, [r6, #2]
10000934:	6931      	ldr	r1, [r6, #16]
10000936:	f828 3039 	strh.w	r3, [r8, r9, lsl #3]
1000093a:	9b00      	ldr	r3, [sp, #0]
1000093c:	8073      	strh	r3, [r6, #2]
1000093e:	2300      	movs	r3, #0
10000940:	e8c1 3f8f 	stlb	r3, [r1]
10000944:	f382 8810 	msr	PRIMASK, r2
10000948:	e6d4      	b.n	100006f4 <alarm_pool_irq_handler+0x44>
1000094a:	bf40      	sev
1000094c:	b005      	add	sp, #20
1000094e:	ecbd 8b02 	vpop	{d8}
10000952:	e8bd 8ff0 	ldmia.w	sp!, {r4, r5, r6, r7, r8, r9, sl, fp, pc}
10000956:	4628      	mov	r0, r5
10000958:	e9cd 2302 	strd	r2, r3, [sp, #8]
1000095c:	f000 fa2c 	bl	10000db8 <timer_time_us_64>
10000960:	9a02      	ldr	r2, [sp, #8]
10000962:	9b03      	ldr	r3, [sp, #12]
10000964:	eb10 0e02 	adds.w	lr, r0, r2
10000968:	eb43 0a01 	adc.w	sl, r3, r1
1000096c:	e726      	b.n	100007bc <alarm_pool_irq_handler+0x10c>
1000096e:	4608      	mov	r0, r1
10000970:	690b      	ldr	r3, [r1, #16]
10000972:	9102      	str	r1, [sp, #8]
10000974:	4798      	blx	r3
10000976:	2800      	cmp	r0, #0
10000978:	d0c9      	beq.n	1000090e <alarm_pool_irq_handler+0x25e>
1000097a:	9902      	ldr	r1, [sp, #8]
1000097c:	e9d1 2300 	ldrd	r2, r3, [r1]
10000980:	e711      	b.n	100007a6 <alarm_pool_irq_handler+0xf6>
10000982:	bf00      	nop
10000984:	f3af 8000 	nop.w
10000988:	ffffffff 	.word	0xffffffff
1000098c:	ffffffff 	.word	0xffffffff
10000990:	400b8000 	.word	0x400b8000
10000994:	2000128c 	.word	0x2000128c
10000998:	400b0000 	.word	0x400b0000
1000099c:	100006b1 	.word	0x100006b1

100009a0 <runtime_init_default_alarm_pool>:
100009a0:	e92d 4ff8 	stmdb	sp!, {r3, r4, r5, r6, r7, r8, r9, sl, fp, lr}
100009a4:	4c36      	ldr	r4, [pc, #216]	@ (10000a80 <runtime_init_default_alarm_pool+0xe0>)
100009a6:	6925      	ldr	r5, [r4, #16]
100009a8:	b12d      	cbz	r5, 100009b6 <runtime_init_default_alarm_pool+0x16>
100009aa:	e8bd 4ff8 	ldmia.w	sp!, {r3, r4, r5, r6, r7, r8, r9, sl, fp, lr}
100009ae:	210a      	movs	r1, #10
100009b0:	4834      	ldr	r0, [pc, #208]	@ (10000a84 <runtime_init_default_alarm_pool+0xe4>)
100009b2:	f7ff be31 	b.w	10000618 <lock_init>
100009b6:	f8df 80e4 	ldr.w	r8, [pc, #228]	@ 10000a9c <runtime_init_default_alarm_pool+0xfc>
100009ba:	2103      	movs	r1, #3
100009bc:	4640      	mov	r0, r8
100009be:	f000 f9e9 	bl	10000d94 <timer_hardware_alarm_claim>
100009c2:	2603      	movs	r6, #3
100009c4:	f8c4 800c 	str.w	r8, [r4, #12]
100009c8:	f7ff fda0 	bl	1000050c <next_striped_spin_lock_num>
100009cc:	f04f 4c50 	mov.w	ip, #3489660928	@ 0xd0000000
100009d0:	4b2d      	ldr	r3, [pc, #180]	@ (10000a88 <runtime_init_default_alarm_pool+0xe8>)
100009d2:	7026      	strb	r6, [r4, #0]
100009d4:	4403      	add	r3, r0
100009d6:	6123      	str	r3, [r4, #16]
100009d8:	f8dc 3000 	ldr.w	r3, [ip]
100009dc:	210f      	movs	r1, #15
100009de:	7063      	strb	r3, [r4, #1]
100009e0:	6963      	ldr	r3, [r4, #20]
100009e2:	8061      	strh	r1, [r4, #2]
100009e4:	831d      	strh	r5, [r3, #24]
100009e6:	f04f 0504 	mov.w	r5, #4
100009ea:	f8a3 5078 	strh.w	r5, [r3, #120]	@ 0x78
100009ee:	f04f 0505 	mov.w	r5, #5
100009f2:	f8a3 5090 	strh.w	r5, [r3, #144]	@ 0x90
100009f6:	f04f 0506 	mov.w	r5, #6
100009fa:	f8a3 50a8 	strh.w	r5, [r3, #168]	@ 0xa8
100009fe:	f04f 0507 	mov.w	r5, #7
10000a02:	210e      	movs	r1, #14
10000a04:	f64f 72ff 	movw	r2, #65535	@ 0xffff
10000a08:	2708      	movs	r7, #8
10000a0a:	f04f 0e0a 	mov.w	lr, #10
10000a0e:	f8a3 50c0 	strh.w	r5, [r3, #192]	@ 0xc0
10000a12:	f04f 0901 	mov.w	r9, #1
10000a16:	f04f 0c0c 	mov.w	ip, #12
10000a1a:	f04f 0b02 	mov.w	fp, #2
10000a1e:	f04f 0a09 	mov.w	sl, #9
10000a22:	200d      	movs	r0, #13
10000a24:	f04f 050b 	mov.w	r5, #11
10000a28:	f8a3 1168 	strh.w	r1, [r3, #360]	@ 0x168
10000a2c:	4917      	ldr	r1, [pc, #92]	@ (10000a8c <runtime_init_default_alarm_pool+0xec>)
10000a2e:	80a2      	strh	r2, [r4, #4]
10000a30:	f8a3 e108 	strh.w	lr, [r3, #264]	@ 0x108
10000a34:	60a1      	str	r1, [r4, #8]
10000a36:	f8a3 b048 	strh.w	fp, [r3, #72]	@ 0x48
10000a3a:	f8a3 a0f0 	strh.w	sl, [r3, #240]	@ 0xf0
10000a3e:	f8a3 5120 	strh.w	r5, [r3, #288]	@ 0x120
10000a42:	f8a3 c138 	strh.w	ip, [r3, #312]	@ 0x138
10000a46:	f8a3 0150 	strh.w	r0, [r3, #336]	@ 0x150
10000a4a:	f8a3 9030 	strh.w	r9, [r3, #48]	@ 0x30
10000a4e:	f8a3 6060 	strh.w	r6, [r3, #96]	@ 0x60
10000a52:	f8a3 70d8 	strh.w	r7, [r3, #216]	@ 0xd8
10000a56:	801a      	strh	r2, [r3, #0]
10000a58:	4b0d      	ldr	r3, [pc, #52]	@ (10000a90 <runtime_init_default_alarm_pool+0xf0>)
10000a5a:	4630      	mov	r0, r6
10000a5c:	f8c8 7020 	str.w	r7, [r8, #32]
10000a60:	490c      	ldr	r1, [pc, #48]	@ (10000a94 <runtime_init_default_alarm_pool+0xf4>)
10000a62:	60dc      	str	r4, [r3, #12]
10000a64:	f7ff fda8 	bl	100005b8 <irq_set_exclusive_handler>
10000a68:	4649      	mov	r1, r9
10000a6a:	4630      	mov	r0, r6
10000a6c:	f7ff fd8e 	bl	1000058c <irq_set_enabled>
10000a70:	4b09      	ldr	r3, [pc, #36]	@ (10000a98 <runtime_init_default_alarm_pool+0xf8>)
10000a72:	210a      	movs	r1, #10
10000a74:	641f      	str	r7, [r3, #64]	@ 0x40
10000a76:	4803      	ldr	r0, [pc, #12]	@ (10000a84 <runtime_init_default_alarm_pool+0xe4>)
10000a78:	e8bd 4ff8 	ldmia.w	sp!, {r3, r4, r5, r6, r7, r8, r9, sl, fp, lr}
10000a7c:	f7ff bdcc 	b.w	10000618 <lock_init>
10000a80:	20000924 	.word	0x20000924
10000a84:	20001340 	.word	0x20001340
10000a88:	200011f0 	.word	0x200011f0
10000a8c:	0010ffff 	.word	0x0010ffff
10000a90:	2000128c 	.word	0x2000128c
10000a94:	100006b1 	.word	0x100006b1
10000a98:	400b2000 	.word	0x400b2000
10000a9c:	400b0000 	.word	0x400b0000

10000aa0 <alarm_pool_add_alarm_at_force_in_context>:
10000aa0:	4601      	mov	r1, r0
10000aa2:	b5f0      	push	{r4, r5, r6, r7, lr}
10000aa4:	6900      	ldr	r0, [r0, #16]
10000aa6:	f3ef 8710 	mrs	r7, PRIMASK
10000aaa:	b672      	cpsid	i
10000aac:	e8d0 5fcf 	ldaexb	r5, [r0]
10000ab0:	2401      	movs	r4, #1
10000ab2:	2d00      	cmp	r5, #0
10000ab4:	d1fa      	bne.n	10000aac <alarm_pool_add_alarm_at_force_in_context+0xc>
10000ab6:	e8c0 4f45 	strexb	r5, r4, [r0]
10000aba:	2d00      	cmp	r5, #0
10000abc:	d1f6      	bne.n	10000aac <alarm_pool_add_alarm_at_force_in_context+0xc>
10000abe:	f3bf 8f5f 	dmb	sy
10000ac2:	f9b1 e002 	ldrsh.w	lr, [r1, #2]
10000ac6:	694c      	ldr	r4, [r1, #20]
10000ac8:	eb0e 0c4e 	add.w	ip, lr, lr, lsl #1
10000acc:	f1be 0f00 	cmp.w	lr, #0
10000ad0:	ea4f 05cc 	mov.w	r5, ip, lsl #3
10000ad4:	6908      	ldr	r0, [r1, #16]
10000ad6:	eb04 0ccc 	add.w	ip, r4, ip, lsl #3
10000ada:	db3c      	blt.n	10000b56 <alarm_pool_add_alarm_at_force_in_context+0xb6>
10000adc:	5b66      	ldrh	r6, [r4, r5]
10000ade:	804e      	strh	r6, [r1, #2]
10000ae0:	2600      	movs	r6, #0
10000ae2:	e8c0 6f8f 	stlb	r6, [r0]
10000ae6:	f387 8810 	msr	PRIMASK, r7
10000aea:	f8bc 0002 	ldrh.w	r0, [ip, #2]
10000aee:	e9cc 2302 	strd	r2, r3, [ip, #8]
10000af2:	3001      	adds	r0, #1
10000af4:	f3c0 000e 	ubfx	r0, r0, #0, #15
10000af8:	2801      	cmp	r0, #1
10000afa:	bf38      	it	cc
10000afc:	2001      	movcc	r0, #1
10000afe:	9b05      	ldr	r3, [sp, #20]
10000b00:	f8ac 0002 	strh.w	r0, [ip, #2]
10000b04:	f8cc 3010 	str.w	r3, [ip, #16]
10000b08:	9b06      	ldr	r3, [sp, #24]
10000b0a:	ea40 400e 	orr.w	r0, r0, lr, lsl #16
10000b0e:	f8cc 3014 	str.w	r3, [ip, #20]
10000b12:	690b      	ldr	r3, [r1, #16]
10000b14:	f3ef 8210 	mrs	r2, PRIMASK
10000b18:	b672      	cpsid	i
10000b1a:	e8d3 cfcf 	ldaexb	ip, [r3]
10000b1e:	2701      	movs	r7, #1
10000b20:	f1bc 0f00 	cmp.w	ip, #0
10000b24:	d1f9      	bne.n	10000b1a <alarm_pool_add_alarm_at_force_in_context+0x7a>
10000b26:	e8c3 7f4c 	strexb	ip, r7, [r3]
10000b2a:	f1bc 0f00 	cmp.w	ip, #0
10000b2e:	d1f4      	bne.n	10000b1a <alarm_pool_add_alarm_at_force_in_context+0x7a>
10000b30:	f3bf 8f5f 	dmb	sy
10000b34:	888b      	ldrh	r3, [r1, #4]
10000b36:	5363      	strh	r3, [r4, r5]
10000b38:	f8a1 e004 	strh.w	lr, [r1, #4]
10000b3c:	690b      	ldr	r3, [r1, #16]
10000b3e:	e8c3 6f8f 	stlb	r6, [r3]
10000b42:	f382 8810 	msr	PRIMASK, r2
10000b46:	2201      	movs	r2, #1
10000b48:	68cb      	ldr	r3, [r1, #12]
10000b4a:	7809      	ldrb	r1, [r1, #0]
10000b4c:	f503 5301 	add.w	r3, r3, #8256	@ 0x2040
10000b50:	408a      	lsls	r2, r1
10000b52:	605a      	str	r2, [r3, #4]
10000b54:	bdf0      	pop	{r4, r5, r6, r7, pc}
10000b56:	2300      	movs	r3, #0
10000b58:	e8c0 3f8f 	stlb	r3, [r0]
10000b5c:	f387 8810 	msr	PRIMASK, r7
10000b60:	f04f 30ff 	mov.w	r0, #4294967295
10000b64:	bdf0      	pop	{r4, r5, r6, r7, pc}
10000b66:	bf00      	nop

10000b68 <alarm_pool_cancel_alarm>:
10000b68:	4603      	mov	r3, r0
10000b6a:	8940      	ldrh	r0, [r0, #10]
10000b6c:	ebb0 4f21 	cmp.w	r0, r1, asr #16
10000b70:	dd37      	ble.n	10000be2 <alarm_pool_cancel_alarm+0x7a>
10000b72:	6958      	ldr	r0, [r3, #20]
10000b74:	140a      	asrs	r2, r1, #16
10000b76:	eb02 0242 	add.w	r2, r2, r2, lsl #1
10000b7a:	b510      	push	{r4, lr}
10000b7c:	eb00 00c2 	add.w	r0, r0, r2, lsl #3
10000b80:	691c      	ldr	r4, [r3, #16]
10000b82:	f3ef 8c10 	mrs	ip, PRIMASK
10000b86:	b672      	cpsid	i
10000b88:	e8d4 efcf 	ldaexb	lr, [r4]
10000b8c:	2201      	movs	r2, #1
10000b8e:	f1be 0f00 	cmp.w	lr, #0
10000b92:	d1f9      	bne.n	10000b88 <alarm_pool_cancel_alarm+0x20>
10000b94:	e8c4 2f4e 	strexb	lr, r2, [r4]
10000b98:	f1be 0f00 	cmp.w	lr, #0
10000b9c:	d1f4      	bne.n	10000b88 <alarm_pool_cancel_alarm+0x20>
10000b9e:	f3bf 8f5f 	dmb	sy
10000ba2:	8842      	ldrh	r2, [r0, #2]
10000ba4:	b289      	uxth	r1, r1
10000ba6:	b292      	uxth	r2, r2
10000ba8:	428a      	cmp	r2, r1
10000baa:	d007      	beq.n	10000bbc <alarm_pool_cancel_alarm+0x54>
10000bac:	2200      	movs	r2, #0
10000bae:	691b      	ldr	r3, [r3, #16]
10000bb0:	e8c3 2f8f 	stlb	r2, [r3]
10000bb4:	f38c 8810 	msr	PRIMASK, ip
10000bb8:	2000      	movs	r0, #0
10000bba:	bd10      	pop	{r4, pc}
10000bbc:	f442 4200 	orr.w	r2, r2, #32768	@ 0x8000
10000bc0:	8042      	strh	r2, [r0, #2]
10000bc2:	2101      	movs	r1, #1
10000bc4:	2200      	movs	r2, #0
10000bc6:	6918      	ldr	r0, [r3, #16]
10000bc8:	7199      	strb	r1, [r3, #6]
10000bca:	e8c0 2f8f 	stlb	r2, [r0]
10000bce:	f38c 8810 	msr	PRIMASK, ip
10000bd2:	781c      	ldrb	r4, [r3, #0]
10000bd4:	68da      	ldr	r2, [r3, #12]
10000bd6:	4608      	mov	r0, r1
10000bd8:	f502 5301 	add.w	r3, r2, #8256	@ 0x2040
10000bdc:	40a1      	lsls	r1, r4
10000bde:	6059      	str	r1, [r3, #4]
10000be0:	bd10      	pop	{r4, pc}
10000be2:	2000      	movs	r0, #0
10000be4:	4770      	bx	lr
10000be6:	bf00      	nop

10000be8 <sleep_us>:
10000be8:	e92d 41f0 	stmdb	sp!, {r4, r5, r6, r7, r8, lr}
10000bec:	b082      	sub	sp, #8
10000bee:	4604      	mov	r4, r0
10000bf0:	460e      	mov	r6, r1
10000bf2:	f000 f8e9 	bl	10000dc8 <time_us_64>
10000bf6:	f04f 32ff 	mov.w	r2, #4294967295
10000bfa:	f06f 4300 	mvn.w	r3, #2147483648	@ 0x80000000
10000bfe:	1824      	adds	r4, r4, r0
10000c00:	eb46 0601 	adc.w	r6, r6, r1
10000c04:	42a2      	cmp	r2, r4
10000c06:	eb73 0106 	sbcs.w	r1, r3, r6
10000c0a:	bf3c      	itt	cc
10000c0c:	4614      	movcc	r4, r2
10000c0e:	461e      	movcc	r6, r3
10000c10:	1fa5      	subs	r5, r4, #6
10000c12:	f146 37ff 	adc.w	r7, r6, #4294967295
10000c16:	42ac      	cmp	r4, r5
10000c18:	eb76 0307 	sbcs.w	r3, r6, r7
10000c1c:	bf3c      	itt	cc
10000c1e:	2500      	movcc	r5, #0
10000c20:	462f      	movcc	r7, r5
10000c22:	f000 f8d1 	bl	10000dc8 <time_us_64>
10000c26:	1a28      	subs	r0, r5, r0
10000c28:	eb67 0c01 	sbc.w	ip, r7, r1
10000c2c:	2801      	cmp	r0, #1
10000c2e:	f17c 0c00 	sbcs.w	ip, ip, #0
10000c32:	da06      	bge.n	10000c42 <sleep_us+0x5a>
10000c34:	4620      	mov	r0, r4
10000c36:	4631      	mov	r1, r6
10000c38:	b002      	add	sp, #8
10000c3a:	e8bd 41f0 	ldmia.w	sp!, {r4, r5, r6, r7, r8, lr}
10000c3e:	f000 b8cd 	b.w	10000ddc <busy_wait_until>
10000c42:	f000 f8c1 	bl	10000dc8 <time_us_64>
10000c46:	4285      	cmp	r5, r0
10000c48:	eb67 0101 	sbc.w	r1, r7, r1
10000c4c:	2900      	cmp	r1, #0
10000c4e:	db0a      	blt.n	10000c66 <sleep_us+0x7e>
10000c50:	2100      	movs	r1, #0
10000c52:	4b17      	ldr	r3, [pc, #92]	@ (10000cb0 <sleep_us+0xc8>)
10000c54:	462a      	mov	r2, r5
10000c56:	9300      	str	r3, [sp, #0]
10000c58:	4816      	ldr	r0, [pc, #88]	@ (10000cb4 <sleep_us+0xcc>)
10000c5a:	463b      	mov	r3, r7
10000c5c:	9101      	str	r1, [sp, #4]
10000c5e:	f7ff ff1f 	bl	10000aa0 <alarm_pool_add_alarm_at_force_in_context>
10000c62:	3001      	adds	r0, #1
10000c64:	d0e6      	beq.n	10000c34 <sleep_us+0x4c>
10000c66:	f04f 0c00 	mov.w	ip, #0
10000c6a:	4a13      	ldr	r2, [pc, #76]	@ (10000cb8 <sleep_us+0xd0>)
10000c6c:	4913      	ldr	r1, [pc, #76]	@ (10000cbc <sleep_us+0xd4>)
10000c6e:	6a53      	ldr	r3, [r2, #36]	@ 0x24
10000c70:	429f      	cmp	r7, r3
10000c72:	d804      	bhi.n	10000c7e <sleep_us+0x96>
10000c74:	6a90      	ldr	r0, [r2, #40]	@ 0x28
10000c76:	42a8      	cmp	r0, r5
10000c78:	d2dc      	bcs.n	10000c34 <sleep_us+0x4c>
10000c7a:	429f      	cmp	r7, r3
10000c7c:	d1da      	bne.n	10000c34 <sleep_us+0x4c>
10000c7e:	680b      	ldr	r3, [r1, #0]
10000c80:	f3ef 8010 	mrs	r0, PRIMASK
10000c84:	b672      	cpsid	i
10000c86:	e8d3 8fcf 	ldaexb	r8, [r3]
10000c8a:	f05f 0e01 	movs.w	lr, #1
10000c8e:	f1b8 0f00 	cmp.w	r8, #0
10000c92:	d1f8      	bne.n	10000c86 <sleep_us+0x9e>
10000c94:	e8c3 ef48 	strexb	r8, lr, [r3]
10000c98:	f1b8 0f00 	cmp.w	r8, #0
10000c9c:	d1f3      	bne.n	10000c86 <sleep_us+0x9e>
10000c9e:	f3bf 8f5f 	dmb	sy
10000ca2:	680b      	ldr	r3, [r1, #0]
10000ca4:	e8c3 cf8f 	stlb	ip, [r3]
10000ca8:	f380 8810 	msr	PRIMASK, r0
10000cac:	bf20      	wfe
10000cae:	e7de      	b.n	10000c6e <sleep_us+0x86>
10000cb0:	10000671 	.word	0x10000671
10000cb4:	20000924 	.word	0x20000924
10000cb8:	400b0000 	.word	0x400b0000
10000cbc:	20001340 	.word	0x20001340

10000cc0 <best_effort_wfe_or_timeout>:
10000cc0:	e92d 43f0 	stmdb	sp!, {r4, r5, r6, r7, r8, r9, lr}
10000cc4:	4606      	mov	r6, r0
10000cc6:	460d      	mov	r5, r1
10000cc8:	b083      	sub	sp, #12
10000cca:	f3ef 8405 	mrs	r4, IPSR
10000cce:	b2e4      	uxtb	r4, r4
10000cd0:	b13c      	cbz	r4, 10000ce2 <best_effort_wfe_or_timeout+0x22>
10000cd2:	4b2d      	ldr	r3, [pc, #180]	@ (10000d88 <best_effort_wfe_or_timeout+0xc8>)
10000cd4:	6a5a      	ldr	r2, [r3, #36]	@ 0x24
10000cd6:	42aa      	cmp	r2, r5
10000cd8:	d21c      	bcs.n	10000d14 <best_effort_wfe_or_timeout+0x54>
10000cda:	2000      	movs	r0, #0
10000cdc:	b003      	add	sp, #12
10000cde:	e8bd 83f0 	ldmia.w	sp!, {r4, r5, r6, r7, r8, r9, pc}
10000ce2:	4f2a      	ldr	r7, [pc, #168]	@ (10000d8c <best_effort_wfe_or_timeout+0xcc>)
10000ce4:	f8d7 900c 	ldr.w	r9, [r7, #12]
10000ce8:	f897 8000 	ldrb.w	r8, [r7]
10000cec:	4648      	mov	r0, r9
10000cee:	f000 f863 	bl	10000db8 <timer_time_us_64>
10000cf2:	f108 0804 	add.w	r8, r8, #4
10000cf6:	f859 3028 	ldr.w	r3, [r9, r8, lsl #2]
10000cfa:	1a1b      	subs	r3, r3, r0
10000cfc:	1a30      	subs	r0, r6, r0
10000cfe:	eb65 0101 	sbc.w	r1, r5, r1
10000d02:	4298      	cmp	r0, r3
10000d04:	f171 0100 	sbcs.w	r1, r1, #0
10000d08:	db10      	blt.n	10000d2c <best_effort_wfe_or_timeout+0x6c>
10000d0a:	bf20      	wfe
10000d0c:	4b1e      	ldr	r3, [pc, #120]	@ (10000d88 <best_effort_wfe_or_timeout+0xc8>)
10000d0e:	6a5a      	ldr	r2, [r3, #36]	@ 0x24
10000d10:	42aa      	cmp	r2, r5
10000d12:	d3e2      	bcc.n	10000cda <best_effort_wfe_or_timeout+0x1a>
10000d14:	bf14      	ite	ne
10000d16:	2401      	movne	r4, #1
10000d18:	2400      	moveq	r4, #0
10000d1a:	6a9b      	ldr	r3, [r3, #40]	@ 0x28
10000d1c:	42b3      	cmp	r3, r6
10000d1e:	bf34      	ite	cc
10000d20:	4620      	movcc	r0, r4
10000d22:	f044 0001 	orrcs.w	r0, r4, #1
10000d26:	b003      	add	sp, #12
10000d28:	e8bd 83f0 	ldmia.w	sp!, {r4, r5, r6, r7, r8, r9, pc}
10000d2c:	f000 f84c 	bl	10000dc8 <time_us_64>
10000d30:	4286      	cmp	r6, r0
10000d32:	eb65 0101 	sbc.w	r1, r5, r1
10000d36:	2900      	cmp	r1, #0
10000d38:	db14      	blt.n	10000d64 <best_effort_wfe_or_timeout+0xa4>
10000d3a:	4b15      	ldr	r3, [pc, #84]	@ (10000d90 <best_effort_wfe_or_timeout+0xd0>)
10000d3c:	4638      	mov	r0, r7
10000d3e:	e9cd 3400 	strd	r3, r4, [sp]
10000d42:	4632      	mov	r2, r6
10000d44:	462b      	mov	r3, r5
10000d46:	f7ff feab 	bl	10000aa0 <alarm_pool_add_alarm_at_force_in_context>
10000d4a:	1e01      	subs	r1, r0, #0
10000d4c:	dd0a      	ble.n	10000d64 <best_effort_wfe_or_timeout+0xa4>
10000d4e:	4b0e      	ldr	r3, [pc, #56]	@ (10000d88 <best_effort_wfe_or_timeout+0xc8>)
10000d50:	6a5a      	ldr	r2, [r3, #36]	@ 0x24
10000d52:	42aa      	cmp	r2, r5
10000d54:	d316      	bcc.n	10000d84 <best_effort_wfe_or_timeout+0xc4>
10000d56:	6a9b      	ldr	r3, [r3, #40]	@ 0x28
10000d58:	42b3      	cmp	r3, r6
10000d5a:	d311      	bcc.n	10000d80 <best_effort_wfe_or_timeout+0xc0>
10000d5c:	480b      	ldr	r0, [pc, #44]	@ (10000d8c <best_effort_wfe_or_timeout+0xcc>)
10000d5e:	f7ff ff03 	bl	10000b68 <alarm_pool_cancel_alarm>
10000d62:	e7b6      	b.n	10000cd2 <best_effort_wfe_or_timeout+0x12>
10000d64:	4b08      	ldr	r3, [pc, #32]	@ (10000d88 <best_effort_wfe_or_timeout+0xc8>)
10000d66:	6a5c      	ldr	r4, [r3, #36]	@ 0x24
10000d68:	42ac      	cmp	r4, r5
10000d6a:	d3b6      	bcc.n	10000cda <best_effort_wfe_or_timeout+0x1a>
10000d6c:	1b64      	subs	r4, r4, r5
10000d6e:	bf18      	it	ne
10000d70:	2401      	movne	r4, #1
10000d72:	6a9b      	ldr	r3, [r3, #40]	@ 0x28
10000d74:	42b3      	cmp	r3, r6
10000d76:	bf34      	ite	cc
10000d78:	4620      	movcc	r0, r4
10000d7a:	f044 0001 	orrcs.w	r0, r4, #1
10000d7e:	e7ad      	b.n	10000cdc <best_effort_wfe_or_timeout+0x1c>
10000d80:	42aa      	cmp	r2, r5
10000d82:	d1eb      	bne.n	10000d5c <best_effort_wfe_or_timeout+0x9c>
10000d84:	bf20      	wfe
10000d86:	e7e9      	b.n	10000d5c <best_effort_wfe_or_timeout+0x9c>
10000d88:	400b0000 	.word	0x400b0000
10000d8c:	20000924 	.word	0x20000924
10000d90:	10000671 	.word	0x10000671

10000d94 <timer_hardware_alarm_claim>:
10000d94:	b410      	push	{r4}
10000d96:	4b05      	ldr	r3, [pc, #20]	@ (10000dac <timer_hardware_alarm_claim+0x18>)
10000d98:	4c05      	ldr	r4, [pc, #20]	@ (10000db0 <timer_hardware_alarm_claim+0x1c>)
10000d9a:	4a06      	ldr	r2, [pc, #24]	@ (10000db4 <timer_hardware_alarm_claim+0x20>)
10000d9c:	42a0      	cmp	r0, r4
10000d9e:	bf14      	ite	ne
10000da0:	4618      	movne	r0, r3
10000da2:	1c58      	addeq	r0, r3, #1
10000da4:	f85d 4b04 	ldr.w	r4, [sp], #4
10000da8:	f7ff bb84 	b.w	100004b4 <hw_claim_or_assert>
10000dac:	20001228 	.word	0x20001228
10000db0:	400b8000 	.word	0x400b8000
10000db4:	10006024 	.word	0x10006024

10000db8 <timer_time_us_64>:
10000db8:	4603      	mov	r3, r0
10000dba:	6a41      	ldr	r1, [r0, #36]	@ 0x24
10000dbc:	460a      	mov	r2, r1
10000dbe:	6a98      	ldr	r0, [r3, #40]	@ 0x28
10000dc0:	6a59      	ldr	r1, [r3, #36]	@ 0x24
10000dc2:	428a      	cmp	r2, r1
10000dc4:	d1fa      	bne.n	10000dbc <timer_time_us_64+0x4>
10000dc6:	4770      	bx	lr

10000dc8 <time_us_64>:
10000dc8:	4b03      	ldr	r3, [pc, #12]	@ (10000dd8 <time_us_64+0x10>)
10000dca:	6a59      	ldr	r1, [r3, #36]	@ 0x24
10000dcc:	460a      	mov	r2, r1
10000dce:	6a98      	ldr	r0, [r3, #40]	@ 0x28
10000dd0:	6a59      	ldr	r1, [r3, #36]	@ 0x24
10000dd2:	4291      	cmp	r1, r2
10000dd4:	d1fa      	bne.n	10000dcc <time_us_64+0x4>
10000dd6:	4770      	bx	lr
10000dd8:	400b0000 	.word	0x400b0000

10000ddc <busy_wait_until>:
10000ddc:	4a07      	ldr	r2, [pc, #28]	@ (10000dfc <busy_wait_until+0x20>)
10000dde:	6a53      	ldr	r3, [r2, #36]	@ 0x24
10000de0:	4299      	cmp	r1, r3
10000de2:	d8fc      	bhi.n	10000dde <busy_wait_until+0x2>
10000de4:	4299      	cmp	r1, r3
10000de6:	d107      	bne.n	10000df8 <busy_wait_until+0x1c>
10000de8:	4b04      	ldr	r3, [pc, #16]	@ (10000dfc <busy_wait_until+0x20>)
10000dea:	e002      	b.n	10000df2 <busy_wait_until+0x16>
10000dec:	6a5a      	ldr	r2, [r3, #36]	@ 0x24
10000dee:	4291      	cmp	r1, r2
10000df0:	d102      	bne.n	10000df8 <busy_wait_until+0x1c>
10000df2:	6a9a      	ldr	r2, [r3, #40]	@ 0x28
10000df4:	4290      	cmp	r0, r2
10000df6:	d8f9      	bhi.n	10000dec <busy_wait_until+0x10>
10000df8:	4770      	bx	lr
10000dfa:	bf00      	nop
10000dfc:	400b0000 	.word	0x400b0000

10000e00 <clock_configure_undivided>:
10000e00:	eb00 0c40 	add.w	ip, r0, r0, lsl #1
10000e04:	ea4f 0c8c 	mov.w	ip, ip, lsl #2
10000e08:	f10c 4c80 	add.w	ip, ip, #1073741824	@ 0x40000000
10000e0c:	f50c 3c80 	add.w	ip, ip, #65536	@ 0x10000
10000e10:	b5f0      	push	{r4, r5, r6, r7, lr}
10000e12:	4616      	mov	r6, r2
10000e14:	f8dc 2004 	ldr.w	r2, [ip, #4]
10000e18:	1f05      	subs	r5, r0, #4
10000e1a:	f5b2 3f80 	cmp.w	r2, #65536	@ 0x10000
10000e1e:	bf38      	it	cc
10000e20:	f44f 3280 	movcc.w	r2, #65536	@ 0x10000
10000e24:	b2ed      	uxtb	r5, r5
10000e26:	bf38      	it	cc
10000e28:	f8cc 2004 	strcc.w	r2, [ip, #4]
10000e2c:	2d01      	cmp	r5, #1
10000e2e:	d92a      	bls.n	10000e86 <clock_configure_undivided+0x86>
10000e30:	f44f 6700 	mov.w	r7, #2048	@ 0x800
10000e34:	4c25      	ldr	r4, [pc, #148]	@ (10000ecc <clock_configure_undivided+0xcc>)
10000e36:	f50c 5240 	add.w	r2, ip, #12288	@ 0x3000
10000e3a:	6017      	str	r7, [r2, #0]
10000e3c:	f854 2020 	ldr.w	r2, [r4, r0, lsl #2]
10000e40:	b9b2      	cbnz	r2, 10000e70 <clock_configure_undivided+0x70>
10000e42:	f8dc 2000 	ldr.w	r2, [ip]
10000e46:	2d01      	cmp	r5, #1
10000e48:	ea82 1246 	eor.w	r2, r2, r6, lsl #5
10000e4c:	f002 02e0 	and.w	r2, r2, #224	@ 0xe0
10000e50:	f50c 5680 	add.w	r6, ip, #4096	@ 0x1000
10000e54:	6032      	str	r2, [r6, #0]
10000e56:	d92a      	bls.n	10000eae <clock_configure_undivided+0xae>
10000e58:	f44f 6100 	mov.w	r1, #2048	@ 0x800
10000e5c:	f844 3020 	str.w	r3, [r4, r0, lsl #2]
10000e60:	f44f 3380 	mov.w	r3, #65536	@ 0x10000
10000e64:	f50c 5200 	add.w	r2, ip, #8192	@ 0x2000
10000e68:	6011      	str	r1, [r2, #0]
10000e6a:	f8cc 3004 	str.w	r3, [ip, #4]
10000e6e:	bdf0      	pop	{r4, r5, r6, r7, pc}
10000e70:	6967      	ldr	r7, [r4, #20]
10000e72:	fbb7 fef2 	udiv	lr, r7, r2
10000e76:	f10e 0e01 	add.w	lr, lr, #1
10000e7a:	eb0e 0e4e 	add.w	lr, lr, lr, lsl #1
10000e7e:	f1be 0e03 	subs.w	lr, lr, #3
10000e82:	d2fc      	bcs.n	10000e7e <clock_configure_undivided+0x7e>
10000e84:	e7dd      	b.n	10000e42 <clock_configure_undivided+0x42>
10000e86:	2901      	cmp	r1, #1
10000e88:	d1d2      	bne.n	10000e30 <clock_configure_undivided+0x30>
10000e8a:	2403      	movs	r4, #3
10000e8c:	f50c 5240 	add.w	r2, ip, #12288	@ 0x3000
10000e90:	6014      	str	r4, [r2, #0]
10000e92:	f8dc 2008 	ldr.w	r2, [ip, #8]
10000e96:	07d2      	lsls	r2, r2, #31
10000e98:	d5fb      	bpl.n	10000e92 <clock_configure_undivided+0x92>
10000e9a:	f8dc 2000 	ldr.w	r2, [ip]
10000e9e:	4c0b      	ldr	r4, [pc, #44]	@ (10000ecc <clock_configure_undivided+0xcc>)
10000ea0:	ea82 1246 	eor.w	r2, r2, r6, lsl #5
10000ea4:	f002 02e0 	and.w	r2, r2, #224	@ 0xe0
10000ea8:	f50c 5680 	add.w	r6, ip, #4096	@ 0x1000
10000eac:	6032      	str	r2, [r6, #0]
10000eae:	2201      	movs	r2, #1
10000eb0:	f8dc 5000 	ldr.w	r5, [ip]
10000eb4:	404d      	eors	r5, r1
10000eb6:	f005 0503 	and.w	r5, r5, #3
10000eba:	6035      	str	r5, [r6, #0]
10000ebc:	fa02 f101 	lsl.w	r1, r2, r1
10000ec0:	f8dc 2008 	ldr.w	r2, [ip, #8]
10000ec4:	420a      	tst	r2, r1
10000ec6:	d0fb      	beq.n	10000ec0 <clock_configure_undivided+0xc0>
10000ec8:	e7c6      	b.n	10000e58 <clock_configure_undivided+0x58>
10000eca:	bf00      	nop
10000ecc:	2000122c 	.word	0x2000122c

10000ed0 <clock_get_hz>:
10000ed0:	4b01      	ldr	r3, [pc, #4]	@ (10000ed8 <clock_get_hz+0x8>)
10000ed2:	f853 0020 	ldr.w	r0, [r3, r0, lsl #2]
10000ed6:	4770      	bx	lr
10000ed8:	2000122c 	.word	0x2000122c

10000edc <pll_init>:
10000edc:	b470      	push	{r4, r5, r6}
10000ede:	9d03      	ldr	r5, [sp, #12]
10000ee0:	6804      	ldr	r4, [r0, #0]
10000ee2:	032d      	lsls	r5, r5, #12
10000ee4:	ea45 4503 	orr.w	r5, r5, r3, lsl #16
10000ee8:	4b1b      	ldr	r3, [pc, #108]	@ (10000f58 <pll_init+0x7c>)
10000eea:	2c00      	cmp	r4, #0
10000eec:	fbb3 f3f1 	udiv	r3, r3, r1
10000ef0:	fbb2 f6f3 	udiv	r6, r2, r3
10000ef4:	db1f      	blt.n	10000f36 <pll_init+0x5a>
10000ef6:	4a19      	ldr	r2, [pc, #100]	@ (10000f5c <pll_init+0x80>)
10000ef8:	4b19      	ldr	r3, [pc, #100]	@ (10000f60 <pll_init+0x84>)
10000efa:	4290      	cmp	r0, r2
10000efc:	bf14      	ite	ne
10000efe:	f44f 4280 	movne.w	r2, #16384	@ 0x4000
10000f02:	f44f 4200 	moveq.w	r2, #32768	@ 0x8000
10000f06:	4c17      	ldr	r4, [pc, #92]	@ (10000f64 <pll_init+0x88>)
10000f08:	601a      	str	r2, [r3, #0]
10000f0a:	f503 5380 	add.w	r3, r3, #4096	@ 0x1000
10000f0e:	601a      	str	r2, [r3, #0]
10000f10:	68a3      	ldr	r3, [r4, #8]
10000f12:	ea32 0303 	bics.w	r3, r2, r3
10000f16:	d1fb      	bne.n	10000f10 <pll_init+0x34>
10000f18:	2221      	movs	r2, #33	@ 0x21
10000f1a:	f500 5340 	add.w	r3, r0, #12288	@ 0x3000
10000f1e:	3304      	adds	r3, #4
10000f20:	6001      	str	r1, [r0, #0]
10000f22:	6086      	str	r6, [r0, #8]
10000f24:	601a      	str	r2, [r3, #0]
10000f26:	6802      	ldr	r2, [r0, #0]
10000f28:	2a00      	cmp	r2, #0
10000f2a:	dafc      	bge.n	10000f26 <pll_init+0x4a>
10000f2c:	2208      	movs	r2, #8
10000f2e:	60c5      	str	r5, [r0, #12]
10000f30:	601a      	str	r2, [r3, #0]
10000f32:	bc70      	pop	{r4, r5, r6}
10000f34:	4770      	bx	lr
10000f36:	6803      	ldr	r3, [r0, #0]
10000f38:	f003 033f 	and.w	r3, r3, #63	@ 0x3f
10000f3c:	428b      	cmp	r3, r1
10000f3e:	d1da      	bne.n	10000ef6 <pll_init+0x1a>
10000f40:	6883      	ldr	r3, [r0, #8]
10000f42:	f3c3 030b 	ubfx	r3, r3, #0, #12
10000f46:	42b3      	cmp	r3, r6
10000f48:	d1d5      	bne.n	10000ef6 <pll_init+0x1a>
10000f4a:	68c3      	ldr	r3, [r0, #12]
10000f4c:	f403 23ee 	and.w	r3, r3, #487424	@ 0x77000
10000f50:	42ab      	cmp	r3, r5
10000f52:	d1d0      	bne.n	10000ef6 <pll_init+0x1a>
10000f54:	e7ed      	b.n	10000f32 <pll_init+0x56>
10000f56:	bf00      	nop
10000f58:	00b71b00 	.word	0x00b71b00
10000f5c:	40058000 	.word	0x40058000
10000f60:	40022000 	.word	0x40022000
10000f64:	40020000 	.word	0x40020000

10000f68 <tick_start>:
10000f68:	2301      	movs	r3, #1
10000f6a:	eb00 0040 	add.w	r0, r0, r0, lsl #1
10000f6e:	0080      	lsls	r0, r0, #2
10000f70:	f100 4080 	add.w	r0, r0, #1073741824	@ 0x40000000
10000f74:	f500 1084 	add.w	r0, r0, #1081344	@ 0x108000
10000f78:	6041      	str	r1, [r0, #4]
10000f7a:	6003      	str	r3, [r0, #0]
10000f7c:	4770      	bx	lr
10000f7e:	bf00      	nop

10000f80 <rom_func_lookup>:
10000f80:	2300      	movs	r3, #0
10000f82:	8adb      	ldrh	r3, [r3, #22]
10000f84:	2200      	movs	r2, #0
10000f86:	e842 f200 	tt	r2, r2
10000f8a:	0252      	lsls	r2, r2, #9
10000f8c:	d401      	bmi.n	10000f92 <rom_func_lookup+0x12>
10000f8e:	2110      	movs	r1, #16
10000f90:	4718      	bx	r3
10000f92:	2104      	movs	r1, #4
10000f94:	4718      	bx	r3
10000f96:	bf00      	nop

10000f98 <runtime_init_bootrom_locking_enable>:
10000f98:	4a03      	ldr	r2, [pc, #12]	@ (10000fa8 <runtime_init_bootrom_locking_enable+0x10>)
10000f9a:	f8d2 3828 	ldr.w	r3, [r2, #2088]	@ 0x828
10000f9e:	2b00      	cmp	r3, #0
10000fa0:	d0fb      	beq.n	10000f9a <runtime_init_bootrom_locking_enable+0x2>
10000fa2:	f3bf 8f5f 	dmb	sy
10000fa6:	4770      	bx	lr
10000fa8:	400e0000 	.word	0x400e0000

10000fac <runtime_init_boot_locks_reset>:
10000fac:	2100      	movs	r1, #0
10000fae:	4b04      	ldr	r3, [pc, #16]	@ (10000fc0 <runtime_init_boot_locks_reset+0x14>)
10000fb0:	4a04      	ldr	r2, [pc, #16]	@ (10000fc4 <runtime_init_boot_locks_reset+0x18>)
10000fb2:	f3bf 8f5f 	dmb	sy
10000fb6:	f843 1b04 	str.w	r1, [r3], #4
10000fba:	4293      	cmp	r3, r2
10000fbc:	d1f9      	bne.n	10000fb2 <runtime_init_boot_locks_reset+0x6>
10000fbe:	4770      	bx	lr
10000fc0:	400e080c 	.word	0x400e080c
10000fc4:	400e082c 	.word	0x400e082c

10000fc8 <xosc_init>:
10000fc8:	b410      	push	{r4}
10000fca:	f44f 708d 	mov.w	r0, #282	@ 0x11a
10000fce:	f44f 642a 	mov.w	r4, #2720	@ 0xaa0
10000fd2:	4a06      	ldr	r2, [pc, #24]	@ (10000fec <xosc_init+0x24>)
10000fd4:	4b06      	ldr	r3, [pc, #24]	@ (10000ff0 <xosc_init+0x28>)
10000fd6:	4907      	ldr	r1, [pc, #28]	@ (10000ff4 <xosc_init+0x2c>)
10000fd8:	6014      	str	r4, [r2, #0]
10000fda:	60d0      	str	r0, [r2, #12]
10000fdc:	6019      	str	r1, [r3, #0]
10000fde:	6853      	ldr	r3, [r2, #4]
10000fe0:	2b00      	cmp	r3, #0
10000fe2:	dafc      	bge.n	10000fde <xosc_init+0x16>
10000fe4:	f85d 4b04 	ldr.w	r4, [sp], #4
10000fe8:	4770      	bx	lr
10000fea:	bf00      	nop
10000fec:	40048000 	.word	0x40048000
10000ff0:	4004a000 	.word	0x4004a000
10000ff4:	00fab000 	.word	0x00fab000

10000ff8 <first_per_core_initializer>:
10000ff8:	4770      	bx	lr
10000ffa:	bf00      	nop

10000ffc <hard_assertion_failure>:
10000ffc:	b508      	push	{r3, lr}
10000ffe:	4801      	ldr	r0, [pc, #4]	@ (10001004 <hard_assertion_failure+0x8>)
10001000:	f7ff fa40 	bl	10000484 <panic>
10001004:	10006048 	.word	0x10006048

10001008 <runtime_run_initializers>:
10001008:	b538      	push	{r3, r4, r5, lr}
1000100a:	4c05      	ldr	r4, [pc, #20]	@ (10001020 <runtime_run_initializers+0x18>)
1000100c:	4d05      	ldr	r5, [pc, #20]	@ (10001024 <runtime_run_initializers+0x1c>)
1000100e:	42ac      	cmp	r4, r5
10001010:	d204      	bcs.n	1000101c <runtime_run_initializers+0x14>
10001012:	f854 3b04 	ldr.w	r3, [r4], #4
10001016:	4798      	blx	r3
10001018:	42ac      	cmp	r4, r5
1000101a:	d3fa      	bcc.n	10001012 <runtime_run_initializers+0xa>
1000101c:	bd38      	pop	{r3, r4, r5, pc}
1000101e:	bf00      	nop
10001020:	10005f88 	.word	0x10005f88
10001024:	10005fc8 	.word	0x10005fc8

10001028 <runtime_init_early_resets>:
10001028:	b410      	push	{r4}
1000102a:	4807      	ldr	r0, [pc, #28]	@ (10001048 <runtime_init_early_resets+0x20>)
1000102c:	4c07      	ldr	r4, [pc, #28]	@ (1000104c <runtime_init_early_resets+0x24>)
1000102e:	4b08      	ldr	r3, [pc, #32]	@ (10001050 <runtime_init_early_resets+0x28>)
10001030:	4a08      	ldr	r2, [pc, #32]	@ (10001054 <runtime_init_early_resets+0x2c>)
10001032:	4909      	ldr	r1, [pc, #36]	@ (10001058 <runtime_init_early_resets+0x30>)
10001034:	6004      	str	r4, [r0, #0]
10001036:	601a      	str	r2, [r3, #0]
10001038:	688b      	ldr	r3, [r1, #8]
1000103a:	ea32 0303 	bics.w	r3, r2, r3
1000103e:	d1fb      	bne.n	10001038 <runtime_init_early_resets+0x10>
10001040:	f85d 4b04 	ldr.w	r4, [sp], #4
10001044:	4770      	bx	lr
10001046:	bf00      	nop
10001048:	40022000 	.word	0x40022000
1000104c:	efef3b7f 	.word	0xefef3b7f
10001050:	40023000 	.word	0x40023000
10001054:	03f3fff6 	.word	0x03f3fff6
10001058:	40020000 	.word	0x40020000

1000105c <runtime_init_usb_power_down>:
1000105c:	4b04      	ldr	r3, [pc, #16]	@ (10001070 <runtime_init_usb_power_down+0x14>)
1000105e:	6cdb      	ldr	r3, [r3, #76]	@ 0x4c
10001060:	f5b3 4f00 	cmp.w	r3, #32768	@ 0x8000
10001064:	d103      	bne.n	1000106e <runtime_init_usb_power_down+0x12>
10001066:	f44f 2280 	mov.w	r2, #262144	@ 0x40000
1000106a:	4b02      	ldr	r3, [pc, #8]	@ (10001074 <runtime_init_usb_power_down+0x18>)
1000106c:	64da      	str	r2, [r3, #76]	@ 0x4c
1000106e:	4770      	bx	lr
10001070:	50110000 	.word	0x50110000
10001074:	50112000 	.word	0x50112000

10001078 <runtime_init_per_core_enable_coprocessors>:
10001078:	f04f 22e0 	mov.w	r2, #3758153728	@ 0xe000e000
1000107c:	4b04      	ldr	r3, [pc, #16]	@ (10001090 <runtime_init_per_core_enable_coprocessors+0x18>)
1000107e:	f8d2 1d88 	ldr.w	r1, [r2, #3464]	@ 0xd88
10001082:	430b      	orrs	r3, r1
10001084:	f8c2 3d88 	str.w	r3, [r2, #3464]	@ 0xd88
10001088:	ee10 0430 			dcp_rcmp r0
1000108c:	4770      	bx	lr
1000108e:	bf00      	nop
10001090:	00300303 	.word	0x00300303

10001094 <runtime_init_post_clock_resets>:
10001094:	f06f 4160 	mvn.w	r1, #3758096384	@ 0xe0000000
10001098:	4b04      	ldr	r3, [pc, #16]	@ (100010ac <runtime_init_post_clock_resets+0x18>)
1000109a:	4a05      	ldr	r2, [pc, #20]	@ (100010b0 <runtime_init_post_clock_resets+0x1c>)
1000109c:	6019      	str	r1, [r3, #0]
1000109e:	6893      	ldr	r3, [r2, #8]
100010a0:	43db      	mvns	r3, r3
100010a2:	f033 4360 	bics.w	r3, r3, #3758096384	@ 0xe0000000
100010a6:	d1fa      	bne.n	1000109e <runtime_init_post_clock_resets+0xa>
100010a8:	4770      	bx	lr
100010aa:	bf00      	nop
100010ac:	40023000 	.word	0x40023000
100010b0:	40020000 	.word	0x40020000

100010b4 <runtime_init_bootrom_reset>:
100010b4:	b510      	push	{r4, lr}
100010b6:	f245 2053 	movw	r0, #21075	@ 0x5253
100010ba:	f7ff ff61 	bl	10000f80 <rom_func_lookup>
100010be:	e8bd 4010 	ldmia.w	sp!, {r4, lr}
100010c2:	4603      	mov	r3, r0
100010c4:	2004      	movs	r0, #4
100010c6:	4718      	bx	r3

100010c8 <runtime_init_per_core_bootrom_reset>:
100010c8:	b510      	push	{r4, lr}
100010ca:	f245 2053 	movw	r0, #21075	@ 0x5253
100010ce:	f7ff ff57 	bl	10000f80 <rom_func_lookup>
100010d2:	e8bd 4010 	ldmia.w	sp!, {r4, lr}
100010d6:	4603      	mov	r3, r0
100010d8:	2001      	movs	r0, #1
100010da:	4718      	bx	r3

100010dc <runtime_init_spin_locks_reset>:
100010dc:	f7ff ba2a 	b.w	10000534 <spin_locks_reset>

100010e0 <runtime_init_install_ram_vector_table>:
100010e0:	b510      	push	{r4, lr}
100010e2:	4b05      	ldr	r3, [pc, #20]	@ (100010f8 <runtime_init_install_ram_vector_table+0x18>)
100010e4:	4c05      	ldr	r4, [pc, #20]	@ (100010fc <runtime_init_install_ram_vector_table+0x1c>)
100010e6:	f44f 7288 	mov.w	r2, #272	@ 0x110
100010ea:	4618      	mov	r0, r3
100010ec:	68a1      	ldr	r1, [r4, #8]
100010ee:	f004 fd43 	bl	10005b78 <memcpy>
100010f2:	60a0      	str	r0, [r4, #8]
100010f4:	bd10      	pop	{r4, pc}
100010f6:	bf00      	nop
100010f8:	20000000 	.word	0x20000000
100010fc:	e000ed00 	.word	0xe000ed00

10001100 <runtime_init_clocks>:
10001100:	2300      	movs	r3, #0
10001102:	b570      	push	{r4, r5, r6, lr}
10001104:	4c2b      	ldr	r4, [pc, #172]	@ (100011b4 <runtime_init_clocks+0xb4>)
10001106:	b082      	sub	sp, #8
10001108:	f8c4 3084 	str.w	r3, [r4, #132]	@ 0x84
1000110c:	f7ff ff5c 	bl	10000fc8 <xosc_init>
10001110:	2201      	movs	r2, #1
10001112:	4b29      	ldr	r3, [pc, #164]	@ (100011b8 <runtime_init_clocks+0xb8>)
10001114:	63da      	str	r2, [r3, #60]	@ 0x3c
10001116:	6c63      	ldr	r3, [r4, #68]	@ 0x44
10001118:	2b01      	cmp	r3, #1
1000111a:	d1fc      	bne.n	10001116 <runtime_init_clocks+0x16>
1000111c:	2103      	movs	r1, #3
1000111e:	4a26      	ldr	r2, [pc, #152]	@ (100011b8 <runtime_init_clocks+0xb8>)
10001120:	4b24      	ldr	r3, [pc, #144]	@ (100011b4 <runtime_init_clocks+0xb4>)
10001122:	6311      	str	r1, [r2, #48]	@ 0x30
10001124:	6b9c      	ldr	r4, [r3, #56]	@ 0x38
10001126:	2c01      	cmp	r4, #1
10001128:	d1fc      	bne.n	10001124 <runtime_init_clocks+0x24>
1000112a:	2602      	movs	r6, #2
1000112c:	2505      	movs	r5, #5
1000112e:	4621      	mov	r1, r4
10001130:	2305      	movs	r3, #5
10001132:	4a22      	ldr	r2, [pc, #136]	@ (100011bc <runtime_init_clocks+0xbc>)
10001134:	4822      	ldr	r0, [pc, #136]	@ (100011c0 <runtime_init_clocks+0xc0>)
10001136:	9600      	str	r6, [sp, #0]
10001138:	f7ff fed0 	bl	10000edc <pll_init>
1000113c:	4621      	mov	r1, r4
1000113e:	462b      	mov	r3, r5
10001140:	4a20      	ldr	r2, [pc, #128]	@ (100011c4 <runtime_init_clocks+0xc4>)
10001142:	4821      	ldr	r0, [pc, #132]	@ (100011c8 <runtime_init_clocks+0xc8>)
10001144:	9500      	str	r5, [sp, #0]
10001146:	f7ff fec9 	bl	10000edc <pll_init>
1000114a:	2200      	movs	r2, #0
1000114c:	2004      	movs	r0, #4
1000114e:	4631      	mov	r1, r6
10001150:	4b1e      	ldr	r3, [pc, #120]	@ (100011cc <runtime_init_clocks+0xcc>)
10001152:	f7ff fe55 	bl	10000e00 <clock_configure_undivided>
10001156:	4621      	mov	r1, r4
10001158:	4628      	mov	r0, r5
1000115a:	2200      	movs	r2, #0
1000115c:	4b1c      	ldr	r3, [pc, #112]	@ (100011d0 <runtime_init_clocks+0xd0>)
1000115e:	f7ff fe4f 	bl	10000e00 <clock_configure_undivided>
10001162:	2200      	movs	r2, #0
10001164:	2008      	movs	r0, #8
10001166:	4611      	mov	r1, r2
10001168:	4b1a      	ldr	r3, [pc, #104]	@ (100011d4 <runtime_init_clocks+0xd4>)
1000116a:	f7ff fe49 	bl	10000e00 <clock_configure_undivided>
1000116e:	2200      	movs	r2, #0
10001170:	2009      	movs	r0, #9
10001172:	4611      	mov	r1, r2
10001174:	4b17      	ldr	r3, [pc, #92]	@ (100011d4 <runtime_init_clocks+0xd4>)
10001176:	f7ff fe43 	bl	10000e00 <clock_configure_undivided>
1000117a:	2200      	movs	r2, #0
1000117c:	2006      	movs	r0, #6
1000117e:	4611      	mov	r1, r2
10001180:	4b13      	ldr	r3, [pc, #76]	@ (100011d0 <runtime_init_clocks+0xd0>)
10001182:	f7ff fe3d 	bl	10000e00 <clock_configure_undivided>
10001186:	2200      	movs	r2, #0
10001188:	4b11      	ldr	r3, [pc, #68]	@ (100011d0 <runtime_init_clocks+0xd0>)
1000118a:	2007      	movs	r0, #7
1000118c:	4611      	mov	r1, r2
1000118e:	f7ff fe37 	bl	10000e00 <clock_configure_undivided>
10001192:	2004      	movs	r0, #4
10001194:	f7ff fe9c 	bl	10000ed0 <clock_get_hz>
10001198:	2400      	movs	r4, #0
1000119a:	4b0f      	ldr	r3, [pc, #60]	@ (100011d8 <runtime_init_clocks+0xd8>)
1000119c:	fba3 3500 	umull	r3, r5, r3, r0
100011a0:	0cad      	lsrs	r5, r5, #18
100011a2:	b2e0      	uxtb	r0, r4
100011a4:	4629      	mov	r1, r5
100011a6:	3401      	adds	r4, #1
100011a8:	f7ff fede 	bl	10000f68 <tick_start>
100011ac:	2c06      	cmp	r4, #6
100011ae:	d1f8      	bne.n	100011a2 <runtime_init_clocks+0xa2>
100011b0:	b002      	add	sp, #8
100011b2:	bd70      	pop	{r4, r5, r6, pc}
100011b4:	40010000 	.word	0x40010000
100011b8:	40013000 	.word	0x40013000
100011bc:	59682f00 	.word	0x59682f00
100011c0:	40050000 	.word	0x40050000
100011c4:	47868c00 	.word	0x47868c00
100011c8:	40058000 	.word	0x40058000
100011cc:	00b71b00 	.word	0x00b71b00
100011d0:	08f0d180 	.word	0x08f0d180
100011d4:	02dc6c00 	.word	0x02dc6c00
100011d8:	431bde83 	.word	0x431bde83

100011dc <generic_save_state>:
100011dc:	b086      	sub	sp, #24
100011de:	b403      	push	{r0, r1}
100011e0:	fc51 0408 	dcp_pxmd r0, r1
100011e4:	e9cd 0102 	strd	r0, r1, [sp, #8]
100011e8:	fc51 0409 	dcp_pymd r0, r1
100011ec:	e9cd 0104 	strd	r0, r1, [sp, #16]
100011f0:	ec51 040a 	dcp_refd r0, r1
100011f4:	e9cd 0106 	strd	r0, r1, [sp, #24]
100011f8:	bc03      	pop	{r0, r1}
100011fa:	47f0      	blx	lr

100011fc <generic_restore_state>:
100011fc:	e8bd 5000 	ldmia.w	sp!, {ip, lr}
10001200:	ec4e c400 	dcp_wxmd ip, lr
10001204:	e8bd 5000 	ldmia.w	sp!, {ip, lr}
10001208:	ec4e c401 	dcp_wymd ip, lr
1000120c:	e8bd 5000 	ldmia.w	sp!, {ip, lr}
10001210:	ec4e c402 	dcp_wefd ip, lr
10001214:	bd00      	pop	{pc}
10001216:	0000      	movs	r0, r0
10001218:	b500      	push	{lr}
1000121a:	f7ff ffdf 	bl	100011dc <generic_save_state>
1000121e:	e002      	b.n	10001226 <__wrap___aeabi_dadd+0x6>

10001220 <__wrap___aeabi_dadd>:
10001220:	fe10 f430 	dcp_pcmp APSR_nzcv
10001224:	d4f8      	bmi.n	10001218 <generic_restore_state+0x1c>
10001226:	ec41 0410 	dcp_wxup r0, r1
1000122a:	ec43 2411 	dcp_wyup r2, r3
1000122e:	ee00 0401 			dcp_add0
10001232:	ee10 0401 			dcp_add1
10001236:	ee80 0420 			dcp_nrdd
1000123a:	ec51 0410 	dcp_rdda r0, r1
1000123e:	4770      	bx	lr
10001240:	b500      	push	{lr}
10001242:	f7ff ffcb 	bl	100011dc <generic_save_state>
10001246:	e002      	b.n	1000124e <__wrap___aeabi_dsub+0x6>

10001248 <__wrap___aeabi_dsub>:
10001248:	fe10 f430 	dcp_pcmp APSR_nzcv
1000124c:	d4f8      	bmi.n	10001240 <__wrap___aeabi_dadd+0x20>
1000124e:	ec41 0410 	dcp_wxup r0, r1
10001252:	ec43 2411 	dcp_wyup r2, r3
10001256:	ee00 0401 			dcp_add0
1000125a:	ee10 0421 			dcp_sub1
1000125e:	ee80 0420 			dcp_nrdd
10001262:	ec51 0430 	dcp_rdds r0, r1
10001266:	4770      	bx	lr
10001268:	b500      	push	{lr}
1000126a:	f7ff ffb7 	bl	100011dc <generic_save_state>
1000126e:	e002      	b.n	10001276 <__wrap___aeabi_dmul+0x6>

10001270 <__wrap___aeabi_dmul>:
10001270:	fe10 f430 	dcp_pcmp APSR_nzcv
10001274:	d4f8      	bmi.n	10001268 <__wrap___aeabi_dsub+0x20>
10001276:	b510      	push	{r4, lr}
10001278:	ec41 0410 	dcp_wxup r0, r1
1000127c:	ec43 2411 	dcp_wyup r2, r3
10001280:	ec51 0404 	dcp_rxms r0, r1, #0x0
10001284:	ec53 2405 	dcp_ryms r2, r3, #0x0
10001288:	fba0 4c02 	umull	r4, ip, r0, r2
1000128c:	f05f 0e00 	movs.w	lr, #0
10001290:	fbe0 ce03 	umlal	ip, lr, r0, r3
10001294:	fbe1 ce02 	umlal	ip, lr, r1, r2
10001298:	ec4c 4420 	dcp_wxms r4, ip
1000129c:	2400      	movs	r4, #0
1000129e:	fbe1 e403 	umlal	lr, r4, r1, r3
100012a2:	ec44 e430 	dcp_wxmo lr, r4
100012a6:	ee80 0420 			dcp_nrdd
100012aa:	ec51 0450 	dcp_rddm r0, r1
100012ae:	e8bd 4010 	ldmia.w	sp!, {r4, lr}
100012b2:	4770      	bx	lr
100012b4:	b500      	push	{lr}
100012b6:	f7ff ff91 	bl	100011dc <generic_save_state>
100012ba:	e002      	b.n	100012c2 <__wrap___aeabi_ddiv+0x6>

100012bc <__wrap___aeabi_ddiv>:
100012bc:	fe10 f430 	dcp_pcmp APSR_nzcv
100012c0:	d4f8      	bmi.n	100012b4 <__wrap___aeabi_dmul+0x44>
100012c2:	ec41 0410 	dcp_wxup r0, r1
100012c6:	ec43 2411 	dcp_wyup r2, r3
100012ca:	ec51 0421 	dcp_rymr r0, r1
100012ce:	fba0 1201 	umull	r1, r2, r0, r1
100012d2:	ea6f 0282 	mvn.w	r2, r2, lsl #2
100012d6:	fb52 0010 	smmlar	r0, r2, r0, r0
100012da:	fb52 f212 	smmulr	r2, r2, r2
100012de:	fb52 0010 	smmlar	r0, r2, r0, r0
100012e2:	eba0 7cd0 	sub.w	ip, r0, r0, lsr #31
100012e6:	ec53 2404 	dcp_rxms r2, r3, #0x0
100012ea:	fb5c f113 	smmulr	r1, ip, r3
100012ee:	ec53 2415 	dcp_ryms r2, r3, #0x1
100012f2:	fba1 2002 	umull	r2, r0, r1, r2
100012f6:	fb01 0003 	mla	r0, r1, r3, r0
100012fa:	ec53 2444 	dcp_rxms r2, r3, #0x4
100012fe:	eba2 0000 	sub.w	r0, r2, r0
10001302:	fb50 f21c 	smmulr	r2, r0, ip
10001306:	ea4f 1311 	mov.w	r3, r1, lsr #4
1000130a:	eb12 7001 	adds.w	r0, r2, r1, lsl #28
1000130e:	eb43 71e2 	adc.w	r1, r3, r2, asr #31
10001312:	ea40 5051 	orr.w	r0, r0, r1, lsr #21
10001316:	ea20 5091 	bic.w	r0, r0, r1, lsr #22
1000131a:	f020 0007 	bic.w	r0, r0, #7
1000131e:	ec53 2475 	dcp_ryms r2, r3, #0x7
10001322:	fba0 3c02 	umull	r3, ip, r0, r2
10001326:	ec53 2475 	dcp_ryms r2, r3, #0x7
1000132a:	fb00 cc03 	mla	ip, r0, r3, ip
1000132e:	fb01 cc02 	mla	ip, r1, r2, ip
10001332:	ec53 2404 	dcp_rxms r2, r3, #0x0
10001336:	ebac 4c82 	sub.w	ip, ip, r2, lsl #18
1000133a:	ea40 705c 	orr.w	r0, r0, ip, lsr #29
1000133e:	f1a0 0001 	sub.w	r0, r0, #1
10001342:	ec41 0440 	dcp_wxdd r0, r1
10001346:	ee80 0420 			dcp_nrdd
1000134a:	ec51 0470 	dcp_rddd r0, r1
1000134e:	4770      	bx	lr
10001350:	b500      	push	{lr}
10001352:	f7ff ff43 	bl	100011dc <generic_save_state>
10001356:	e002      	b.n	1000135e <__wrap___aeabi_d2f+0x6>

10001358 <__wrap___aeabi_d2f>:
10001358:	fe10 f430 	dcp_pcmp APSR_nzcv
1000135c:	d4f8      	bmi.n	10001350 <__wrap___aeabi_ddiv+0x94>
1000135e:	ec41 0410 	dcp_wxup r0, r1
10001362:	ee80 0422 			dcp_nrdf
10001366:	ee10 04b2 			dcp_rdfg r0
1000136a:	4770      	bx	lr
1000136c:	b500      	push	{lr}
1000136e:	f7ff ff35 	bl	100011dc <generic_save_state>
10001372:	e002      	b.n	1000137a <__wrap___aeabi_i2d+0x6>

10001374 <__wrap___aeabi_i2d>:
10001374:	fe10 f430 	dcp_pcmp APSR_nzcv
10001378:	d4f8      	bmi.n	1000136c <__wrap___aeabi_d2f+0x14>
1000137a:	ec40 0470 	dcp_wxic r0, r0
1000137e:	ee00 0401 			dcp_add0
10001382:	ee10 0421 			dcp_sub1
10001386:	ee80 0420 			dcp_nrdd
1000138a:	ec51 0430 	dcp_rdds r0, r1
1000138e:	4770      	bx	lr
10001390:	b500      	push	{lr}
10001392:	f7ff ff23 	bl	100011dc <generic_save_state>
10001396:	e002      	b.n	1000139e <__wrap___aeabi_ui2d+0x6>

10001398 <__wrap___aeabi_ui2d>:
10001398:	fe10 f430 	dcp_pcmp APSR_nzcv
1000139c:	d4f8      	bmi.n	10001390 <__wrap___aeabi_i2d+0x1c>
1000139e:	ec40 0460 	dcp_wxuc r0, r0
100013a2:	ee00 0401 			dcp_add0
100013a6:	ee10 0421 			dcp_sub1
100013aa:	ee80 0420 			dcp_nrdd
100013ae:	ec51 0430 	dcp_rdds r0, r1
100013b2:	4770      	bx	lr
100013b4:	b500      	push	{lr}
100013b6:	f7ff ff11 	bl	100011dc <generic_save_state>
100013ba:	e002      	b.n	100013c2 <double2int_z_entry>

100013bc <__wrap___aeabi_d2iz>:
100013bc:	fe10 f430 	dcp_pcmp APSR_nzcv
100013c0:	d4f8      	bmi.n	100013b4 <__wrap___aeabi_ui2d+0x1c>

100013c2 <double2int_z_entry>:
100013c2:	ec41 0480 	dcp_wxdc r0, r1
100013c6:	ee00 0401 			dcp_add0
100013ca:	ee10 0401 			dcp_add1
100013ce:	ee80 0440 			dcp_ntdc
100013d2:	ee10 0413 			dcp_rdic r0
100013d6:	4770      	bx	lr
100013d8:	b500      	push	{lr}
100013da:	f7ff feff 	bl	100011dc <generic_save_state>
100013de:	e002      	b.n	100013e6 <double2uint_z_entry>

100013e0 <__wrap___aeabi_d2uiz>:
100013e0:	fe10 f430 	dcp_pcmp APSR_nzcv
100013e4:	d4f8      	bmi.n	100013d8 <double2int_z_entry+0x16>

100013e6 <double2uint_z_entry>:
100013e6:	ec41 0480 	dcp_wxdc r0, r1
100013ea:	ee00 0401 			dcp_add0
100013ee:	ee10 0401 			dcp_add1
100013f2:	ee80 0440 			dcp_ntdc
100013f6:	ee10 0433 			dcp_rduc r0
100013fa:	4770      	bx	lr
100013fc:	b500      	push	{lr}
100013fe:	f7ff feed 	bl	100011dc <generic_save_state>
10001402:	e002      	b.n	1000140a <__wrap___aeabi_dcmpun+0x6>

10001404 <__wrap___aeabi_dcmpun>:
10001404:	fe10 f430 	dcp_pcmp APSR_nzcv
10001408:	d4f8      	bmi.n	100013fc <double2uint_z_entry+0x16>
1000140a:	ec41 0410 	dcp_wxup r0, r1
1000140e:	ec43 2411 	dcp_wyup r2, r3
10001412:	ee00 0401 			dcp_add0
10001416:	ee10 0430 			dcp_rcmp r0
1000141a:	f3c0 7000 	ubfx	r0, r0, #28, #1
1000141e:	4770      	bx	lr
10001420:	b500      	push	{lr}
10001422:	f7ff fedb 	bl	100011dc <generic_save_state>
10001426:	e002      	b.n	1000142e <__wrap___aeabi_dcmplt+0x6>

10001428 <__wrap___aeabi_dcmplt>:
10001428:	fe10 f430 	dcp_pcmp APSR_nzcv
1000142c:	d4f8      	bmi.n	10001420 <__wrap___aeabi_dcmpun+0x1c>
1000142e:	ec43 2410 	dcp_wxup r2, r3
10001432:	ec41 0411 	dcp_wyup r0, r1
10001436:	ee00 0401 			dcp_add0
1000143a:	ee10 f430 			dcp_rcmp APSR_nzcv
1000143e:	bf8c      	ite	hi
10001440:	2001      	movhi	r0, #1
10001442:	2000      	movls	r0, #0
10001444:	4770      	bx	lr
10001446:	bf00      	nop
10001448:	b500      	push	{lr}
1000144a:	f7ff fec7 	bl	100011dc <generic_save_state>
1000144e:	e002      	b.n	10001456 <__wrap___aeabi_dcmple+0x6>

10001450 <__wrap___aeabi_dcmple>:
10001450:	fe10 f430 	dcp_pcmp APSR_nzcv
10001454:	d4f8      	bmi.n	10001448 <__wrap___aeabi_dcmplt+0x20>
10001456:	ec43 2410 	dcp_wxup r2, r3
1000145a:	ec41 0411 	dcp_wyup r0, r1
1000145e:	ee00 0401 			dcp_add0
10001462:	ee10 f430 			dcp_rcmp APSR_nzcv
10001466:	bf2c      	ite	cs
10001468:	2001      	movcs	r0, #1
1000146a:	2000      	movcc	r0, #0
1000146c:	4770      	bx	lr
1000146e:	bf00      	nop
10001470:	b500      	push	{lr}
10001472:	f7ff feb3 	bl	100011dc <generic_save_state>
10001476:	e002      	b.n	1000147e <__wrap___aeabi_dcmpge+0x6>

10001478 <__wrap___aeabi_dcmpge>:
10001478:	fe10 f430 	dcp_pcmp APSR_nzcv
1000147c:	d4f8      	bmi.n	10001470 <__wrap___aeabi_dcmple+0x20>
1000147e:	ec41 0410 	dcp_wxup r0, r1
10001482:	ec43 2411 	dcp_wyup r2, r3
10001486:	ee00 0401 			dcp_add0
1000148a:	ee10 f430 			dcp_rcmp APSR_nzcv
1000148e:	bf2c      	ite	cs
10001490:	2001      	movcs	r0, #1
10001492:	2000      	movcc	r0, #0
10001494:	4770      	bx	lr
10001496:	bf00      	nop
10001498:	b500      	push	{lr}
1000149a:	f7ff fe9f 	bl	100011dc <generic_save_state>
1000149e:	e002      	b.n	100014a6 <__wrap___aeabi_dcmpgt+0x6>

100014a0 <__wrap___aeabi_dcmpgt>:
100014a0:	fe10 f430 	dcp_pcmp APSR_nzcv
100014a4:	d4f8      	bmi.n	10001498 <__wrap___aeabi_dcmpge+0x20>
100014a6:	ec41 0410 	dcp_wxup r0, r1
100014aa:	ec43 2411 	dcp_wyup r2, r3
100014ae:	ee00 0401 			dcp_add0
100014b2:	ee10 f430 			dcp_rcmp APSR_nzcv
100014b6:	bf8c      	ite	hi
100014b8:	2001      	movhi	r0, #1
100014ba:	2000      	movls	r0, #0
100014bc:	4770      	bx	lr
100014be:	bf00      	nop

100014c0 <__wrap_malloc>:
100014c0:	b510      	push	{r4, lr}
100014c2:	4604      	mov	r4, r0
100014c4:	f004 f808 	bl	100054d8 <malloc>
100014c8:	b128      	cbz	r0, 100014d6 <__wrap_malloc+0x16>
100014ca:	4603      	mov	r3, r0
100014cc:	4a03      	ldr	r2, [pc, #12]	@ (100014dc <__wrap_malloc+0x1c>)
100014ce:	4423      	add	r3, r4
100014d0:	4293      	cmp	r3, r2
100014d2:	d800      	bhi.n	100014d6 <__wrap_malloc+0x16>
100014d4:	bd10      	pop	{r4, pc}
100014d6:	4802      	ldr	r0, [pc, #8]	@ (100014e0 <__wrap_malloc+0x20>)
100014d8:	f7fe ffd4 	bl	10000484 <panic>
100014dc:	20080000 	.word	0x20080000
100014e0:	10006054 	.word	0x10006054

100014e4 <__wrap_free>:
100014e4:	f004 b800 	b.w	100054e8 <free>

100014e8 <_out_buffer>:
100014e8:	429a      	cmp	r2, r3
100014ea:	bf38      	it	cc
100014ec:	5488      	strbcc	r0, [r1, r2]
100014ee:	4770      	bx	lr

100014f0 <_out_null>:
100014f0:	4770      	bx	lr
100014f2:	bf00      	nop

100014f4 <_out_rev>:
100014f4:	e92d 4ff0 	stmdb	sp!, {r4, r5, r6, r7, r8, r9, sl, fp, lr}
100014f8:	b083      	sub	sp, #12
100014fa:	4699      	mov	r9, r3
100014fc:	e9dd ab0d 	ldrd	sl, fp, [sp, #52]	@ 0x34
10001500:	9b0f      	ldr	r3, [sp, #60]	@ 0x3c
10001502:	4688      	mov	r8, r1
10001504:	4611      	mov	r1, r2
10001506:	079a      	lsls	r2, r3, #30
10001508:	4607      	mov	r7, r0
1000150a:	d116      	bne.n	1000153a <_out_rev+0x46>
1000150c:	45da      	cmp	sl, fp
1000150e:	d23a      	bcs.n	10001586 <_out_rev+0x92>
10001510:	460c      	mov	r4, r1
10001512:	460d      	mov	r5, r1
10001514:	ebab 060a 	sub.w	r6, fp, sl
10001518:	440e      	add	r6, r1
1000151a:	4622      	mov	r2, r4
1000151c:	464b      	mov	r3, r9
1000151e:	4641      	mov	r1, r8
10001520:	2020      	movs	r0, #32
10001522:	3401      	adds	r4, #1
10001524:	47b8      	blx	r7
10001526:	42b4      	cmp	r4, r6
10001528:	d1f7      	bne.n	1000151a <_out_rev+0x26>
1000152a:	4629      	mov	r1, r5
1000152c:	f1ba 0f00 	cmp.w	sl, #0
10001530:	d108      	bne.n	10001544 <_out_rev+0x50>
10001532:	4620      	mov	r0, r4
10001534:	b003      	add	sp, #12
10001536:	e8bd 8ff0 	ldmia.w	sp!, {r4, r5, r6, r7, r8, r9, sl, fp, pc}
1000153a:	460c      	mov	r4, r1
1000153c:	f1ba 0f00 	cmp.w	sl, #0
10001540:	d010      	beq.n	10001564 <_out_rev+0x70>
10001542:	460e      	mov	r6, r1
10001544:	4655      	mov	r5, sl
10001546:	9b0c      	ldr	r3, [sp, #48]	@ 0x30
10001548:	442e      	add	r6, r5
1000154a:	449a      	add	sl, r3
1000154c:	9101      	str	r1, [sp, #4]
1000154e:	1b72      	subs	r2, r6, r5
10001550:	464b      	mov	r3, r9
10001552:	3d01      	subs	r5, #1
10001554:	4641      	mov	r1, r8
10001556:	f81a 0d01 	ldrb.w	r0, [sl, #-1]!
1000155a:	4634      	mov	r4, r6
1000155c:	47b8      	blx	r7
1000155e:	2d00      	cmp	r5, #0
10001560:	d1f5      	bne.n	1000154e <_out_rev+0x5a>
10001562:	9901      	ldr	r1, [sp, #4]
10001564:	9b0f      	ldr	r3, [sp, #60]	@ 0x3c
10001566:	079b      	lsls	r3, r3, #30
10001568:	d5e3      	bpl.n	10001532 <_out_rev+0x3e>
1000156a:	1a65      	subs	r5, r4, r1
1000156c:	45ab      	cmp	fp, r5
1000156e:	d9e0      	bls.n	10001532 <_out_rev+0x3e>
10001570:	4622      	mov	r2, r4
10001572:	464b      	mov	r3, r9
10001574:	4641      	mov	r1, r8
10001576:	2020      	movs	r0, #32
10001578:	3501      	adds	r5, #1
1000157a:	47b8      	blx	r7
1000157c:	455d      	cmp	r5, fp
1000157e:	f104 0401 	add.w	r4, r4, #1
10001582:	d3f5      	bcc.n	10001570 <_out_rev+0x7c>
10001584:	e7d5      	b.n	10001532 <_out_rev+0x3e>
10001586:	460c      	mov	r4, r1
10001588:	f1ba 0f00 	cmp.w	sl, #0
1000158c:	d1d9      	bne.n	10001542 <_out_rev+0x4e>
1000158e:	e7d0      	b.n	10001532 <_out_rev+0x3e>

10001590 <_ntoa_format>:
10001590:	e92d 4ff0 	stmdb	sp!, {r4, r5, r6, r7, r8, r9, sl, fp, lr}
10001594:	9f0f      	ldr	r7, [sp, #60]	@ 0x3c
10001596:	f8dd 8024 	ldr.w	r8, [sp, #36]	@ 0x24
1000159a:	f017 0f02 	tst.w	r7, #2
1000159e:	9c0a      	ldr	r4, [sp, #40]	@ 0x28
100015a0:	f89d a02c 	ldrb.w	sl, [sp, #44]	@ 0x2c
100015a4:	9d0e      	ldr	r5, [sp, #56]	@ 0x38
100015a6:	e9dd 960c 	ldrd	r9, r6, [sp, #48]	@ 0x30
100015aa:	d144      	bne.n	10001636 <_ntoa_format+0xa6>
100015ac:	bbf5      	cbnz	r5, 1000162c <_ntoa_format+0x9c>
100015ae:	42b4      	cmp	r4, r6
100015b0:	d241      	bcs.n	10001636 <_ntoa_format+0xa6>
100015b2:	f007 0b01 	and.w	fp, r7, #1
100015b6:	f104 3cff 	add.w	ip, r4, #4294967295
100015ba:	f04f 0e30 	mov.w	lr, #48	@ 0x30
100015be:	44c4      	add	ip, r8
100015c0:	e004      	b.n	100015cc <_ntoa_format+0x3c>
100015c2:	3401      	adds	r4, #1
100015c4:	42a6      	cmp	r6, r4
100015c6:	f80c ef01 	strb.w	lr, [ip, #1]!
100015ca:	d901      	bls.n	100015d0 <_ntoa_format+0x40>
100015cc:	2c20      	cmp	r4, #32
100015ce:	d1f8      	bne.n	100015c2 <_ntoa_format+0x32>
100015d0:	f1bb 0f00 	cmp.w	fp, #0
100015d4:	f000 8088 	beq.w	100016e8 <_ntoa_format+0x158>
100015d8:	42a5      	cmp	r5, r4
100015da:	d92c      	bls.n	10001636 <_ntoa_format+0xa6>
100015dc:	f104 3cff 	add.w	ip, r4, #4294967295
100015e0:	f04f 0e30 	mov.w	lr, #48	@ 0x30
100015e4:	44c4      	add	ip, r8
100015e6:	e004      	b.n	100015f2 <_ntoa_format+0x62>
100015e8:	3401      	adds	r4, #1
100015ea:	42ac      	cmp	r4, r5
100015ec:	f80c ef01 	strb.w	lr, [ip, #1]!
100015f0:	d021      	beq.n	10001636 <_ntoa_format+0xa6>
100015f2:	2c20      	cmp	r4, #32
100015f4:	d1f8      	bne.n	100015e8 <_ntoa_format+0x58>
100015f6:	f017 0f10 	tst.w	r7, #16
100015fa:	d00e      	beq.n	1000161a <_ntoa_format+0x8a>
100015fc:	f417 6f80 	tst.w	r7, #1024	@ 0x400
10001600:	d154      	bne.n	100016ac <_ntoa_format+0x11c>
10001602:	42a6      	cmp	r6, r4
10001604:	d063      	beq.n	100016ce <_ntoa_format+0x13e>
10001606:	42a5      	cmp	r5, r4
10001608:	d061      	beq.n	100016ce <_ntoa_format+0x13e>
1000160a:	f1b9 0f10 	cmp.w	r9, #16
1000160e:	d050      	beq.n	100016b2 <_ntoa_format+0x122>
10001610:	f1b9 0f02 	cmp.w	r9, #2
10001614:	d056      	beq.n	100016c4 <_ntoa_format+0x134>
10001616:	2c20      	cmp	r4, #32
10001618:	d129      	bne.n	1000166e <_ntoa_format+0xde>
1000161a:	2420      	movs	r4, #32
1000161c:	e9cd 570b 	strd	r5, r7, [sp, #44]	@ 0x2c
10001620:	e9cd 8409 	strd	r8, r4, [sp, #36]	@ 0x24
10001624:	e8bd 4ff0 	ldmia.w	sp!, {r4, r5, r6, r7, r8, r9, sl, fp, lr}
10001628:	f7ff bf64 	b.w	100014f4 <_out_rev>
1000162c:	f017 0b01 	ands.w	fp, r7, #1
10001630:	d134      	bne.n	1000169c <_ntoa_format+0x10c>
10001632:	42b4      	cmp	r4, r6
10001634:	d3bf      	bcc.n	100015b6 <_ntoa_format+0x26>
10001636:	f017 0f10 	tst.w	r7, #16
1000163a:	d01e      	beq.n	1000167a <_ntoa_format+0xea>
1000163c:	f417 6f80 	tst.w	r7, #1024	@ 0x400
10001640:	d1e3      	bne.n	1000160a <_ntoa_format+0x7a>
10001642:	2c00      	cmp	r4, #0
10001644:	d1dd      	bne.n	10001602 <_ntoa_format+0x72>
10001646:	f1b9 0f10 	cmp.w	r9, #16
1000164a:	d063      	beq.n	10001714 <_ntoa_format+0x184>
1000164c:	f1b9 0f02 	cmp.w	r9, #2
10001650:	d077      	beq.n	10001742 <_ntoa_format+0x1b2>
10001652:	2430      	movs	r4, #48	@ 0x30
10001654:	f888 4000 	strb.w	r4, [r8]
10001658:	2401      	movs	r4, #1
1000165a:	f1ba 0f00 	cmp.w	sl, #0
1000165e:	d111      	bne.n	10001684 <_ntoa_format+0xf4>
10001660:	077e      	lsls	r6, r7, #29
10001662:	d548      	bpl.n	100016f6 <_ntoa_format+0x166>
10001664:	262b      	movs	r6, #43	@ 0x2b
10001666:	f808 6004 	strb.w	r6, [r8, r4]
1000166a:	3401      	adds	r4, #1
1000166c:	e7d6      	b.n	1000161c <_ntoa_format+0x8c>
1000166e:	4626      	mov	r6, r4
10001670:	3401      	adds	r4, #1
10001672:	f04f 0c30 	mov.w	ip, #48	@ 0x30
10001676:	f808 c006 	strb.w	ip, [r8, r6]
1000167a:	2c20      	cmp	r4, #32
1000167c:	d0cd      	beq.n	1000161a <_ntoa_format+0x8a>
1000167e:	f1ba 0f00 	cmp.w	sl, #0
10001682:	d0ed      	beq.n	10001660 <_ntoa_format+0xd0>
10001684:	262d      	movs	r6, #45	@ 0x2d
10001686:	f808 6004 	strb.w	r6, [r8, r4]
1000168a:	3401      	adds	r4, #1
1000168c:	e9cd 570b 	strd	r5, r7, [sp, #44]	@ 0x2c
10001690:	e9cd 8409 	strd	r8, r4, [sp, #36]	@ 0x24
10001694:	e8bd 4ff0 	ldmia.w	sp!, {r4, r5, r6, r7, r8, r9, sl, fp, lr}
10001698:	f7ff bf2c 	b.w	100014f4 <_out_rev>
1000169c:	f1ba 0f00 	cmp.w	sl, #0
100016a0:	d030      	beq.n	10001704 <_ntoa_format+0x174>
100016a2:	42b4      	cmp	r4, r6
100016a4:	f105 35ff 	add.w	r5, r5, #4294967295
100016a8:	d385      	bcc.n	100015b6 <_ntoa_format+0x26>
100016aa:	e795      	b.n	100015d8 <_ntoa_format+0x48>
100016ac:	f1b9 0f10 	cmp.w	r9, #16
100016b0:	d1b3      	bne.n	1000161a <_ntoa_format+0x8a>
100016b2:	06be      	lsls	r6, r7, #26
100016b4:	d53b      	bpl.n	1000172e <_ntoa_format+0x19e>
100016b6:	2c20      	cmp	r4, #32
100016b8:	d0af      	beq.n	1000161a <_ntoa_format+0x8a>
100016ba:	2658      	movs	r6, #88	@ 0x58
100016bc:	f808 6004 	strb.w	r6, [r8, r4]
100016c0:	3401      	adds	r4, #1
100016c2:	e7a8      	b.n	10001616 <_ntoa_format+0x86>
100016c4:	2c20      	cmp	r4, #32
100016c6:	d0a8      	beq.n	1000161a <_ntoa_format+0x8a>
100016c8:	4626      	mov	r6, r4
100016ca:	3401      	adds	r4, #1
100016cc:	e007      	b.n	100016de <_ntoa_format+0x14e>
100016ce:	1e66      	subs	r6, r4, #1
100016d0:	d0b9      	beq.n	10001646 <_ntoa_format+0xb6>
100016d2:	f1b9 0f10 	cmp.w	r9, #16
100016d6:	d036      	beq.n	10001746 <_ntoa_format+0x1b6>
100016d8:	f1b9 0f02 	cmp.w	r9, #2
100016dc:	d1c9      	bne.n	10001672 <_ntoa_format+0xe2>
100016de:	f04f 0c62 	mov.w	ip, #98	@ 0x62
100016e2:	f808 c006 	strb.w	ip, [r8, r6]
100016e6:	e796      	b.n	10001616 <_ntoa_format+0x86>
100016e8:	f017 0f10 	tst.w	r7, #16
100016ec:	d0c5      	beq.n	1000167a <_ntoa_format+0xea>
100016ee:	f417 6f80 	tst.w	r7, #1024	@ 0x400
100016f2:	d086      	beq.n	10001602 <_ntoa_format+0x72>
100016f4:	e789      	b.n	1000160a <_ntoa_format+0x7a>
100016f6:	073e      	lsls	r6, r7, #28
100016f8:	d590      	bpl.n	1000161c <_ntoa_format+0x8c>
100016fa:	2620      	movs	r6, #32
100016fc:	f808 6004 	strb.w	r6, [r8, r4]
10001700:	3401      	adds	r4, #1
10001702:	e78b      	b.n	1000161c <_ntoa_format+0x8c>
10001704:	f017 0f0c 	tst.w	r7, #12
10001708:	d000      	beq.n	1000170c <_ntoa_format+0x17c>
1000170a:	3d01      	subs	r5, #1
1000170c:	42b4      	cmp	r4, r6
1000170e:	f4ff af52 	bcc.w	100015b6 <_ntoa_format+0x26>
10001712:	e761      	b.n	100015d8 <_ntoa_format+0x48>
10001714:	06bc      	lsls	r4, r7, #26
10001716:	d412      	bmi.n	1000173e <_ntoa_format+0x1ae>
10001718:	2478      	movs	r4, #120	@ 0x78
1000171a:	f888 4000 	strb.w	r4, [r8]
1000171e:	2430      	movs	r4, #48	@ 0x30
10001720:	f888 4001 	strb.w	r4, [r8, #1]
10001724:	2402      	movs	r4, #2
10001726:	f1ba 0f00 	cmp.w	sl, #0
1000172a:	d099      	beq.n	10001660 <_ntoa_format+0xd0>
1000172c:	e7aa      	b.n	10001684 <_ntoa_format+0xf4>
1000172e:	2c20      	cmp	r4, #32
10001730:	f43f af73 	beq.w	1000161a <_ntoa_format+0x8a>
10001734:	2678      	movs	r6, #120	@ 0x78
10001736:	f808 6004 	strb.w	r6, [r8, r4]
1000173a:	3401      	adds	r4, #1
1000173c:	e76b      	b.n	10001616 <_ntoa_format+0x86>
1000173e:	2458      	movs	r4, #88	@ 0x58
10001740:	e7eb      	b.n	1000171a <_ntoa_format+0x18a>
10001742:	2462      	movs	r4, #98	@ 0x62
10001744:	e7e9      	b.n	1000171a <_ntoa_format+0x18a>
10001746:	f017 0f20 	tst.w	r7, #32
1000174a:	f1a4 0c02 	sub.w	ip, r4, #2
1000174e:	d004      	beq.n	1000175a <_ntoa_format+0x1ca>
10001750:	f04f 0e58 	mov.w	lr, #88	@ 0x58
10001754:	f808 e00c 	strb.w	lr, [r8, ip]
10001758:	e78b      	b.n	10001672 <_ntoa_format+0xe2>
1000175a:	f04f 0e78 	mov.w	lr, #120	@ 0x78
1000175e:	f808 e00c 	strb.w	lr, [r8, ip]
10001762:	e786      	b.n	10001672 <_ntoa_format+0xe2>

10001764 <_out_char>:
10001764:	b900      	cbnz	r0, 10001768 <_out_char+0x4>
10001766:	4770      	bx	lr
10001768:	f001 bb3e 	b.w	10002de8 <__wrap_putchar>
1000176c:	0000      	movs	r0, r0
	...

10001770 <_ftoa>:
10001770:	e92d 4ff0 	stmdb	sp!, {r4, r5, r6, r7, r8, r9, sl, fp, lr}
10001774:	b097      	sub	sp, #92	@ 0x5c
10001776:	ed9d 7b20 	vldr	d7, [sp, #128]	@ 0x80
1000177a:	e9dd 5b22 	ldrd	r5, fp, [sp, #136]	@ 0x88
1000177e:	4607      	mov	r7, r0
10001780:	4688      	mov	r8, r1
10001782:	ec51 0b17 	vmov	r0, r1, d7
10001786:	9c24      	ldr	r4, [sp, #144]	@ 0x90
10001788:	4699      	mov	r9, r3
1000178a:	920c      	str	r2, [sp, #48]	@ 0x30
1000178c:	460b      	mov	r3, r1
1000178e:	4602      	mov	r2, r0
10001790:	ed8d 7b04 	vstr	d7, [sp, #16]
10001794:	9407      	str	r4, [sp, #28]
10001796:	f7ff fe35 	bl	10001404 <__wrap___aeabi_dcmpun>
1000179a:	2800      	cmp	r0, #0
1000179c:	f040 81f4 	bne.w	10001b88 <_ftoa+0x418>
100017a0:	e9dd 0104 	ldrd	r0, r1, [sp, #16]
100017a4:	f04f 32ff 	mov.w	r2, #4294967295
100017a8:	f46f 1380 	mvn.w	r3, #1048576	@ 0x100000
100017ac:	f7ff fe3c 	bl	10001428 <__wrap___aeabi_dcmplt>
100017b0:	2800      	cmp	r0, #0
100017b2:	f040 811b 	bne.w	100019ec <_ftoa+0x27c>
100017b6:	e9dd 0104 	ldrd	r0, r1, [sp, #16]
100017ba:	f04f 32ff 	mov.w	r2, #4294967295
100017be:	4bac      	ldr	r3, [pc, #688]	@ (10001a70 <_ftoa+0x300>)
100017c0:	f7ff fe6e 	bl	100014a0 <__wrap___aeabi_dcmpgt>
100017c4:	2800      	cmp	r0, #0
100017c6:	f040 80ee 	bne.w	100019a6 <_ftoa+0x236>
100017ca:	e9dd 0104 	ldrd	r0, r1, [sp, #16]
100017ce:	a3a4      	add	r3, pc, #656	@ (adr r3, 10001a60 <_ftoa+0x2f0>)
100017d0:	e9d3 2300 	ldrd	r2, r3, [r3]
100017d4:	f7ff fe64 	bl	100014a0 <__wrap___aeabi_dcmpgt>
100017d8:	2800      	cmp	r0, #0
100017da:	f040 80d3 	bne.w	10001984 <_ftoa+0x214>
100017de:	e9dd 0104 	ldrd	r0, r1, [sp, #16]
100017e2:	a3a1      	add	r3, pc, #644	@ (adr r3, 10001a68 <_ftoa+0x2f8>)
100017e4:	e9d3 2300 	ldrd	r2, r3, [r3]
100017e8:	f7ff fe1e 	bl	10001428 <__wrap___aeabi_dcmplt>
100017ec:	2800      	cmp	r0, #0
100017ee:	f040 80c9 	bne.w	10001984 <_ftoa+0x214>
100017f2:	e9dd 0104 	ldrd	r0, r1, [sp, #16]
100017f6:	2200      	movs	r2, #0
100017f8:	2300      	movs	r3, #0
100017fa:	f7ff fe15 	bl	10001428 <__wrap___aeabi_dcmplt>
100017fe:	2800      	cmp	r0, #0
10001800:	f040 80e8 	bne.w	100019d4 <_ftoa+0x264>
10001804:	4623      	mov	r3, r4
10001806:	900d      	str	r0, [sp, #52]	@ 0x34
10001808:	f413 6f80 	tst.w	r3, #1024	@ 0x400
1000180c:	bf08      	it	eq
1000180e:	2506      	moveq	r5, #6
10001810:	2130      	movs	r1, #48	@ 0x30
10001812:	462b      	mov	r3, r5
10001814:	aa0e      	add	r2, sp, #56	@ 0x38
10001816:	f1a5 0620 	sub.w	r6, r5, #32
1000181a:	e005      	b.n	10001828 <_ftoa+0xb8>
1000181c:	3b01      	subs	r3, #1
1000181e:	42b3      	cmp	r3, r6
10001820:	f802 1b01 	strb.w	r1, [r2], #1
10001824:	f000 8193 	beq.w	10001b4e <_ftoa+0x3de>
10001828:	2b09      	cmp	r3, #9
1000182a:	d8f7      	bhi.n	1000181c <_ftoa+0xac>
1000182c:	461e      	mov	r6, r3
1000182e:	1aed      	subs	r5, r5, r3
10001830:	e9dd 0104 	ldrd	r0, r1, [sp, #16]
10001834:	f7ff fdc2 	bl	100013bc <__wrap___aeabi_d2iz>
10001838:	4b8e      	ldr	r3, [pc, #568]	@ (10001a74 <_ftoa+0x304>)
1000183a:	4604      	mov	r4, r0
1000183c:	eb03 03c6 	add.w	r3, r3, r6, lsl #3
10001840:	ed93 7b00 	vldr	d7, [r3]
10001844:	ed8d 7b08 	vstr	d7, [sp, #32]
10001848:	f7ff fd94 	bl	10001374 <__wrap___aeabi_i2d>
1000184c:	4602      	mov	r2, r0
1000184e:	460b      	mov	r3, r1
10001850:	e9dd 0104 	ldrd	r0, r1, [sp, #16]
10001854:	f7ff fcf8 	bl	10001248 <__wrap___aeabi_dsub>
10001858:	e9dd 2308 	ldrd	r2, r3, [sp, #32]
1000185c:	f7ff fd08 	bl	10001270 <__wrap___aeabi_dmul>
10001860:	4602      	mov	r2, r0
10001862:	460b      	mov	r3, r1
10001864:	e9cd 230a 	strd	r2, r3, [sp, #40]	@ 0x28
10001868:	f7ff fdba 	bl	100013e0 <__wrap___aeabi_d2uiz>
1000186c:	4682      	mov	sl, r0
1000186e:	f7ff fd93 	bl	10001398 <__wrap___aeabi_ui2d>
10001872:	4602      	mov	r2, r0
10001874:	460b      	mov	r3, r1
10001876:	e9dd 010a 	ldrd	r0, r1, [sp, #40]	@ 0x28
1000187a:	f7ff fce5 	bl	10001248 <__wrap___aeabi_dsub>
1000187e:	4602      	mov	r2, r0
10001880:	460b      	mov	r3, r1
10001882:	e9cd 230a 	strd	r2, r3, [sp, #40]	@ 0x28
10001886:	2200      	movs	r2, #0
10001888:	4b7b      	ldr	r3, [pc, #492]	@ (10001a78 <_ftoa+0x308>)
1000188a:	f7ff fe09 	bl	100014a0 <__wrap___aeabi_dcmpgt>
1000188e:	2800      	cmp	r0, #0
10001890:	f000 80fe 	beq.w	10001a90 <_ftoa+0x320>
10001894:	f10a 0a01 	add.w	sl, sl, #1
10001898:	4650      	mov	r0, sl
1000189a:	f7ff fd7d 	bl	10001398 <__wrap___aeabi_ui2d>
1000189e:	4602      	mov	r2, r0
100018a0:	460b      	mov	r3, r1
100018a2:	e9dd 0108 	ldrd	r0, r1, [sp, #32]
100018a6:	f7ff fdd3 	bl	10001450 <__wrap___aeabi_dcmple>
100018aa:	b110      	cbz	r0, 100018b2 <_ftoa+0x142>
100018ac:	f04f 0a00 	mov.w	sl, #0
100018b0:	3401      	adds	r4, #1
100018b2:	2e00      	cmp	r6, #0
100018b4:	f000 80fd 	beq.w	10001ab2 <_ftoa+0x342>
100018b8:	1e68      	subs	r0, r5, #1
100018ba:	ab0e      	add	r3, sp, #56	@ 0x38
100018bc:	f8df c1cc 	ldr.w	ip, [pc, #460]	@ 10001a8c <_ftoa+0x31c>
100018c0:	4418      	add	r0, r3
100018c2:	e00f      	b.n	100018e4 <_ftoa+0x174>
100018c4:	fbac 210a 	umull	r2, r1, ip, sl
100018c8:	08c9      	lsrs	r1, r1, #3
100018ca:	eb01 0281 	add.w	r2, r1, r1, lsl #2
100018ce:	ebaa 0242 	sub.w	r2, sl, r2, lsl #1
100018d2:	3230      	adds	r2, #48	@ 0x30
100018d4:	f1ba 0f09 	cmp.w	sl, #9
100018d8:	f800 2f01 	strb.w	r2, [r0, #1]!
100018dc:	f240 811c 	bls.w	10001b18 <_ftoa+0x3a8>
100018e0:	468a      	mov	sl, r1
100018e2:	461d      	mov	r5, r3
100018e4:	2d20      	cmp	r5, #32
100018e6:	f105 0301 	add.w	r3, r5, #1
100018ea:	f106 36ff 	add.w	r6, r6, #4294967295
100018ee:	d1e9      	bne.n	100018c4 <_ftoa+0x154>
100018f0:	2520      	movs	r5, #32
100018f2:	1e69      	subs	r1, r5, #1
100018f4:	ab0e      	add	r3, sp, #56	@ 0x38
100018f6:	4861      	ldr	r0, [pc, #388]	@ (10001a7c <_ftoa+0x30c>)
100018f8:	4419      	add	r1, r3
100018fa:	e010      	b.n	1000191e <_ftoa+0x1ae>
100018fc:	fb80 6204 	smull	r6, r2, r0, r4
10001900:	ebc3 03a2 	rsb	r3, r3, r2, asr #2
10001904:	eb03 0283 	add.w	r2, r3, r3, lsl #2
10001908:	eba4 0442 	sub.w	r4, r4, r2, lsl #1
1000190c:	f104 0230 	add.w	r2, r4, #48	@ 0x30
10001910:	3501      	adds	r5, #1
10001912:	461c      	mov	r4, r3
10001914:	f801 2f01 	strb.w	r2, [r1, #1]!
10001918:	2b00      	cmp	r3, #0
1000191a:	f000 80eb 	beq.w	10001af4 <_ftoa+0x384>
1000191e:	2d20      	cmp	r5, #32
10001920:	ea4f 73e4 	mov.w	r3, r4, asr #31
10001924:	d1ea      	bne.n	100018fc <_ftoa+0x18c>
10001926:	9b07      	ldr	r3, [sp, #28]
10001928:	f003 0303 	and.w	r3, r3, #3
1000192c:	2b01      	cmp	r3, #1
1000192e:	d118      	bne.n	10001962 <_ftoa+0x1f2>
10001930:	f1bb 0f00 	cmp.w	fp, #0
10001934:	d015      	beq.n	10001962 <_ftoa+0x1f2>
10001936:	9b0d      	ldr	r3, [sp, #52]	@ 0x34
10001938:	2b00      	cmp	r3, #0
1000193a:	f000 810a 	beq.w	10001b52 <_ftoa+0x3e2>
1000193e:	f10b 3bff 	add.w	fp, fp, #4294967295
10001942:	f1bb 0f20 	cmp.w	fp, #32
10001946:	d90c      	bls.n	10001962 <_ftoa+0x1f2>
10001948:	1e6b      	subs	r3, r5, #1
1000194a:	a90e      	add	r1, sp, #56	@ 0x38
1000194c:	2230      	movs	r2, #48	@ 0x30
1000194e:	440b      	add	r3, r1
10001950:	e005      	b.n	1000195e <_ftoa+0x1ee>
10001952:	3501      	adds	r5, #1
10001954:	455d      	cmp	r5, fp
10001956:	f803 2f01 	strb.w	r2, [r3, #1]!
1000195a:	f080 80d1 	bcs.w	10001b00 <_ftoa+0x390>
1000195e:	2d20      	cmp	r5, #32
10001960:	d1f7      	bne.n	10001952 <_ftoa+0x1e2>
10001962:	9b07      	ldr	r3, [sp, #28]
10001964:	ac0e      	add	r4, sp, #56	@ 0x38
10001966:	e9cd b302 	strd	fp, r3, [sp, #8]
1000196a:	4641      	mov	r1, r8
1000196c:	464b      	mov	r3, r9
1000196e:	4638      	mov	r0, r7
10001970:	9a0c      	ldr	r2, [sp, #48]	@ 0x30
10001972:	9501      	str	r5, [sp, #4]
10001974:	9400      	str	r4, [sp, #0]
10001976:	f7ff fdbd 	bl	100014f4 <_out_rev>
1000197a:	4682      	mov	sl, r0
1000197c:	4650      	mov	r0, sl
1000197e:	b017      	add	sp, #92	@ 0x5c
10001980:	e8bd 8ff0 	ldmia.w	sp!, {r4, r5, r6, r7, r8, r9, sl, fp, pc}
10001984:	9b07      	ldr	r3, [sp, #28]
10001986:	ed9d 7b04 	vldr	d7, [sp, #16]
1000198a:	e9cd b323 	strd	fp, r3, [sp, #140]	@ 0x8c
1000198e:	4641      	mov	r1, r8
10001990:	464b      	mov	r3, r9
10001992:	4638      	mov	r0, r7
10001994:	9a0c      	ldr	r2, [sp, #48]	@ 0x30
10001996:	ed8d 7b20 	vstr	d7, [sp, #128]	@ 0x80
1000199a:	9522      	str	r5, [sp, #136]	@ 0x88
1000199c:	b017      	add	sp, #92	@ 0x5c
1000199e:	e8bd 4ff0 	ldmia.w	sp!, {r4, r5, r6, r7, r8, r9, sl, fp, lr}
100019a2:	f000 b945 	b.w	10001c30 <_etoa>
100019a6:	0761      	lsls	r1, r4, #29
100019a8:	4623      	mov	r3, r4
100019aa:	bf4c      	ite	mi
100019ac:	2304      	movmi	r3, #4
100019ae:	2303      	movpl	r3, #3
100019b0:	4641      	mov	r1, r8
100019b2:	9321      	str	r3, [sp, #132]	@ 0x84
100019b4:	4638      	mov	r0, r7
100019b6:	464b      	mov	r3, r9
100019b8:	9a07      	ldr	r2, [sp, #28]
100019ba:	bf48      	it	mi
100019bc:	4c30      	ldrmi	r4, [pc, #192]	@ (10001a80 <_ftoa+0x310>)
100019be:	e9cd b222 	strd	fp, r2, [sp, #136]	@ 0x88
100019c2:	bf58      	it	pl
100019c4:	4c2f      	ldrpl	r4, [pc, #188]	@ (10001a84 <_ftoa+0x314>)
100019c6:	9a0c      	ldr	r2, [sp, #48]	@ 0x30
100019c8:	9420      	str	r4, [sp, #128]	@ 0x80
100019ca:	b017      	add	sp, #92	@ 0x5c
100019cc:	e8bd 4ff0 	ldmia.w	sp!, {r4, r5, r6, r7, r8, r9, sl, fp, lr}
100019d0:	f7ff bd90 	b.w	100014f4 <_out_rev>
100019d4:	e9dd 2304 	ldrd	r2, r3, [sp, #16]
100019d8:	2000      	movs	r0, #0
100019da:	2100      	movs	r1, #0
100019dc:	f7ff fc34 	bl	10001248 <__wrap___aeabi_dsub>
100019e0:	2301      	movs	r3, #1
100019e2:	e9cd 0104 	strd	r0, r1, [sp, #16]
100019e6:	930d      	str	r3, [sp, #52]	@ 0x34
100019e8:	4623      	mov	r3, r4
100019ea:	e70d      	b.n	10001808 <_ftoa+0x98>
100019ec:	4623      	mov	r3, r4
100019ee:	079c      	lsls	r4, r3, #30
100019f0:	f040 80aa 	bne.w	10001b48 <_ftoa+0x3d8>
100019f4:	f1bb 0f04 	cmp.w	fp, #4
100019f8:	f240 80a6 	bls.w	10001b48 <_ftoa+0x3d8>
100019fc:	9b0c      	ldr	r3, [sp, #48]	@ 0x30
100019fe:	461d      	mov	r5, r3
10001a00:	1f1c      	subs	r4, r3, #4
10001a02:	eb04 0a0b 	add.w	sl, r4, fp
10001a06:	462a      	mov	r2, r5
10001a08:	464b      	mov	r3, r9
10001a0a:	4641      	mov	r1, r8
10001a0c:	2020      	movs	r0, #32
10001a0e:	3501      	adds	r5, #1
10001a10:	47b8      	blx	r7
10001a12:	45aa      	cmp	sl, r5
10001a14:	d1f7      	bne.n	10001a06 <_ftoa+0x296>
10001a16:	4655      	mov	r5, sl
10001a18:	4c1b      	ldr	r4, [pc, #108]	@ (10001a88 <_ftoa+0x318>)
10001a1a:	1f26      	subs	r6, r4, #4
10001a1c:	f814 0d01 	ldrb.w	r0, [r4, #-1]!
10001a20:	462a      	mov	r2, r5
10001a22:	464b      	mov	r3, r9
10001a24:	4641      	mov	r1, r8
10001a26:	47b8      	blx	r7
10001a28:	42b4      	cmp	r4, r6
10001a2a:	f105 0501 	add.w	r5, r5, #1
10001a2e:	d1f5      	bne.n	10001a1c <_ftoa+0x2ac>
10001a30:	9b07      	ldr	r3, [sp, #28]
10001a32:	f10a 0a04 	add.w	sl, sl, #4
10001a36:	0798      	lsls	r0, r3, #30
10001a38:	d5a0      	bpl.n	1000197c <_ftoa+0x20c>
10001a3a:	9c0c      	ldr	r4, [sp, #48]	@ 0x30
10001a3c:	ebaa 0304 	sub.w	r3, sl, r4
10001a40:	459b      	cmp	fp, r3
10001a42:	d99b      	bls.n	1000197c <_ftoa+0x20c>
10001a44:	4652      	mov	r2, sl
10001a46:	464b      	mov	r3, r9
10001a48:	4641      	mov	r1, r8
10001a4a:	2020      	movs	r0, #32
10001a4c:	f10a 0a01 	add.w	sl, sl, #1
10001a50:	47b8      	blx	r7
10001a52:	ebaa 0304 	sub.w	r3, sl, r4
10001a56:	455b      	cmp	r3, fp
10001a58:	d3f4      	bcc.n	10001a44 <_ftoa+0x2d4>
10001a5a:	e78f      	b.n	1000197c <_ftoa+0x20c>
10001a5c:	f3af 8000 	nop.w
10001a60:	00000000 	.word	0x00000000
10001a64:	41cdcd65 	.word	0x41cdcd65
10001a68:	00000000 	.word	0x00000000
10001a6c:	c1cdcd65 	.word	0xc1cdcd65
10001a70:	7fefffff 	.word	0x7fefffff
10001a74:	10006130 	.word	0x10006130
10001a78:	3fe00000 	.word	0x3fe00000
10001a7c:	66666667 	.word	0x66666667
10001a80:	100060a8 	.word	0x100060a8
10001a84:	100060b0 	.word	0x100060b0
10001a88:	100060bc 	.word	0x100060bc
10001a8c:	cccccccd 	.word	0xcccccccd
10001a90:	2200      	movs	r2, #0
10001a92:	e9dd 010a 	ldrd	r0, r1, [sp, #40]	@ 0x28
10001a96:	4b63      	ldr	r3, [pc, #396]	@ (10001c24 <_ftoa+0x4b4>)
10001a98:	f7ff fcc6 	bl	10001428 <__wrap___aeabi_dcmplt>
10001a9c:	2800      	cmp	r0, #0
10001a9e:	f47f af08 	bne.w	100018b2 <_ftoa+0x142>
10001aa2:	f1ba 0f00 	cmp.w	sl, #0
10001aa6:	d16a      	bne.n	10001b7e <_ftoa+0x40e>
10001aa8:	f10a 0a01 	add.w	sl, sl, #1
10001aac:	2e00      	cmp	r6, #0
10001aae:	f47f af03 	bne.w	100018b8 <_ftoa+0x148>
10001ab2:	4620      	mov	r0, r4
10001ab4:	f7ff fc5e 	bl	10001374 <__wrap___aeabi_i2d>
10001ab8:	4602      	mov	r2, r0
10001aba:	460b      	mov	r3, r1
10001abc:	e9dd 0104 	ldrd	r0, r1, [sp, #16]
10001ac0:	f7ff fbc2 	bl	10001248 <__wrap___aeabi_dsub>
10001ac4:	4602      	mov	r2, r0
10001ac6:	460b      	mov	r3, r1
10001ac8:	e9cd 2304 	strd	r2, r3, [sp, #16]
10001acc:	2200      	movs	r2, #0
10001ace:	4b55      	ldr	r3, [pc, #340]	@ (10001c24 <_ftoa+0x4b4>)
10001ad0:	f7ff fcaa 	bl	10001428 <__wrap___aeabi_dcmplt>
10001ad4:	2800      	cmp	r0, #0
10001ad6:	f47f af0c 	bne.w	100018f2 <_ftoa+0x182>
10001ada:	e9dd 0104 	ldrd	r0, r1, [sp, #16]
10001ade:	2200      	movs	r2, #0
10001ae0:	4b50      	ldr	r3, [pc, #320]	@ (10001c24 <_ftoa+0x4b4>)
10001ae2:	f7ff fcdd 	bl	100014a0 <__wrap___aeabi_dcmpgt>
10001ae6:	2800      	cmp	r0, #0
10001ae8:	f47f af03 	bne.w	100018f2 <_ftoa+0x182>
10001aec:	3401      	adds	r4, #1
10001aee:	f024 0401 	bic.w	r4, r4, #1
10001af2:	e6fe      	b.n	100018f2 <_ftoa+0x182>
10001af4:	9b07      	ldr	r3, [sp, #28]
10001af6:	f003 0303 	and.w	r3, r3, #3
10001afa:	2b01      	cmp	r3, #1
10001afc:	f000 8082 	beq.w	10001c04 <_ftoa+0x494>
10001b00:	2d20      	cmp	r5, #32
10001b02:	f43f af2e 	beq.w	10001962 <_ftoa+0x1f2>
10001b06:	9b0d      	ldr	r3, [sp, #52]	@ 0x34
10001b08:	b37b      	cbz	r3, 10001b6a <_ftoa+0x3fa>
10001b0a:	222d      	movs	r2, #45	@ 0x2d
10001b0c:	eb0d 0305 	add.w	r3, sp, r5
10001b10:	f883 2038 	strb.w	r2, [r3, #56]	@ 0x38
10001b14:	3501      	adds	r5, #1
10001b16:	e724      	b.n	10001962 <_ftoa+0x1f2>
10001b18:	2b20      	cmp	r3, #32
10001b1a:	f43f aee9 	beq.w	100018f0 <_ftoa+0x180>
10001b1e:	aa0e      	add	r2, sp, #56	@ 0x38
10001b20:	4415      	add	r5, r2
10001b22:	441e      	add	r6, r3
10001b24:	2230      	movs	r2, #48	@ 0x30
10001b26:	e004      	b.n	10001b32 <_ftoa+0x3c2>
10001b28:	2b20      	cmp	r3, #32
10001b2a:	f805 2f01 	strb.w	r2, [r5, #1]!
10001b2e:	f43f aedf 	beq.w	100018f0 <_ftoa+0x180>
10001b32:	429e      	cmp	r6, r3
10001b34:	f103 0301 	add.w	r3, r3, #1
10001b38:	d1f6      	bne.n	10001b28 <_ftoa+0x3b8>
10001b3a:	222e      	movs	r2, #46	@ 0x2e
10001b3c:	eb0d 0306 	add.w	r3, sp, r6
10001b40:	f883 2038 	strb.w	r2, [r3, #56]	@ 0x38
10001b44:	1c75      	adds	r5, r6, #1
10001b46:	e6d4      	b.n	100018f2 <_ftoa+0x182>
10001b48:	f8dd a030 	ldr.w	sl, [sp, #48]	@ 0x30
10001b4c:	e763      	b.n	10001a16 <_ftoa+0x2a6>
10001b4e:	2520      	movs	r5, #32
10001b50:	e66e      	b.n	10001830 <_ftoa+0xc0>
10001b52:	9b07      	ldr	r3, [sp, #28]
10001b54:	f013 0f0c 	tst.w	r3, #12
10001b58:	d050      	beq.n	10001bfc <_ftoa+0x48c>
10001b5a:	f10b 3bff 	add.w	fp, fp, #4294967295
10001b5e:	45ab      	cmp	fp, r5
10001b60:	f63f aef2 	bhi.w	10001948 <_ftoa+0x1d8>
10001b64:	2d20      	cmp	r5, #32
10001b66:	f43f aefc 	beq.w	10001962 <_ftoa+0x1f2>
10001b6a:	9b07      	ldr	r3, [sp, #28]
10001b6c:	075a      	lsls	r2, r3, #29
10001b6e:	d501      	bpl.n	10001b74 <_ftoa+0x404>
10001b70:	222b      	movs	r2, #43	@ 0x2b
10001b72:	e7cb      	b.n	10001b0c <_ftoa+0x39c>
10001b74:	071b      	lsls	r3, r3, #28
10001b76:	f57f aef4 	bpl.w	10001962 <_ftoa+0x1f2>
10001b7a:	2220      	movs	r2, #32
10001b7c:	e7c6      	b.n	10001b0c <_ftoa+0x39c>
10001b7e:	f01a 0f01 	tst.w	sl, #1
10001b82:	f43f ae96 	beq.w	100018b2 <_ftoa+0x142>
10001b86:	e78f      	b.n	10001aa8 <_ftoa+0x338>
10001b88:	07a6      	lsls	r6, r4, #30
10001b8a:	d134      	bne.n	10001bf6 <_ftoa+0x486>
10001b8c:	f1bb 0f03 	cmp.w	fp, #3
10001b90:	d931      	bls.n	10001bf6 <_ftoa+0x486>
10001b92:	9b0c      	ldr	r3, [sp, #48]	@ 0x30
10001b94:	461d      	mov	r5, r3
10001b96:	1edc      	subs	r4, r3, #3
10001b98:	eb04 0a0b 	add.w	sl, r4, fp
10001b9c:	462a      	mov	r2, r5
10001b9e:	464b      	mov	r3, r9
10001ba0:	4641      	mov	r1, r8
10001ba2:	2020      	movs	r0, #32
10001ba4:	3501      	adds	r5, #1
10001ba6:	47b8      	blx	r7
10001ba8:	4555      	cmp	r5, sl
10001baa:	d1f7      	bne.n	10001b9c <_ftoa+0x42c>
10001bac:	4655      	mov	r5, sl
10001bae:	4c1e      	ldr	r4, [pc, #120]	@ (10001c28 <_ftoa+0x4b8>)
10001bb0:	1ee6      	subs	r6, r4, #3
10001bb2:	f814 0d01 	ldrb.w	r0, [r4, #-1]!
10001bb6:	462a      	mov	r2, r5
10001bb8:	464b      	mov	r3, r9
10001bba:	4641      	mov	r1, r8
10001bbc:	47b8      	blx	r7
10001bbe:	42a6      	cmp	r6, r4
10001bc0:	f105 0501 	add.w	r5, r5, #1
10001bc4:	d1f5      	bne.n	10001bb2 <_ftoa+0x442>
10001bc6:	9b07      	ldr	r3, [sp, #28]
10001bc8:	f10a 0a03 	add.w	sl, sl, #3
10001bcc:	079d      	lsls	r5, r3, #30
10001bce:	f57f aed5 	bpl.w	1000197c <_ftoa+0x20c>
10001bd2:	9c0c      	ldr	r4, [sp, #48]	@ 0x30
10001bd4:	ebaa 0304 	sub.w	r3, sl, r4
10001bd8:	459b      	cmp	fp, r3
10001bda:	f67f aecf 	bls.w	1000197c <_ftoa+0x20c>
10001bde:	4652      	mov	r2, sl
10001be0:	464b      	mov	r3, r9
10001be2:	4641      	mov	r1, r8
10001be4:	2020      	movs	r0, #32
10001be6:	f10a 0a01 	add.w	sl, sl, #1
10001bea:	47b8      	blx	r7
10001bec:	ebaa 0304 	sub.w	r3, sl, r4
10001bf0:	459b      	cmp	fp, r3
10001bf2:	d8f4      	bhi.n	10001bde <_ftoa+0x46e>
10001bf4:	e6c2      	b.n	1000197c <_ftoa+0x20c>
10001bf6:	f8dd a030 	ldr.w	sl, [sp, #48]	@ 0x30
10001bfa:	e7d7      	b.n	10001bac <_ftoa+0x43c>
10001bfc:	45ab      	cmp	fp, r5
10001bfe:	f63f aea3 	bhi.w	10001948 <_ftoa+0x1d8>
10001c02:	e6ae      	b.n	10001962 <_ftoa+0x1f2>
10001c04:	f1bb 0f00 	cmp.w	fp, #0
10001c08:	f43f af7a 	beq.w	10001b00 <_ftoa+0x390>
10001c0c:	9b0d      	ldr	r3, [sp, #52]	@ 0x34
10001c0e:	2b00      	cmp	r3, #0
10001c10:	d09f      	beq.n	10001b52 <_ftoa+0x3e2>
10001c12:	f10b 3bff 	add.w	fp, fp, #4294967295
10001c16:	455d      	cmp	r5, fp
10001c18:	f4ff ae96 	bcc.w	10001948 <_ftoa+0x1d8>
10001c1c:	2d20      	cmp	r5, #32
10001c1e:	f47f af74 	bne.w	10001b0a <_ftoa+0x39a>
10001c22:	e69e      	b.n	10001962 <_ftoa+0x1f2>
10001c24:	3fe00000 	.word	0x3fe00000
10001c28:	100060b7 	.word	0x100060b7
10001c2c:	00000000 	.word	0x00000000

10001c30 <_etoa>:
10001c30:	e92d 4ff0 	stmdb	sp!, {r4, r5, r6, r7, r8, r9, sl, fp, lr}
10001c34:	b09f      	sub	sp, #124	@ 0x7c
10001c36:	9e2a      	ldr	r6, [sp, #168]	@ 0xa8
10001c38:	e9dd 4528 	ldrd	r4, r5, [sp, #160]	@ 0xa0
10001c3c:	4607      	mov	r7, r0
10001c3e:	4693      	mov	fp, r2
10001c40:	9108      	str	r1, [sp, #32]
10001c42:	9309      	str	r3, [sp, #36]	@ 0x24
10001c44:	4622      	mov	r2, r4
10001c46:	462b      	mov	r3, r5
10001c48:	4620      	mov	r0, r4
10001c4a:	4629      	mov	r1, r5
10001c4c:	960e      	str	r6, [sp, #56]	@ 0x38
10001c4e:	e9dd a62b 	ldrd	sl, r6, [sp, #172]	@ 0xac
10001c52:	f7ff fbd7 	bl	10001404 <__wrap___aeabi_dcmpun>
10001c56:	2800      	cmp	r0, #0
10001c58:	f040 80be 	bne.w	10001dd8 <_etoa+0x1a8>
10001c5c:	4620      	mov	r0, r4
10001c5e:	4629      	mov	r1, r5
10001c60:	f04f 32ff 	mov.w	r2, #4294967295
10001c64:	4b78      	ldr	r3, [pc, #480]	@ (10001e48 <_etoa+0x218>)
10001c66:	f7ff fc1b 	bl	100014a0 <__wrap___aeabi_dcmpgt>
10001c6a:	2800      	cmp	r0, #0
10001c6c:	f040 80b4 	bne.w	10001dd8 <_etoa+0x1a8>
10001c70:	4620      	mov	r0, r4
10001c72:	4629      	mov	r1, r5
10001c74:	f04f 32ff 	mov.w	r2, #4294967295
10001c78:	f46f 1380 	mvn.w	r3, #1048576	@ 0x100000
10001c7c:	f7ff fbd4 	bl	10001428 <__wrap___aeabi_dcmplt>
10001c80:	2800      	cmp	r0, #0
10001c82:	f040 80a9 	bne.w	10001dd8 <_etoa+0x1a8>
10001c86:	4620      	mov	r0, r4
10001c88:	4629      	mov	r1, r5
10001c8a:	2200      	movs	r2, #0
10001c8c:	2300      	movs	r3, #0
10001c8e:	f7ff fbcb 	bl	10001428 <__wrap___aeabi_dcmplt>
10001c92:	2800      	cmp	r0, #0
10001c94:	f040 81d5 	bne.w	10002042 <_etoa+0x412>
10001c98:	e9cd 450a 	strd	r4, r5, [sp, #40]	@ 0x28
10001c9c:	e9dd 230a 	ldrd	r2, r3, [sp, #40]	@ 0x28
10001ca0:	4690      	mov	r8, r2
10001ca2:	4699      	mov	r9, r3
10001ca4:	f406 6200 	and.w	r2, r6, #2048	@ 0x800
10001ca8:	f416 6380 	ands.w	r3, r6, #1024	@ 0x400
10001cac:	920f      	str	r2, [sp, #60]	@ 0x3c
10001cae:	9313      	str	r3, [sp, #76]	@ 0x4c
10001cb0:	f040 80a1 	bne.w	10001df6 <_etoa+0x1c6>
10001cb4:	ea58 0309 	orrs.w	r3, r8, r9
10001cb8:	f040 80ca 	bne.w	10001e50 <_etoa+0x220>
10001cbc:	2a00      	cmp	r2, #0
10001cbe:	f040 81e3 	bne.w	10002088 <_etoa+0x458>
10001cc2:	2306      	movs	r3, #6
10001cc4:	930e      	str	r3, [sp, #56]	@ 0x38
10001cc6:	f016 0202 	ands.w	r2, r6, #2
10001cca:	9210      	str	r2, [sp, #64]	@ 0x40
10001ccc:	f040 81d4 	bne.w	10002078 <_etoa+0x448>
10001cd0:	4653      	mov	r3, sl
10001cd2:	2b04      	cmp	r3, #4
10001cd4:	bf38      	it	cc
10001cd6:	2304      	movcc	r3, #4
10001cd8:	920c      	str	r2, [sp, #48]	@ 0x30
10001cda:	2204      	movs	r2, #4
10001cdc:	3b04      	subs	r3, #4
10001cde:	9212      	str	r2, [sp, #72]	@ 0x48
10001ce0:	930f      	str	r3, [sp, #60]	@ 0x3c
10001ce2:	4620      	mov	r0, r4
10001ce4:	4629      	mov	r1, r5
10001ce6:	2200      	movs	r2, #0
10001ce8:	2300      	movs	r3, #0
10001cea:	f7ff fb9d 	bl	10001428 <__wrap___aeabi_dcmplt>
10001cee:	2800      	cmp	r0, #0
10001cf0:	f040 81f3 	bne.w	100020da <_etoa+0x4aa>
10001cf4:	ed9d 7b0a 	vldr	d7, [sp, #40]	@ 0x28
10001cf8:	9b0f      	ldr	r3, [sp, #60]	@ 0x3c
10001cfa:	465a      	mov	r2, fp
10001cfc:	9303      	str	r3, [sp, #12]
10001cfe:	9b0e      	ldr	r3, [sp, #56]	@ 0x38
10001d00:	ed8d 7b00 	vstr	d7, [sp]
10001d04:	9302      	str	r3, [sp, #8]
10001d06:	f426 6300 	bic.w	r3, r6, #2048	@ 0x800
10001d0a:	9304      	str	r3, [sp, #16]
10001d0c:	4638      	mov	r0, r7
10001d0e:	9b09      	ldr	r3, [sp, #36]	@ 0x24
10001d10:	9908      	ldr	r1, [sp, #32]
10001d12:	f7ff fd2d 	bl	10001770 <_ftoa>
10001d16:	4602      	mov	r2, r0
10001d18:	f016 0f20 	tst.w	r6, #32
10001d1c:	9b09      	ldr	r3, [sp, #36]	@ 0x24
10001d1e:	9908      	ldr	r1, [sp, #32]
10001d20:	bf0c      	ite	eq
10001d22:	2065      	moveq	r0, #101	@ 0x65
10001d24:	2045      	movne	r0, #69	@ 0x45
10001d26:	f102 0801 	add.w	r8, r2, #1
10001d2a:	47b8      	blx	r7
10001d2c:	9a0c      	ldr	r2, [sp, #48]	@ 0x30
10001d2e:	9b12      	ldr	r3, [sp, #72]	@ 0x48
10001d30:	ac16      	add	r4, sp, #88	@ 0x58
10001d32:	1e5d      	subs	r5, r3, #1
10001d34:	ea82 73e2 	eor.w	r3, r2, r2, asr #31
10001d38:	eba3 73e2 	sub.w	r3, r3, r2, asr #31
10001d3c:	0fd1      	lsrs	r1, r2, #31
10001d3e:	2600      	movs	r6, #0
10001d40:	4622      	mov	r2, r4
10001d42:	4699      	mov	r9, r3
10001d44:	f8df c104 	ldr.w	ip, [pc, #260]	@ 10001e4c <_etoa+0x21c>
10001d48:	e001      	b.n	10001d4e <_etoa+0x11e>
10001d4a:	2e20      	cmp	r6, #32
10001d4c:	d010      	beq.n	10001d70 <_etoa+0x140>
10001d4e:	46ce      	mov	lr, r9
10001d50:	fbac 3009 	umull	r3, r0, ip, r9
10001d54:	08c0      	lsrs	r0, r0, #3
10001d56:	eb00 0380 	add.w	r3, r0, r0, lsl #2
10001d5a:	eba9 0343 	sub.w	r3, r9, r3, lsl #1
10001d5e:	3330      	adds	r3, #48	@ 0x30
10001d60:	f1be 0f09 	cmp.w	lr, #9
10001d64:	4681      	mov	r9, r0
10001d66:	f106 0601 	add.w	r6, r6, #1
10001d6a:	f802 3b01 	strb.w	r3, [r2], #1
10001d6e:	d8ec      	bhi.n	10001d4a <_etoa+0x11a>
10001d70:	2305      	movs	r3, #5
10001d72:	2000      	movs	r0, #0
10001d74:	9306      	str	r3, [sp, #24]
10001d76:	230a      	movs	r3, #10
10001d78:	9505      	str	r5, [sp, #20]
10001d7a:	9400      	str	r4, [sp, #0]
10001d7c:	9d09      	ldr	r5, [sp, #36]	@ 0x24
10001d7e:	9c08      	ldr	r4, [sp, #32]
10001d80:	4642      	mov	r2, r8
10001d82:	e9cd 3003 	strd	r3, r0, [sp, #12]
10001d86:	e9cd 6101 	strd	r6, r1, [sp, #4]
10001d8a:	462b      	mov	r3, r5
10001d8c:	4621      	mov	r1, r4
10001d8e:	4638      	mov	r0, r7
10001d90:	f7ff fbfe 	bl	10001590 <_ntoa_format>
10001d94:	9a10      	ldr	r2, [sp, #64]	@ 0x40
10001d96:	4680      	mov	r8, r0
10001d98:	b1d2      	cbz	r2, 10001dd0 <_etoa+0x1a0>
10001d9a:	eba0 060b 	sub.w	r6, r0, fp
10001d9e:	45b2      	cmp	sl, r6
10001da0:	d916      	bls.n	10001dd0 <_etoa+0x1a0>
10001da2:	eb0b 0206 	add.w	r2, fp, r6
10001da6:	462b      	mov	r3, r5
10001da8:	4621      	mov	r1, r4
10001daa:	2020      	movs	r0, #32
10001dac:	3601      	adds	r6, #1
10001dae:	47b8      	blx	r7
10001db0:	45b2      	cmp	sl, r6
10001db2:	d8f6      	bhi.n	10001da2 <_etoa+0x172>
10001db4:	f10b 33ff 	add.w	r3, fp, #4294967295
10001db8:	4453      	add	r3, sl
10001dba:	f1cb 0201 	rsb	r2, fp, #1
10001dbe:	eba3 0308 	sub.w	r3, r3, r8
10001dc2:	4442      	add	r2, r8
10001dc4:	4592      	cmp	sl, r2
10001dc6:	bf38      	it	cc
10001dc8:	2300      	movcc	r3, #0
10001dca:	f108 0801 	add.w	r8, r8, #1
10001dce:	4498      	add	r8, r3
10001dd0:	4640      	mov	r0, r8
10001dd2:	b01f      	add	sp, #124	@ 0x7c
10001dd4:	e8bd 8ff0 	ldmia.w	sp!, {r4, r5, r6, r7, r8, r9, sl, fp, pc}
10001dd8:	465a      	mov	r2, fp
10001dda:	4638      	mov	r0, r7
10001ddc:	e9cd 4528 	strd	r4, r5, [sp, #160]	@ 0xa0
10001de0:	e9cd a62b 	strd	sl, r6, [sp, #172]	@ 0xac
10001de4:	9c0e      	ldr	r4, [sp, #56]	@ 0x38
10001de6:	9b09      	ldr	r3, [sp, #36]	@ 0x24
10001de8:	9908      	ldr	r1, [sp, #32]
10001dea:	942a      	str	r4, [sp, #168]	@ 0xa8
10001dec:	b01f      	add	sp, #124	@ 0x7c
10001dee:	e8bd 4ff0 	ldmia.w	sp!, {r4, r5, r6, r7, r8, r9, sl, fp, lr}
10001df2:	f7ff bcbd 	b.w	10001770 <_ftoa>
10001df6:	ea58 0309 	orrs.w	r3, r8, r9
10001dfa:	d12b      	bne.n	10001e54 <_etoa+0x224>
10001dfc:	2a00      	cmp	r2, #0
10001dfe:	f43f af62 	beq.w	10001cc6 <_etoa+0x96>
10001e02:	2300      	movs	r3, #0
10001e04:	930c      	str	r3, [sp, #48]	@ 0x30
10001e06:	9b0e      	ldr	r3, [sp, #56]	@ 0x38
10001e08:	9a0c      	ldr	r2, [sp, #48]	@ 0x30
10001e0a:	4293      	cmp	r3, r2
10001e0c:	f300 81b9 	bgt.w	10002182 <_etoa+0x552>
10001e10:	f04f 0800 	mov.w	r8, #0
10001e14:	4620      	mov	r0, r4
10001e16:	4629      	mov	r1, r5
10001e18:	2200      	movs	r2, #0
10001e1a:	2300      	movs	r3, #0
10001e1c:	f7ff fb04 	bl	10001428 <__wrap___aeabi_dcmplt>
10001e20:	2800      	cmp	r0, #0
10001e22:	f040 8113 	bne.w	1000204c <_etoa+0x41c>
10001e26:	ed9d 7b0a 	vldr	d7, [sp, #40]	@ 0x28
10001e2a:	f426 6600 	bic.w	r6, r6, #2048	@ 0x800
10001e2e:	f446 6680 	orr.w	r6, r6, #1024	@ 0x400
10001e32:	ed8d 7b28 	vstr	d7, [sp, #160]	@ 0xa0
10001e36:	465a      	mov	r2, fp
10001e38:	4638      	mov	r0, r7
10001e3a:	e9cd 8a2a 	strd	r8, sl, [sp, #168]	@ 0xa8
10001e3e:	9b09      	ldr	r3, [sp, #36]	@ 0x24
10001e40:	9908      	ldr	r1, [sp, #32]
10001e42:	962c      	str	r6, [sp, #176]	@ 0xb0
10001e44:	e7d2      	b.n	10001dec <_etoa+0x1bc>
10001e46:	bf00      	nop
10001e48:	7fefffff 	.word	0x7fefffff
10001e4c:	cccccccd 	.word	0xcccccccd
10001e50:	2306      	movs	r3, #6
10001e52:	930e      	str	r3, [sp, #56]	@ 0x38
10001e54:	f3c9 500a 	ubfx	r0, r9, #20, #11
10001e58:	f2a0 30ff 	subw	r0, r0, #1023	@ 0x3ff
10001e5c:	f7ff fa8a 	bl	10001374 <__wrap___aeabi_i2d>
10001e60:	a3c1      	add	r3, pc, #772	@ (adr r3, 10002168 <_etoa+0x538>)
10001e62:	e9d3 2300 	ldrd	r2, r3, [r3]
10001e66:	f7ff fa03 	bl	10001270 <__wrap___aeabi_dmul>
10001e6a:	a3c1      	add	r3, pc, #772	@ (adr r3, 10002170 <_etoa+0x540>)
10001e6c:	e9d3 2300 	ldrd	r2, r3, [r3]
10001e70:	f7ff f9d6 	bl	10001220 <__wrap___aeabi_dadd>
10001e74:	f3c9 0913 	ubfx	r9, r9, #0, #20
10001e78:	e9cd 010c 	strd	r0, r1, [sp, #48]	@ 0x30
10001e7c:	f049 517f 	orr.w	r1, r9, #1069547520	@ 0x3fc00000
10001e80:	4640      	mov	r0, r8
10001e82:	2200      	movs	r2, #0
10001e84:	4bb2      	ldr	r3, [pc, #712]	@ (10002150 <_etoa+0x520>)
10001e86:	f441 1140 	orr.w	r1, r1, #3145728	@ 0x300000
10001e8a:	f7ff f9dd 	bl	10001248 <__wrap___aeabi_dsub>
10001e8e:	a3a4      	add	r3, pc, #656	@ (adr r3, 10002120 <_etoa+0x4f0>)
10001e90:	e9d3 2300 	ldrd	r2, r3, [r3]
10001e94:	f7ff f9ec 	bl	10001270 <__wrap___aeabi_dmul>
10001e98:	4602      	mov	r2, r0
10001e9a:	460b      	mov	r3, r1
10001e9c:	e9dd 010c 	ldrd	r0, r1, [sp, #48]	@ 0x30
10001ea0:	f7ff f9be 	bl	10001220 <__wrap___aeabi_dadd>
10001ea4:	f7ff fa8a 	bl	100013bc <__wrap___aeabi_d2iz>
10001ea8:	900c      	str	r0, [sp, #48]	@ 0x30
10001eaa:	f7ff fa63 	bl	10001374 <__wrap___aeabi_i2d>
10001eae:	a39e      	add	r3, pc, #632	@ (adr r3, 10002128 <_etoa+0x4f8>)
10001eb0:	e9d3 2300 	ldrd	r2, r3, [r3]
10001eb4:	4680      	mov	r8, r0
10001eb6:	4689      	mov	r9, r1
10001eb8:	f7ff f9da 	bl	10001270 <__wrap___aeabi_dmul>
10001ebc:	2200      	movs	r2, #0
10001ebe:	4ba5      	ldr	r3, [pc, #660]	@ (10002154 <_etoa+0x524>)
10001ec0:	f7ff f9ae 	bl	10001220 <__wrap___aeabi_dadd>
10001ec4:	f7ff fa7a 	bl	100013bc <__wrap___aeabi_d2iz>
10001ec8:	4603      	mov	r3, r0
10001eca:	4649      	mov	r1, r9
10001ecc:	4640      	mov	r0, r8
10001ece:	9312      	str	r3, [sp, #72]	@ 0x48
10001ed0:	a397      	add	r3, pc, #604	@ (adr r3, 10002130 <_etoa+0x500>)
10001ed2:	e9d3 2300 	ldrd	r2, r3, [r3]
10001ed6:	f7ff f9cb 	bl	10001270 <__wrap___aeabi_dmul>
10001eda:	4680      	mov	r8, r0
10001edc:	9812      	ldr	r0, [sp, #72]	@ 0x48
10001ede:	4689      	mov	r9, r1
10001ee0:	f7ff fa48 	bl	10001374 <__wrap___aeabi_i2d>
10001ee4:	a394      	add	r3, pc, #592	@ (adr r3, 10002138 <_etoa+0x508>)
10001ee6:	e9d3 2300 	ldrd	r2, r3, [r3]
10001eea:	f7ff f9c1 	bl	10001270 <__wrap___aeabi_dmul>
10001eee:	4602      	mov	r2, r0
10001ef0:	460b      	mov	r3, r1
10001ef2:	4640      	mov	r0, r8
10001ef4:	4649      	mov	r1, r9
10001ef6:	f7ff f9a7 	bl	10001248 <__wrap___aeabi_dsub>
10001efa:	4602      	mov	r2, r0
10001efc:	460b      	mov	r3, r1
10001efe:	4680      	mov	r8, r0
10001f00:	4689      	mov	r9, r1
10001f02:	f7ff f9b5 	bl	10001270 <__wrap___aeabi_dmul>
10001f06:	4642      	mov	r2, r8
10001f08:	464b      	mov	r3, r9
10001f0a:	e9cd 0110 	strd	r0, r1, [sp, #64]	@ 0x40
10001f0e:	4640      	mov	r0, r8
10001f10:	4649      	mov	r1, r9
10001f12:	f7ff f985 	bl	10001220 <__wrap___aeabi_dadd>
10001f16:	2200      	movs	r2, #0
10001f18:	e9cd 0114 	strd	r0, r1, [sp, #80]	@ 0x50
10001f1c:	e9dd 0110 	ldrd	r0, r1, [sp, #64]	@ 0x40
10001f20:	4b8d      	ldr	r3, [pc, #564]	@ (10002158 <_etoa+0x528>)
10001f22:	f7ff f9cb 	bl	100012bc <__wrap___aeabi_ddiv>
10001f26:	2200      	movs	r2, #0
10001f28:	4b8c      	ldr	r3, [pc, #560]	@ (1000215c <_etoa+0x52c>)
10001f2a:	f7ff f979 	bl	10001220 <__wrap___aeabi_dadd>
10001f2e:	4602      	mov	r2, r0
10001f30:	460b      	mov	r3, r1
10001f32:	e9dd 0110 	ldrd	r0, r1, [sp, #64]	@ 0x40
10001f36:	f7ff f9c1 	bl	100012bc <__wrap___aeabi_ddiv>
10001f3a:	2200      	movs	r2, #0
10001f3c:	4b88      	ldr	r3, [pc, #544]	@ (10002160 <_etoa+0x530>)
10001f3e:	f7ff f96f 	bl	10001220 <__wrap___aeabi_dadd>
10001f42:	4602      	mov	r2, r0
10001f44:	460b      	mov	r3, r1
10001f46:	e9dd 0110 	ldrd	r0, r1, [sp, #64]	@ 0x40
10001f4a:	f7ff f9b7 	bl	100012bc <__wrap___aeabi_ddiv>
10001f4e:	4642      	mov	r2, r8
10001f50:	464b      	mov	r3, r9
10001f52:	4680      	mov	r8, r0
10001f54:	4689      	mov	r9, r1
10001f56:	2000      	movs	r0, #0
10001f58:	f04f 4180 	mov.w	r1, #1073741824	@ 0x40000000
10001f5c:	f7ff f974 	bl	10001248 <__wrap___aeabi_dsub>
10001f60:	4602      	mov	r2, r0
10001f62:	460b      	mov	r3, r1
10001f64:	4640      	mov	r0, r8
10001f66:	4649      	mov	r1, r9
10001f68:	f7ff f95a 	bl	10001220 <__wrap___aeabi_dadd>
10001f6c:	4602      	mov	r2, r0
10001f6e:	460b      	mov	r3, r1
10001f70:	e9dd 0114 	ldrd	r0, r1, [sp, #80]	@ 0x50
10001f74:	f7ff f9a2 	bl	100012bc <__wrap___aeabi_ddiv>
10001f78:	2200      	movs	r2, #0
10001f7a:	4b7a      	ldr	r3, [pc, #488]	@ (10002164 <_etoa+0x534>)
10001f7c:	f7ff f950 	bl	10001220 <__wrap___aeabi_dadd>
10001f80:	9b12      	ldr	r3, [sp, #72]	@ 0x48
10001f82:	2200      	movs	r2, #0
10001f84:	f203 3cff 	addw	ip, r3, #1023	@ 0x3ff
10001f88:	ea4f 530c 	mov.w	r3, ip, lsl #20
10001f8c:	f7ff f970 	bl	10001270 <__wrap___aeabi_dmul>
10001f90:	4680      	mov	r8, r0
10001f92:	4689      	mov	r9, r1
10001f94:	e9dd 010a 	ldrd	r0, r1, [sp, #40]	@ 0x28
10001f98:	4642      	mov	r2, r8
10001f9a:	464b      	mov	r3, r9
10001f9c:	f7ff fa44 	bl	10001428 <__wrap___aeabi_dcmplt>
10001fa0:	b150      	cbz	r0, 10001fb8 <_etoa+0x388>
10001fa2:	9b0c      	ldr	r3, [sp, #48]	@ 0x30
10001fa4:	4640      	mov	r0, r8
10001fa6:	3b01      	subs	r3, #1
10001fa8:	4649      	mov	r1, r9
10001faa:	930c      	str	r3, [sp, #48]	@ 0x30
10001fac:	2200      	movs	r2, #0
10001fae:	4b6b      	ldr	r3, [pc, #428]	@ (1000215c <_etoa+0x52c>)
10001fb0:	f7ff f984 	bl	100012bc <__wrap___aeabi_ddiv>
10001fb4:	4680      	mov	r8, r0
10001fb6:	4689      	mov	r9, r1
10001fb8:	9a0c      	ldr	r2, [sp, #48]	@ 0x30
10001fba:	4643      	mov	r3, r8
10001fbc:	3263      	adds	r2, #99	@ 0x63
10001fbe:	2ac6      	cmp	r2, #198	@ 0xc6
10001fc0:	f006 0202 	and.w	r2, r6, #2
10001fc4:	9210      	str	r2, [sp, #64]	@ 0x40
10001fc6:	4649      	mov	r1, r9
10001fc8:	9a0f      	ldr	r2, [sp, #60]	@ 0x3c
10001fca:	d82c      	bhi.n	10002026 <_etoa+0x3f6>
10001fcc:	2a00      	cmp	r2, #0
10001fce:	d05e      	beq.n	1000208e <_etoa+0x45e>
10001fd0:	2204      	movs	r2, #4
10001fd2:	9212      	str	r2, [sp, #72]	@ 0x48
10001fd4:	430b      	orrs	r3, r1
10001fd6:	f43f af16 	beq.w	10001e06 <_etoa+0x1d6>
10001fda:	e9dd 010a 	ldrd	r0, r1, [sp, #40]	@ 0x28
10001fde:	a358      	add	r3, pc, #352	@ (adr r3, 10002140 <_etoa+0x510>)
10001fe0:	e9d3 2300 	ldrd	r2, r3, [r3]
10001fe4:	f7ff fa48 	bl	10001478 <__wrap___aeabi_dcmpge>
10001fe8:	b148      	cbz	r0, 10001ffe <_etoa+0x3ce>
10001fea:	e9dd 010a 	ldrd	r0, r1, [sp, #40]	@ 0x28
10001fee:	a356      	add	r3, pc, #344	@ (adr r3, 10002148 <_etoa+0x518>)
10001ff0:	e9d3 2300 	ldrd	r2, r3, [r3]
10001ff4:	f7ff fa18 	bl	10001428 <__wrap___aeabi_dcmplt>
10001ff8:	2800      	cmp	r0, #0
10001ffa:	f47f af04 	bne.w	10001e06 <_etoa+0x1d6>
10001ffe:	9b0e      	ldr	r3, [sp, #56]	@ 0x38
10002000:	2b00      	cmp	r3, #0
10002002:	d050      	beq.n	100020a6 <_etoa+0x476>
10002004:	9a13      	ldr	r2, [sp, #76]	@ 0x4c
10002006:	2a00      	cmp	r2, #0
10002008:	d07d      	beq.n	10002106 <_etoa+0x4d6>
1000200a:	3b01      	subs	r3, #1
1000200c:	930e      	str	r3, [sp, #56]	@ 0x38
1000200e:	9b12      	ldr	r3, [sp, #72]	@ 0x48
10002010:	459a      	cmp	sl, r3
10002012:	d905      	bls.n	10002020 <_etoa+0x3f0>
10002014:	9b10      	ldr	r3, [sp, #64]	@ 0x40
10002016:	2b00      	cmp	r3, #0
10002018:	f000 80ae 	beq.w	10002178 <_etoa+0x548>
1000201c:	2302      	movs	r3, #2
1000201e:	9310      	str	r3, [sp, #64]	@ 0x40
10002020:	2300      	movs	r3, #0
10002022:	930f      	str	r3, [sp, #60]	@ 0x3c
10002024:	e044      	b.n	100020b0 <_etoa+0x480>
10002026:	bb22      	cbnz	r2, 10002072 <_etoa+0x442>
10002028:	f1ba 0f05 	cmp.w	sl, #5
1000202c:	d94f      	bls.n	100020ce <_etoa+0x49e>
1000202e:	f006 0302 	and.w	r3, r6, #2
10002032:	2b00      	cmp	r3, #0
10002034:	d149      	bne.n	100020ca <_etoa+0x49a>
10002036:	2305      	movs	r3, #5
10002038:	9312      	str	r3, [sp, #72]	@ 0x48
1000203a:	f1aa 0305 	sub.w	r3, sl, #5
1000203e:	930f      	str	r3, [sp, #60]	@ 0x3c
10002040:	e03a      	b.n	100020b8 <_etoa+0x488>
10002042:	f105 4300 	add.w	r3, r5, #2147483648	@ 0x80000000
10002046:	940a      	str	r4, [sp, #40]	@ 0x28
10002048:	930b      	str	r3, [sp, #44]	@ 0x2c
1000204a:	e627      	b.n	10001c9c <_etoa+0x6c>
1000204c:	f426 6600 	bic.w	r6, r6, #2048	@ 0x800
10002050:	f446 6680 	orr.w	r6, r6, #1024	@ 0x400
10002054:	4638      	mov	r0, r7
10002056:	962c      	str	r6, [sp, #176]	@ 0xb0
10002058:	e9dd 670a 	ldrd	r6, r7, [sp, #40]	@ 0x28
1000205c:	4634      	mov	r4, r6
1000205e:	f107 4500 	add.w	r5, r7, #2147483648	@ 0x80000000
10002062:	465a      	mov	r2, fp
10002064:	e9cd 8a2a 	strd	r8, sl, [sp, #168]	@ 0xa8
10002068:	e9cd 4528 	strd	r4, r5, [sp, #160]	@ 0xa0
1000206c:	9b09      	ldr	r3, [sp, #36]	@ 0x24
1000206e:	9908      	ldr	r1, [sp, #32]
10002070:	e6bc      	b.n	10001dec <_etoa+0x1bc>
10002072:	2205      	movs	r2, #5
10002074:	9212      	str	r2, [sp, #72]	@ 0x48
10002076:	e7ad      	b.n	10001fd4 <_etoa+0x3a4>
10002078:	2300      	movs	r3, #0
1000207a:	2202      	movs	r2, #2
1000207c:	e9cd 320f 	strd	r3, r2, [sp, #60]	@ 0x3c
10002080:	2204      	movs	r2, #4
10002082:	930c      	str	r3, [sp, #48]	@ 0x30
10002084:	9212      	str	r2, [sp, #72]	@ 0x48
10002086:	e62c      	b.n	10001ce2 <_etoa+0xb2>
10002088:	f04f 0805 	mov.w	r8, #5
1000208c:	e6c2      	b.n	10001e14 <_etoa+0x1e4>
1000208e:	f1ba 0f04 	cmp.w	sl, #4
10002092:	d91f      	bls.n	100020d4 <_etoa+0x4a4>
10002094:	9b10      	ldr	r3, [sp, #64]	@ 0x40
10002096:	2b00      	cmp	r3, #0
10002098:	d178      	bne.n	1000218c <_etoa+0x55c>
1000209a:	2304      	movs	r3, #4
1000209c:	9312      	str	r3, [sp, #72]	@ 0x48
1000209e:	f1aa 0304 	sub.w	r3, sl, #4
100020a2:	930f      	str	r3, [sp, #60]	@ 0x3c
100020a4:	e004      	b.n	100020b0 <_etoa+0x480>
100020a6:	9b12      	ldr	r3, [sp, #72]	@ 0x48
100020a8:	459a      	cmp	sl, r3
100020aa:	d831      	bhi.n	10002110 <_etoa+0x4e0>
100020ac:	9b0e      	ldr	r3, [sp, #56]	@ 0x38
100020ae:	930f      	str	r3, [sp, #60]	@ 0x3c
100020b0:	9b0c      	ldr	r3, [sp, #48]	@ 0x30
100020b2:	2b00      	cmp	r3, #0
100020b4:	f43f ae15 	beq.w	10001ce2 <_etoa+0xb2>
100020b8:	e9dd 010a 	ldrd	r0, r1, [sp, #40]	@ 0x28
100020bc:	4642      	mov	r2, r8
100020be:	464b      	mov	r3, r9
100020c0:	f7ff f8fc 	bl	100012bc <__wrap___aeabi_ddiv>
100020c4:	e9cd 010a 	strd	r0, r1, [sp, #40]	@ 0x28
100020c8:	e60b      	b.n	10001ce2 <_etoa+0xb2>
100020ca:	2302      	movs	r3, #2
100020cc:	9310      	str	r3, [sp, #64]	@ 0x40
100020ce:	2305      	movs	r3, #5
100020d0:	9312      	str	r3, [sp, #72]	@ 0x48
100020d2:	e7f1      	b.n	100020b8 <_etoa+0x488>
100020d4:	2304      	movs	r3, #4
100020d6:	9312      	str	r3, [sp, #72]	@ 0x48
100020d8:	e7ea      	b.n	100020b0 <_etoa+0x480>
100020da:	e9dd 450a 	ldrd	r4, r5, [sp, #40]	@ 0x28
100020de:	46a0      	mov	r8, r4
100020e0:	9b0f      	ldr	r3, [sp, #60]	@ 0x3c
100020e2:	f105 4900 	add.w	r9, r5, #2147483648	@ 0x80000000
100020e6:	9303      	str	r3, [sp, #12]
100020e8:	9b0e      	ldr	r3, [sp, #56]	@ 0x38
100020ea:	465a      	mov	r2, fp
100020ec:	9302      	str	r3, [sp, #8]
100020ee:	f426 6300 	bic.w	r3, r6, #2048	@ 0x800
100020f2:	9304      	str	r3, [sp, #16]
100020f4:	4638      	mov	r0, r7
100020f6:	e9cd 8900 	strd	r8, r9, [sp]
100020fa:	9b09      	ldr	r3, [sp, #36]	@ 0x24
100020fc:	9908      	ldr	r1, [sp, #32]
100020fe:	f7ff fb37 	bl	10001770 <_ftoa>
10002102:	4602      	mov	r2, r0
10002104:	e608      	b.n	10001d18 <_etoa+0xe8>
10002106:	9b12      	ldr	r3, [sp, #72]	@ 0x48
10002108:	459a      	cmp	sl, r3
1000210a:	d844      	bhi.n	10002196 <_etoa+0x566>
1000210c:	920f      	str	r2, [sp, #60]	@ 0x3c
1000210e:	e7cf      	b.n	100020b0 <_etoa+0x480>
10002110:	9b10      	ldr	r3, [sp, #64]	@ 0x40
10002112:	b38b      	cbz	r3, 10002178 <_etoa+0x548>
10002114:	9b0e      	ldr	r3, [sp, #56]	@ 0x38
10002116:	930f      	str	r3, [sp, #60]	@ 0x3c
10002118:	2302      	movs	r3, #2
1000211a:	9310      	str	r3, [sp, #64]	@ 0x40
1000211c:	e7c8      	b.n	100020b0 <_etoa+0x480>
1000211e:	bf00      	nop
10002120:	636f4361 	.word	0x636f4361
10002124:	3fd287a7 	.word	0x3fd287a7
10002128:	0979a371 	.word	0x0979a371
1000212c:	400a934f 	.word	0x400a934f
10002130:	bbb55516 	.word	0xbbb55516
10002134:	40026bb1 	.word	0x40026bb1
10002138:	fefa39ef 	.word	0xfefa39ef
1000213c:	3fe62e42 	.word	0x3fe62e42
10002140:	eb1c432d 	.word	0xeb1c432d
10002144:	3f1a36e2 	.word	0x3f1a36e2
10002148:	00000000 	.word	0x00000000
1000214c:	412e8480 	.word	0x412e8480
10002150:	3ff80000 	.word	0x3ff80000
10002154:	3fe00000 	.word	0x3fe00000
10002158:	402c0000 	.word	0x402c0000
1000215c:	40240000 	.word	0x40240000
10002160:	40180000 	.word	0x40180000
10002164:	3ff00000 	.word	0x3ff00000
10002168:	509f79fb 	.word	0x509f79fb
1000216c:	3fd34413 	.word	0x3fd34413
10002170:	8b60c8b3 	.word	0x8b60c8b3
10002174:	3fc68a28 	.word	0x3fc68a28
10002178:	9b12      	ldr	r3, [sp, #72]	@ 0x48
1000217a:	ebaa 0303 	sub.w	r3, sl, r3
1000217e:	930f      	str	r3, [sp, #60]	@ 0x3c
10002180:	e796      	b.n	100020b0 <_etoa+0x480>
10002182:	eba3 0802 	sub.w	r8, r3, r2
10002186:	f108 38ff 	add.w	r8, r8, #4294967295
1000218a:	e643      	b.n	10001e14 <_etoa+0x1e4>
1000218c:	2304      	movs	r3, #4
1000218e:	9312      	str	r3, [sp, #72]	@ 0x48
10002190:	2302      	movs	r3, #2
10002192:	9310      	str	r3, [sp, #64]	@ 0x40
10002194:	e78c      	b.n	100020b0 <_etoa+0x480>
10002196:	9b10      	ldr	r3, [sp, #64]	@ 0x40
10002198:	2b00      	cmp	r3, #0
1000219a:	d0ed      	beq.n	10002178 <_etoa+0x548>
1000219c:	2302      	movs	r3, #2
1000219e:	920f      	str	r2, [sp, #60]	@ 0x3c
100021a0:	9310      	str	r3, [sp, #64]	@ 0x40
100021a2:	e785      	b.n	100020b0 <_etoa+0x480>

100021a4 <_vsnprintf>:
100021a4:	e92d 4ff0 	stmdb	sp!, {r4, r5, r6, r7, r8, r9, sl, fp, lr}
100021a8:	b09b      	sub	sp, #108	@ 0x6c
100021aa:	9c24      	ldr	r4, [sp, #144]	@ 0x90
100021ac:	4d95      	ldr	r5, [pc, #596]	@ (10002404 <_vsnprintf+0x260>)
100021ae:	940a      	str	r4, [sp, #40]	@ 0x28
100021b0:	4c95      	ldr	r4, [pc, #596]	@ (10002408 <_vsnprintf+0x264>)
100021b2:	f1b1 0a00 	subs.w	sl, r1, #0
100021b6:	bf18      	it	ne
100021b8:	4683      	movne	fp, r0
100021ba:	6025      	str	r5, [r4, #0]
100021bc:	7818      	ldrb	r0, [r3, #0]
100021be:	4c93      	ldr	r4, [pc, #588]	@ (1000240c <_vsnprintf+0x268>)
100021c0:	4691      	mov	r9, r2
100021c2:	bf08      	it	eq
100021c4:	46a3      	moveq	fp, r4
100021c6:	9309      	str	r3, [sp, #36]	@ 0x24
100021c8:	2800      	cmp	r0, #0
100021ca:	f000 8293 	beq.w	100026f4 <_vsnprintf+0x550>
100021ce:	f04f 0800 	mov.w	r8, #0
100021d2:	e00a      	b.n	100021ea <_vsnprintf+0x46>
100021d4:	4642      	mov	r2, r8
100021d6:	464b      	mov	r3, r9
100021d8:	4651      	mov	r1, sl
100021da:	f108 0801 	add.w	r8, r8, #1
100021de:	47d8      	blx	fp
100021e0:	9b09      	ldr	r3, [sp, #36]	@ 0x24
100021e2:	7818      	ldrb	r0, [r3, #0]
100021e4:	2800      	cmp	r0, #0
100021e6:	f000 80ce 	beq.w	10002386 <_vsnprintf+0x1e2>
100021ea:	9b09      	ldr	r3, [sp, #36]	@ 0x24
100021ec:	2825      	cmp	r0, #37	@ 0x25
100021ee:	f103 0301 	add.w	r3, r3, #1
100021f2:	9309      	str	r3, [sp, #36]	@ 0x24
100021f4:	d1ee      	bne.n	100021d4 <_vsnprintf+0x30>
100021f6:	461c      	mov	r4, r3
100021f8:	2300      	movs	r3, #0
100021fa:	4622      	mov	r2, r4
100021fc:	f812 0b01 	ldrb.w	r0, [r2], #1
10002200:	f1a0 0120 	sub.w	r1, r0, #32
10002204:	2910      	cmp	r1, #16
10002206:	d80a      	bhi.n	1000221e <_vsnprintf+0x7a>
10002208:	e8df f001 	tbb	[pc, r1]
1000220c:	3c090940 	.word	0x3c090940
10002210:	09090909 	.word	0x09090909
10002214:	38090909 	.word	0x38090909
10002218:	09093409 	.word	0x09093409
1000221c:	30          	.byte	0x30
1000221d:	00          	.byte	0x00
1000221e:	f1a0 0130 	sub.w	r1, r0, #48	@ 0x30
10002222:	2909      	cmp	r1, #9
10002224:	9409      	str	r4, [sp, #36]	@ 0x24
10002226:	f240 808a 	bls.w	1000233e <_vsnprintf+0x19a>
1000222a:	282a      	cmp	r0, #42	@ 0x2a
1000222c:	f000 80f0 	beq.w	10002410 <_vsnprintf+0x26c>
10002230:	2500      	movs	r5, #0
10002232:	282e      	cmp	r0, #46	@ 0x2e
10002234:	f000 8096 	beq.w	10002364 <_vsnprintf+0x1c0>
10002238:	2600      	movs	r6, #0
1000223a:	f1a0 0168 	sub.w	r1, r0, #104	@ 0x68
1000223e:	2912      	cmp	r1, #18
10002240:	d82d      	bhi.n	1000229e <_vsnprintf+0xfa>
10002242:	e8df f011 	tbh	[pc, r1, lsl #1]
10002246:	0149      	.short	0x0149
10002248:	0143002c 	.word	0x0143002c
1000224c:	0138002c 	.word	0x0138002c
10002250:	002c002c 	.word	0x002c002c
10002254:	002c002c 	.word	0x002c002c
10002258:	002c002c 	.word	0x002c002c
1000225c:	0027002c 	.word	0x0027002c
10002260:	002c002c 	.word	0x002c002c
10002264:	002c002c 	.word	0x002c002c
10002268:	0027002c 	.word	0x0027002c
1000226c:	4614      	mov	r4, r2
1000226e:	f043 0301 	orr.w	r3, r3, #1
10002272:	e7c2      	b.n	100021fa <_vsnprintf+0x56>
10002274:	4614      	mov	r4, r2
10002276:	f043 0302 	orr.w	r3, r3, #2
1000227a:	e7be      	b.n	100021fa <_vsnprintf+0x56>
1000227c:	4614      	mov	r4, r2
1000227e:	f043 0304 	orr.w	r3, r3, #4
10002282:	e7ba      	b.n	100021fa <_vsnprintf+0x56>
10002284:	4614      	mov	r4, r2
10002286:	f043 0310 	orr.w	r3, r3, #16
1000228a:	e7b6      	b.n	100021fa <_vsnprintf+0x56>
1000228c:	4614      	mov	r4, r2
1000228e:	f043 0308 	orr.w	r3, r3, #8
10002292:	e7b2      	b.n	100021fa <_vsnprintf+0x56>
10002294:	9909      	ldr	r1, [sp, #36]	@ 0x24
10002296:	7848      	ldrb	r0, [r1, #1]
10002298:	f443 7380 	orr.w	r3, r3, #256	@ 0x100
1000229c:	3201      	adds	r2, #1
1000229e:	2867      	cmp	r0, #103	@ 0x67
100022a0:	9209      	str	r2, [sp, #36]	@ 0x24
100022a2:	d87e      	bhi.n	100023a2 <_vsnprintf+0x1fe>
100022a4:	2824      	cmp	r0, #36	@ 0x24
100022a6:	f240 80c1 	bls.w	1000242c <_vsnprintf+0x288>
100022aa:	f1a0 0225 	sub.w	r2, r0, #37	@ 0x25
100022ae:	2a42      	cmp	r2, #66	@ 0x42
100022b0:	f200 80bc 	bhi.w	1000242c <_vsnprintf+0x288>
100022b4:	e8df f012 	tbh	[pc, r2, lsl #1]
100022b8:	00ba0150 	.word	0x00ba0150
100022bc:	00ba00ba 	.word	0x00ba00ba
100022c0:	00ba00ba 	.word	0x00ba00ba
100022c4:	00ba00ba 	.word	0x00ba00ba
100022c8:	00ba00ba 	.word	0x00ba00ba
100022cc:	00ba00ba 	.word	0x00ba00ba
100022d0:	00ba00ba 	.word	0x00ba00ba
100022d4:	00ba00ba 	.word	0x00ba00ba
100022d8:	00ba00ba 	.word	0x00ba00ba
100022dc:	00ba00ba 	.word	0x00ba00ba
100022e0:	00ba00ba 	.word	0x00ba00ba
100022e4:	00ba00ba 	.word	0x00ba00ba
100022e8:	00ba00ba 	.word	0x00ba00ba
100022ec:	00ba00ba 	.word	0x00ba00ba
100022f0:	00ba00ba 	.word	0x00ba00ba
100022f4:	00ba00ba 	.word	0x00ba00ba
100022f8:	01370119 	.word	0x01370119
100022fc:	00ba0119 	.word	0x00ba0119
10002300:	00ba00ba 	.word	0x00ba00ba
10002304:	00ba00ba 	.word	0x00ba00ba
10002308:	00ba00ba 	.word	0x00ba00ba
1000230c:	00ba00ba 	.word	0x00ba00ba
10002310:	00ba00ba 	.word	0x00ba00ba
10002314:	00ba00ba 	.word	0x00ba00ba
10002318:	00ba00ba 	.word	0x00ba00ba
1000231c:	01bc00ba 	.word	0x01bc00ba
10002320:	00ba00ba 	.word	0x00ba00ba
10002324:	00ba00ba 	.word	0x00ba00ba
10002328:	00ba00ba 	.word	0x00ba00ba
1000232c:	00ba00ba 	.word	0x00ba00ba
10002330:	01bc00ba 	.word	0x01bc00ba
10002334:	01bc0158 	.word	0x01bc0158
10002338:	01370119 	.word	0x01370119
1000233c:	0119      	.short	0x0119
1000233e:	2500      	movs	r5, #0
10002340:	e000      	b.n	10002344 <_vsnprintf+0x1a0>
10002342:	3201      	adds	r2, #1
10002344:	eb05 0585 	add.w	r5, r5, r5, lsl #2
10002348:	eb00 0545 	add.w	r5, r0, r5, lsl #1
1000234c:	7810      	ldrb	r0, [r2, #0]
1000234e:	3d30      	subs	r5, #48	@ 0x30
10002350:	f1a0 0130 	sub.w	r1, r0, #48	@ 0x30
10002354:	2909      	cmp	r1, #9
10002356:	d9f4      	bls.n	10002342 <_vsnprintf+0x19e>
10002358:	282e      	cmp	r0, #46	@ 0x2e
1000235a:	9209      	str	r2, [sp, #36]	@ 0x24
1000235c:	f102 0201 	add.w	r2, r2, #1
10002360:	f47f af6a 	bne.w	10002238 <_vsnprintf+0x94>
10002364:	9909      	ldr	r1, [sp, #36]	@ 0x24
10002366:	f443 6380 	orr.w	r3, r3, #1024	@ 0x400
1000236a:	7848      	ldrb	r0, [r1, #1]
1000236c:	4611      	mov	r1, r2
1000236e:	f1a0 0630 	sub.w	r6, r0, #48	@ 0x30
10002372:	2e09      	cmp	r6, #9
10002374:	f240 8121 	bls.w	100025ba <_vsnprintf+0x416>
10002378:	282a      	cmp	r0, #42	@ 0x2a
1000237a:	f000 812f 	beq.w	100025dc <_vsnprintf+0x438>
1000237e:	9209      	str	r2, [sp, #36]	@ 0x24
10002380:	2600      	movs	r6, #0
10002382:	3201      	adds	r2, #1
10002384:	e759      	b.n	1000223a <_vsnprintf+0x96>
10002386:	4644      	mov	r4, r8
10002388:	45c1      	cmp	r9, r8
1000238a:	d801      	bhi.n	10002390 <_vsnprintf+0x1ec>
1000238c:	f109 38ff 	add.w	r8, r9, #4294967295
10002390:	464b      	mov	r3, r9
10002392:	4642      	mov	r2, r8
10002394:	4651      	mov	r1, sl
10002396:	2000      	movs	r0, #0
10002398:	47d8      	blx	fp
1000239a:	4620      	mov	r0, r4
1000239c:	b01b      	add	sp, #108	@ 0x6c
1000239e:	e8bd 8ff0 	ldmia.w	sp!, {r4, r5, r6, r7, r8, r9, sl, fp, pc}
100023a2:	f1a0 0269 	sub.w	r2, r0, #105	@ 0x69
100023a6:	b2d2      	uxtb	r2, r2
100023a8:	2a0f      	cmp	r2, #15
100023aa:	d83f      	bhi.n	1000242c <_vsnprintf+0x288>
100023ac:	2101      	movs	r1, #1
100023ae:	f249 0741 	movw	r7, #36929	@ 0x9041
100023b2:	4091      	lsls	r1, r2
100023b4:	4039      	ands	r1, r7
100023b6:	f040 80f3 	bne.w	100025a0 <_vsnprintf+0x3fc>
100023ba:	2a0a      	cmp	r2, #10
100023bc:	d03d      	beq.n	1000243a <_vsnprintf+0x296>
100023be:	2a07      	cmp	r2, #7
100023c0:	d134      	bne.n	1000242c <_vsnprintf+0x288>
100023c2:	9d0a      	ldr	r5, [sp, #40]	@ 0x28
100023c4:	f855 2b04 	ldr.w	r2, [r5], #4
100023c8:	2a00      	cmp	r2, #0
100023ca:	f000 8113 	beq.w	100025f4 <_vsnprintf+0x450>
100023ce:	f043 0021 	orr.w	r0, r3, #33	@ 0x21
100023d2:	ab12      	add	r3, sp, #72	@ 0x48
100023d4:	461f      	mov	r7, r3
100023d6:	930b      	str	r3, [sp, #44]	@ 0x2c
100023d8:	e003      	b.n	100023e2 <_vsnprintf+0x23e>
100023da:	2920      	cmp	r1, #32
100023dc:	f000 8114 	beq.w	10002608 <_vsnprintf+0x464>
100023e0:	461a      	mov	r2, r3
100023e2:	f002 040f 	and.w	r4, r2, #15
100023e6:	4623      	mov	r3, r4
100023e8:	2c09      	cmp	r4, #9
100023ea:	bf94      	ite	ls
100023ec:	3330      	addls	r3, #48	@ 0x30
100023ee:	3337      	addhi	r3, #55	@ 0x37
100023f0:	2a0f      	cmp	r2, #15
100023f2:	f807 3b01 	strb.w	r3, [r7], #1
100023f6:	f101 0101 	add.w	r1, r1, #1
100023fa:	ea4f 1312 	mov.w	r3, r2, lsr #4
100023fe:	d8ec      	bhi.n	100023da <_vsnprintf+0x236>
10002400:	e102      	b.n	10002608 <_vsnprintf+0x464>
10002402:	bf00      	nop
10002404:	100021a5 	.word	0x100021a5
10002408:	20001268 	.word	0x20001268
1000240c:	100014f1 	.word	0x100014f1
10002410:	990a      	ldr	r1, [sp, #40]	@ 0x28
10002412:	9809      	ldr	r0, [sp, #36]	@ 0x24
10002414:	f851 5b04 	ldr.w	r5, [r1], #4
10002418:	7840      	ldrb	r0, [r0, #1]
1000241a:	2d00      	cmp	r5, #0
1000241c:	e9cd 2109 	strd	r2, r1, [sp, #36]	@ 0x24
10002420:	bfbc      	itt	lt
10002422:	f043 0302 	orrlt.w	r3, r3, #2
10002426:	426d      	neglt	r5, r5
10002428:	3201      	adds	r2, #1
1000242a:	e702      	b.n	10002232 <_vsnprintf+0x8e>
1000242c:	4642      	mov	r2, r8
1000242e:	464b      	mov	r3, r9
10002430:	4651      	mov	r1, sl
10002432:	f108 0801 	add.w	r8, r8, #1
10002436:	47d8      	blx	fp
10002438:	e6d2      	b.n	100021e0 <_vsnprintf+0x3c>
1000243a:	990a      	ldr	r1, [sp, #40]	@ 0x28
1000243c:	2e00      	cmp	r6, #0
1000243e:	f851 7b04 	ldr.w	r7, [r1], #4
10002442:	bf18      	it	ne
10002444:	4632      	movne	r2, r6
10002446:	7838      	ldrb	r0, [r7, #0]
10002448:	bf08      	it	eq
1000244a:	f04f 32ff 	moveq.w	r2, #4294967295
1000244e:	2800      	cmp	r0, #0
10002450:	f000 837b 	beq.w	10002b4a <_vsnprintf+0x9a6>
10002454:	18bc      	adds	r4, r7, r2
10002456:	46a4      	mov	ip, r4
10002458:	463a      	mov	r2, r7
1000245a:	e004      	b.n	10002466 <_vsnprintf+0x2c2>
1000245c:	f812 4f01 	ldrb.w	r4, [r2, #1]!
10002460:	2c00      	cmp	r4, #0
10002462:	f000 813f 	beq.w	100026e4 <_vsnprintf+0x540>
10002466:	4594      	cmp	ip, r2
10002468:	d1f8      	bne.n	1000245c <_vsnprintf+0x2b8>
1000246a:	4664      	mov	r4, ip
1000246c:	1be4      	subs	r4, r4, r7
1000246e:	055a      	lsls	r2, r3, #21
10002470:	f140 8122 	bpl.w	100026b8 <_vsnprintf+0x514>
10002474:	42b4      	cmp	r4, r6
10002476:	bf28      	it	cs
10002478:	4634      	movcs	r4, r6
1000247a:	f013 0302 	ands.w	r3, r3, #2
1000247e:	f000 8288 	beq.w	10002992 <_vsnprintf+0x7ee>
10002482:	2302      	movs	r3, #2
10002484:	e9cd 510a 	strd	r5, r1, [sp, #40]	@ 0x28
10002488:	4642      	mov	r2, r8
1000248a:	461d      	mov	r5, r3
1000248c:	4446      	add	r6, r8
1000248e:	e008      	b.n	100024a2 <_vsnprintf+0x2fe>
10002490:	464b      	mov	r3, r9
10002492:	4651      	mov	r1, sl
10002494:	47d8      	blx	fp
10002496:	f817 0f01 	ldrb.w	r0, [r7, #1]!
1000249a:	f108 0801 	add.w	r8, r8, #1
1000249e:	b110      	cbz	r0, 100024a6 <_vsnprintf+0x302>
100024a0:	4642      	mov	r2, r8
100024a2:	4546      	cmp	r6, r8
100024a4:	d1f4      	bne.n	10002490 <_vsnprintf+0x2ec>
100024a6:	462b      	mov	r3, r5
100024a8:	990b      	ldr	r1, [sp, #44]	@ 0x2c
100024aa:	9d0a      	ldr	r5, [sp, #40]	@ 0x28
100024ac:	2b00      	cmp	r3, #0
100024ae:	f040 8141 	bne.w	10002734 <_vsnprintf+0x590>
100024b2:	910a      	str	r1, [sp, #40]	@ 0x28
100024b4:	e694      	b.n	100021e0 <_vsnprintf+0x3c>
100024b6:	9909      	ldr	r1, [sp, #36]	@ 0x24
100024b8:	7848      	ldrb	r0, [r1, #1]
100024ba:	286c      	cmp	r0, #108	@ 0x6c
100024bc:	f47f aeec 	bne.w	10002298 <_vsnprintf+0xf4>
100024c0:	460a      	mov	r2, r1
100024c2:	7888      	ldrb	r0, [r1, #2]
100024c4:	f443 7340 	orr.w	r3, r3, #768	@ 0x300
100024c8:	3203      	adds	r2, #3
100024ca:	e6e8      	b.n	1000229e <_vsnprintf+0xfa>
100024cc:	9909      	ldr	r1, [sp, #36]	@ 0x24
100024ce:	f443 7300 	orr.w	r3, r3, #512	@ 0x200
100024d2:	7848      	ldrb	r0, [r1, #1]
100024d4:	3201      	adds	r2, #1
100024d6:	e6e2      	b.n	1000229e <_vsnprintf+0xfa>
100024d8:	9909      	ldr	r1, [sp, #36]	@ 0x24
100024da:	7848      	ldrb	r0, [r1, #1]
100024dc:	2868      	cmp	r0, #104	@ 0x68
100024de:	f000 8103 	beq.w	100026e8 <_vsnprintf+0x544>
100024e2:	f043 0380 	orr.w	r3, r3, #128	@ 0x80
100024e6:	3201      	adds	r2, #1
100024e8:	e6d9      	b.n	1000229e <_vsnprintf+0xfa>
100024ea:	2867      	cmp	r0, #103	@ 0x67
100024ec:	f000 80d9 	beq.w	100026a2 <_vsnprintf+0x4fe>
100024f0:	2847      	cmp	r0, #71	@ 0x47
100024f2:	f000 80dc 	beq.w	100026ae <_vsnprintf+0x50a>
100024f6:	2845      	cmp	r0, #69	@ 0x45
100024f8:	f000 80db 	beq.w	100026b2 <_vsnprintf+0x50e>
100024fc:	e9cd 5303 	strd	r5, r3, [sp, #12]
10002500:	9b0a      	ldr	r3, [sp, #40]	@ 0x28
10002502:	9602      	str	r6, [sp, #8]
10002504:	3307      	adds	r3, #7
10002506:	f023 0307 	bic.w	r3, r3, #7
1000250a:	461c      	mov	r4, r3
1000250c:	4642      	mov	r2, r8
1000250e:	e8f4 6702 	ldrd	r6, r7, [r4], #8
10002512:	464b      	mov	r3, r9
10002514:	4651      	mov	r1, sl
10002516:	4658      	mov	r0, fp
10002518:	e9cd 6700 	strd	r6, r7, [sp]
1000251c:	940a      	str	r4, [sp, #40]	@ 0x28
1000251e:	f7ff fb87 	bl	10001c30 <_etoa>
10002522:	4680      	mov	r8, r0
10002524:	e65c      	b.n	100021e0 <_vsnprintf+0x3c>
10002526:	2846      	cmp	r0, #70	@ 0x46
10002528:	bf08      	it	eq
1000252a:	f043 0320 	orreq.w	r3, r3, #32
1000252e:	e9cd 5303 	strd	r5, r3, [sp, #12]
10002532:	9b0a      	ldr	r3, [sp, #40]	@ 0x28
10002534:	9602      	str	r6, [sp, #8]
10002536:	3307      	adds	r3, #7
10002538:	f023 0307 	bic.w	r3, r3, #7
1000253c:	461c      	mov	r4, r3
1000253e:	4642      	mov	r2, r8
10002540:	e8f4 6702 	ldrd	r6, r7, [r4], #8
10002544:	464b      	mov	r3, r9
10002546:	4651      	mov	r1, sl
10002548:	4658      	mov	r0, fp
1000254a:	e9cd 6700 	strd	r6, r7, [sp]
1000254e:	940a      	str	r4, [sp, #40]	@ 0x28
10002550:	f7ff f90e 	bl	10001770 <_ftoa>
10002554:	4680      	mov	r8, r0
10002556:	e643      	b.n	100021e0 <_vsnprintf+0x3c>
10002558:	4642      	mov	r2, r8
1000255a:	464b      	mov	r3, r9
1000255c:	4651      	mov	r1, sl
1000255e:	2025      	movs	r0, #37	@ 0x25
10002560:	f108 0801 	add.w	r8, r8, #1
10002564:	47d8      	blx	fp
10002566:	e63b      	b.n	100021e0 <_vsnprintf+0x3c>
10002568:	9a0a      	ldr	r2, [sp, #40]	@ 0x28
1000256a:	0799      	lsls	r1, r3, #30
1000256c:	f102 0404 	add.w	r4, r2, #4
10002570:	f108 0601 	add.w	r6, r8, #1
10002574:	f140 80c6 	bpl.w	10002704 <_vsnprintf+0x560>
10002578:	7810      	ldrb	r0, [r2, #0]
1000257a:	464b      	mov	r3, r9
1000257c:	4642      	mov	r2, r8
1000257e:	4651      	mov	r1, sl
10002580:	47d8      	blx	fp
10002582:	2d01      	cmp	r5, #1
10002584:	bf88      	it	hi
10002586:	44a8      	addhi	r8, r5
10002588:	f240 81bd 	bls.w	10002906 <_vsnprintf+0x762>
1000258c:	4632      	mov	r2, r6
1000258e:	464b      	mov	r3, r9
10002590:	4651      	mov	r1, sl
10002592:	2020      	movs	r0, #32
10002594:	3601      	adds	r6, #1
10002596:	47d8      	blx	fp
10002598:	4546      	cmp	r6, r8
1000259a:	d1f7      	bne.n	1000258c <_vsnprintf+0x3e8>
1000259c:	940a      	str	r4, [sp, #40]	@ 0x28
1000259e:	e61f      	b.n	100021e0 <_vsnprintf+0x3c>
100025a0:	286f      	cmp	r0, #111	@ 0x6f
100025a2:	f000 8081 	beq.w	100026a8 <_vsnprintf+0x504>
100025a6:	f240 8248 	bls.w	10002a3a <_vsnprintf+0x896>
100025aa:	2878      	cmp	r0, #120	@ 0x78
100025ac:	f000 8190 	beq.w	100028d0 <_vsnprintf+0x72c>
100025b0:	270a      	movs	r7, #10
100025b2:	f023 0310 	bic.w	r3, r3, #16
100025b6:	46bc      	mov	ip, r7
100025b8:	e041      	b.n	1000263e <_vsnprintf+0x49a>
100025ba:	2600      	movs	r6, #0
100025bc:	eb06 0686 	add.w	r6, r6, r6, lsl #2
100025c0:	eb00 0046 	add.w	r0, r0, r6, lsl #1
100025c4:	f1a0 0630 	sub.w	r6, r0, #48	@ 0x30
100025c8:	f811 0f01 	ldrb.w	r0, [r1, #1]!
100025cc:	f1a0 0230 	sub.w	r2, r0, #48	@ 0x30
100025d0:	2a09      	cmp	r2, #9
100025d2:	d9f3      	bls.n	100025bc <_vsnprintf+0x418>
100025d4:	460a      	mov	r2, r1
100025d6:	9109      	str	r1, [sp, #36]	@ 0x24
100025d8:	3201      	adds	r2, #1
100025da:	e62e      	b.n	1000223a <_vsnprintf+0x96>
100025dc:	e9dd 2109 	ldrd	r2, r1, [sp, #36]	@ 0x24
100025e0:	f851 6b04 	ldr.w	r6, [r1], #4
100025e4:	7890      	ldrb	r0, [r2, #2]
100025e6:	3202      	adds	r2, #2
100025e8:	9209      	str	r2, [sp, #36]	@ 0x24
100025ea:	910a      	str	r1, [sp, #40]	@ 0x28
100025ec:	3201      	adds	r2, #1
100025ee:	ea26 76e6 	bic.w	r6, r6, r6, asr #31
100025f2:	e622      	b.n	1000223a <_vsnprintf+0x96>
100025f4:	f023 0010 	bic.w	r0, r3, #16
100025f8:	f413 6280 	ands.w	r2, r3, #1024	@ 0x400
100025fc:	f040 0021 	orr.w	r0, r0, #33	@ 0x21
10002600:	f43f aee7 	beq.w	100023d2 <_vsnprintf+0x22e>
10002604:	ab12      	add	r3, sp, #72	@ 0x48
10002606:	930b      	str	r3, [sp, #44]	@ 0x2c
10002608:	9b0b      	ldr	r3, [sp, #44]	@ 0x2c
1000260a:	9006      	str	r0, [sp, #24]
1000260c:	9300      	str	r3, [sp, #0]
1000260e:	2308      	movs	r3, #8
10002610:	2010      	movs	r0, #16
10002612:	9305      	str	r3, [sp, #20]
10002614:	2300      	movs	r3, #0
10002616:	4642      	mov	r2, r8
10002618:	e9cd 3002 	strd	r3, r0, [sp, #8]
1000261c:	9101      	str	r1, [sp, #4]
1000261e:	464b      	mov	r3, r9
10002620:	4651      	mov	r1, sl
10002622:	4658      	mov	r0, fp
10002624:	9604      	str	r6, [sp, #16]
10002626:	f7fe ffb3 	bl	10001590 <_ntoa_format>
1000262a:	950a      	str	r5, [sp, #40]	@ 0x28
1000262c:	4680      	mov	r8, r0
1000262e:	e5d7      	b.n	100021e0 <_vsnprintf+0x3c>
10002630:	2858      	cmp	r0, #88	@ 0x58
10002632:	d062      	beq.n	100026fa <_vsnprintf+0x556>
10002634:	2862      	cmp	r0, #98	@ 0x62
10002636:	f040 808f 	bne.w	10002758 <_vsnprintf+0x5b4>
1000263a:	2702      	movs	r7, #2
1000263c:	46bc      	mov	ip, r7
1000263e:	f413 6080 	ands.w	r0, r3, #1024	@ 0x400
10002642:	f000 80dd 	beq.w	10002800 <_vsnprintf+0x65c>
10002646:	f023 030d 	bic.w	r3, r3, #13
1000264a:	f413 7200 	ands.w	r2, r3, #512	@ 0x200
1000264e:	f040 8181 	bne.w	10002954 <_vsnprintf+0x7b0>
10002652:	990a      	ldr	r1, [sp, #40]	@ 0x28
10002654:	1d0f      	adds	r7, r1, #4
10002656:	f413 7180 	ands.w	r1, r3, #256	@ 0x100
1000265a:	f040 8237 	bne.w	10002acc <_vsnprintf+0x928>
1000265e:	065c      	lsls	r4, r3, #25
10002660:	9a0a      	ldr	r2, [sp, #40]	@ 0x28
10002662:	f140 813b 	bpl.w	100028dc <_vsnprintf+0x738>
10002666:	7812      	ldrb	r2, [r2, #0]
10002668:	2a00      	cmp	r2, #0
1000266a:	f040 814e 	bne.w	1000290a <_vsnprintf+0x766>
1000266e:	f023 0310 	bic.w	r3, r3, #16
10002672:	2800      	cmp	r0, #0
10002674:	f000 8149 	beq.w	1000290a <_vsnprintf+0x766>
10002678:	4611      	mov	r1, r2
1000267a:	aa12      	add	r2, sp, #72	@ 0x48
1000267c:	920b      	str	r2, [sp, #44]	@ 0x2c
1000267e:	e9cd 5305 	strd	r5, r3, [sp, #20]
10002682:	e9cd c603 	strd	ip, r6, [sp, #12]
10002686:	9101      	str	r1, [sp, #4]
10002688:	9b0b      	ldr	r3, [sp, #44]	@ 0x2c
1000268a:	4642      	mov	r2, r8
1000268c:	9300      	str	r3, [sp, #0]
1000268e:	2300      	movs	r3, #0
10002690:	4651      	mov	r1, sl
10002692:	9302      	str	r3, [sp, #8]
10002694:	4658      	mov	r0, fp
10002696:	464b      	mov	r3, r9
10002698:	f7fe ff7a 	bl	10001590 <_ntoa_format>
1000269c:	970a      	str	r7, [sp, #40]	@ 0x28
1000269e:	4680      	mov	r8, r0
100026a0:	e59e      	b.n	100021e0 <_vsnprintf+0x3c>
100026a2:	f443 6300 	orr.w	r3, r3, #2048	@ 0x800
100026a6:	e729      	b.n	100024fc <_vsnprintf+0x358>
100026a8:	2708      	movs	r7, #8
100026aa:	46bc      	mov	ip, r7
100026ac:	e7c7      	b.n	1000263e <_vsnprintf+0x49a>
100026ae:	f443 6300 	orr.w	r3, r3, #2048	@ 0x800
100026b2:	f043 0320 	orr.w	r3, r3, #32
100026b6:	e721      	b.n	100024fc <_vsnprintf+0x358>
100026b8:	f013 0302 	ands.w	r3, r3, #2
100026bc:	f000 818e 	beq.w	100029dc <_vsnprintf+0x838>
100026c0:	2302      	movs	r3, #2
100026c2:	950a      	str	r5, [sp, #40]	@ 0x28
100026c4:	461e      	mov	r6, r3
100026c6:	460d      	mov	r5, r1
100026c8:	4642      	mov	r2, r8
100026ca:	464b      	mov	r3, r9
100026cc:	4651      	mov	r1, sl
100026ce:	47d8      	blx	fp
100026d0:	f817 0f01 	ldrb.w	r0, [r7, #1]!
100026d4:	f108 0801 	add.w	r8, r8, #1
100026d8:	2800      	cmp	r0, #0
100026da:	d1f5      	bne.n	100026c8 <_vsnprintf+0x524>
100026dc:	4629      	mov	r1, r5
100026de:	4633      	mov	r3, r6
100026e0:	9d0a      	ldr	r5, [sp, #40]	@ 0x28
100026e2:	e6e3      	b.n	100024ac <_vsnprintf+0x308>
100026e4:	1bd4      	subs	r4, r2, r7
100026e6:	e6c2      	b.n	1000246e <_vsnprintf+0x2ca>
100026e8:	460a      	mov	r2, r1
100026ea:	7888      	ldrb	r0, [r1, #2]
100026ec:	f043 03c0 	orr.w	r3, r3, #192	@ 0xc0
100026f0:	3203      	adds	r2, #3
100026f2:	e5d4      	b.n	1000229e <_vsnprintf+0xfa>
100026f4:	4604      	mov	r4, r0
100026f6:	4680      	mov	r8, r0
100026f8:	e646      	b.n	10002388 <_vsnprintf+0x1e4>
100026fa:	2710      	movs	r7, #16
100026fc:	f043 0320 	orr.w	r3, r3, #32
10002700:	46bc      	mov	ip, r7
10002702:	e79c      	b.n	1000263e <_vsnprintf+0x49a>
10002704:	2d01      	cmp	r5, #1
10002706:	f240 80f8 	bls.w	100028fa <_vsnprintf+0x756>
1000270a:	4646      	mov	r6, r8
1000270c:	f108 37ff 	add.w	r7, r8, #4294967295
10002710:	442f      	add	r7, r5
10002712:	4632      	mov	r2, r6
10002714:	464b      	mov	r3, r9
10002716:	4651      	mov	r1, sl
10002718:	2020      	movs	r0, #32
1000271a:	3601      	adds	r6, #1
1000271c:	47d8      	blx	fp
1000271e:	42be      	cmp	r6, r7
10002720:	d1f7      	bne.n	10002712 <_vsnprintf+0x56e>
10002722:	9b0a      	ldr	r3, [sp, #40]	@ 0x28
10002724:	4632      	mov	r2, r6
10002726:	7818      	ldrb	r0, [r3, #0]
10002728:	4651      	mov	r1, sl
1000272a:	464b      	mov	r3, r9
1000272c:	47d8      	blx	fp
1000272e:	44a8      	add	r8, r5
10002730:	940a      	str	r4, [sp, #40]	@ 0x28
10002732:	e555      	b.n	100021e0 <_vsnprintf+0x3c>
10002734:	4646      	mov	r6, r8
10002736:	42a5      	cmp	r5, r4
10002738:	f67f aebb 	bls.w	100024b2 <_vsnprintf+0x30e>
1000273c:	44a8      	add	r8, r5
1000273e:	eba8 0804 	sub.w	r8, r8, r4
10002742:	460c      	mov	r4, r1
10002744:	4632      	mov	r2, r6
10002746:	464b      	mov	r3, r9
10002748:	4651      	mov	r1, sl
1000274a:	2020      	movs	r0, #32
1000274c:	3601      	adds	r6, #1
1000274e:	47d8      	blx	fp
10002750:	4546      	cmp	r6, r8
10002752:	d1f7      	bne.n	10002744 <_vsnprintf+0x5a0>
10002754:	4621      	mov	r1, r4
10002756:	e6ac      	b.n	100024b2 <_vsnprintf+0x30e>
10002758:	f413 6280 	ands.w	r2, r3, #1024	@ 0x400
1000275c:	f000 80bb 	beq.w	100028d6 <_vsnprintf+0x732>
10002760:	f44f 6280 	mov.w	r2, #1024	@ 0x400
10002764:	f023 0c11 	bic.w	ip, r3, #17
10002768:	f41c 7700 	ands.w	r7, ip, #512	@ 0x200
1000276c:	9b0a      	ldr	r3, [sp, #40]	@ 0x28
1000276e:	d14a      	bne.n	10002806 <_vsnprintf+0x662>
10002770:	f41c 7080 	ands.w	r0, ip, #256	@ 0x100
10002774:	f103 0404 	add.w	r4, r3, #4
10002778:	f040 8134 	bne.w	100029e4 <_vsnprintf+0x840>
1000277c:	f01c 0f40 	tst.w	ip, #64	@ 0x40
10002780:	f040 80a3 	bne.w	100028ca <_vsnprintf+0x726>
10002784:	f01c 0f80 	tst.w	ip, #128	@ 0x80
10002788:	f000 81d3 	beq.w	10002b32 <_vsnprintf+0x98e>
1000278c:	f9b3 1000 	ldrsh.w	r1, [r3]
10002790:	ea81 77e1 	eor.w	r7, r1, r1, asr #31
10002794:	eba7 77e1 	sub.w	r7, r7, r1, asr #31
10002798:	b2bf      	uxth	r7, r7
1000279a:	0fcb      	lsrs	r3, r1, #31
1000279c:	2900      	cmp	r1, #0
1000279e:	f000 8156 	beq.w	10002a4e <_vsnprintf+0x8aa>
100027a2:	463a      	mov	r2, r7
100027a4:	a912      	add	r1, sp, #72	@ 0x48
100027a6:	460f      	mov	r7, r1
100027a8:	f8df e3d8 	ldr.w	lr, [pc, #984]	@ 10002b84 <_vsnprintf+0x9e0>
100027ac:	910b      	str	r1, [sp, #44]	@ 0x2c
100027ae:	930a      	str	r3, [sp, #40]	@ 0x28
100027b0:	950c      	str	r5, [sp, #48]	@ 0x30
100027b2:	e001      	b.n	100027b8 <_vsnprintf+0x614>
100027b4:	2820      	cmp	r0, #32
100027b6:	d00f      	beq.n	100027d8 <_vsnprintf+0x634>
100027b8:	4615      	mov	r5, r2
100027ba:	fbae 1302 	umull	r1, r3, lr, r2
100027be:	08db      	lsrs	r3, r3, #3
100027c0:	eb03 0183 	add.w	r1, r3, r3, lsl #2
100027c4:	eba2 0141 	sub.w	r1, r2, r1, lsl #1
100027c8:	3130      	adds	r1, #48	@ 0x30
100027ca:	2d09      	cmp	r5, #9
100027cc:	461a      	mov	r2, r3
100027ce:	f100 0001 	add.w	r0, r0, #1
100027d2:	f807 1b01 	strb.w	r1, [r7], #1
100027d6:	d8ed      	bhi.n	100027b4 <_vsnprintf+0x610>
100027d8:	9b0a      	ldr	r3, [sp, #40]	@ 0x28
100027da:	9d0c      	ldr	r5, [sp, #48]	@ 0x30
100027dc:	e9cd 5c05 	strd	r5, ip, [sp, #20]
100027e0:	e9cd 0301 	strd	r0, r3, [sp, #4]
100027e4:	9604      	str	r6, [sp, #16]
100027e6:	9b0b      	ldr	r3, [sp, #44]	@ 0x2c
100027e8:	4642      	mov	r2, r8
100027ea:	9300      	str	r3, [sp, #0]
100027ec:	230a      	movs	r3, #10
100027ee:	4651      	mov	r1, sl
100027f0:	9303      	str	r3, [sp, #12]
100027f2:	4658      	mov	r0, fp
100027f4:	464b      	mov	r3, r9
100027f6:	f7fe fecb 	bl	10001590 <_ntoa_format>
100027fa:	940a      	str	r4, [sp, #40]	@ 0x28
100027fc:	4680      	mov	r8, r0
100027fe:	e4ef      	b.n	100021e0 <_vsnprintf+0x3c>
10002800:	f023 030c 	bic.w	r3, r3, #12
10002804:	e721      	b.n	1000264a <_vsnprintf+0x4a6>
10002806:	3307      	adds	r3, #7
10002808:	f023 0307 	bic.w	r3, r3, #7
1000280c:	4619      	mov	r1, r3
1000280e:	4608      	mov	r0, r1
10002810:	685b      	ldr	r3, [r3, #4]
10002812:	f850 1b08 	ldr.w	r1, [r0], #8
10002816:	0fdf      	lsrs	r7, r3, #31
10002818:	900a      	str	r0, [sp, #40]	@ 0x28
1000281a:	ea51 0003 	orrs.w	r0, r1, r3
1000281e:	d162      	bne.n	100028e6 <_vsnprintf+0x742>
10002820:	2a00      	cmp	r2, #0
10002822:	f040 819f 	bne.w	10002b64 <_vsnprintf+0x9c0>
10002826:	4613      	mov	r3, r2
10002828:	4611      	mov	r1, r2
1000282a:	aa12      	add	r2, sp, #72	@ 0x48
1000282c:	e9cd 750c 	strd	r7, r5, [sp, #48]	@ 0x30
10002830:	2000      	movs	r0, #0
10002832:	4615      	mov	r5, r2
10002834:	e9cd 680e 	strd	r6, r8, [sp, #56]	@ 0x38
10002838:	f8df e348 	ldr.w	lr, [pc, #840]	@ 10002b84 <_vsnprintf+0x9e0>
1000283c:	920b      	str	r2, [sp, #44]	@ 0x2c
1000283e:	e001      	b.n	10002844 <_vsnprintf+0x6a0>
10002840:	2820      	cmp	r0, #32
10002842:	d02d      	beq.n	100028a0 <_vsnprintf+0x6fc>
10002844:	185a      	adds	r2, r3, r1
10002846:	f142 0200 	adc.w	r2, r2, #0
1000284a:	fbae 7802 	umull	r7, r8, lr, r2
1000284e:	f028 0703 	bic.w	r7, r8, #3
10002852:	eb07 0798 	add.w	r7, r7, r8, lsr #2
10002856:	1bd2      	subs	r2, r2, r7
10002858:	461e      	mov	r6, r3
1000285a:	1a9b      	subs	r3, r3, r2
1000285c:	f161 0700 	sbc.w	r7, r1, #0
10002860:	460c      	mov	r4, r1
10002862:	f04f 31cc 	mov.w	r1, #3435973836	@ 0xcccccccc
10002866:	fb01 f103 	mul.w	r1, r1, r3
1000286a:	fb0e 1107 	mla	r1, lr, r7, r1
1000286e:	fba3 730e 	umull	r7, r3, r3, lr
10002872:	4419      	add	r1, r3
10002874:	2305      	movs	r3, #5
10002876:	f007 0801 	and.w	r8, r7, #1
1000287a:	fba8 3803 	umull	r3, r8, r8, r3
1000287e:	189b      	adds	r3, r3, r2
10002880:	2e0a      	cmp	r6, #10
10002882:	f103 0330 	add.w	r3, r3, #48	@ 0x30
10002886:	ea4f 0757 	mov.w	r7, r7, lsr #1
1000288a:	f174 0400 	sbcs.w	r4, r4, #0
1000288e:	f805 3b01 	strb.w	r3, [r5], #1
10002892:	f100 0001 	add.w	r0, r0, #1
10002896:	ea47 73c1 	orr.w	r3, r7, r1, lsl #31
1000289a:	ea4f 0151 	mov.w	r1, r1, lsr #1
1000289e:	d2cf      	bcs.n	10002840 <_vsnprintf+0x69c>
100028a0:	e9dd 750c 	ldrd	r7, r5, [sp, #48]	@ 0x30
100028a4:	e9dd 680e 	ldrd	r6, r8, [sp, #56]	@ 0x38
100028a8:	9b0b      	ldr	r3, [sp, #44]	@ 0x2c
100028aa:	4642      	mov	r2, r8
100028ac:	9300      	str	r3, [sp, #0]
100028ae:	230a      	movs	r3, #10
100028b0:	e9cd 5c05 	strd	r5, ip, [sp, #20]
100028b4:	e9cd 0701 	strd	r0, r7, [sp, #4]
100028b8:	9604      	str	r6, [sp, #16]
100028ba:	9303      	str	r3, [sp, #12]
100028bc:	464b      	mov	r3, r9
100028be:	4651      	mov	r1, sl
100028c0:	4658      	mov	r0, fp
100028c2:	f7fe fe65 	bl	10001590 <_ntoa_format>
100028c6:	4680      	mov	r8, r0
100028c8:	e48a      	b.n	100021e0 <_vsnprintf+0x3c>
100028ca:	7819      	ldrb	r1, [r3, #0]
100028cc:	460f      	mov	r7, r1
100028ce:	e764      	b.n	1000279a <_vsnprintf+0x5f6>
100028d0:	2710      	movs	r7, #16
100028d2:	46bc      	mov	ip, r7
100028d4:	e6b3      	b.n	1000263e <_vsnprintf+0x49a>
100028d6:	f023 0c10 	bic.w	ip, r3, #16
100028da:	e745      	b.n	10002768 <_vsnprintf+0x5c4>
100028dc:	061c      	lsls	r4, r3, #24
100028de:	bf4c      	ite	mi
100028e0:	8812      	ldrhmi	r2, [r2, #0]
100028e2:	6812      	ldrpl	r2, [r2, #0]
100028e4:	e6c0      	b.n	10002668 <_vsnprintf+0x4c4>
100028e6:	460a      	mov	r2, r1
100028e8:	1e19      	subs	r1, r3, #0
100028ea:	db01      	blt.n	100028f0 <_vsnprintf+0x74c>
100028ec:	4613      	mov	r3, r2
100028ee:	e79c      	b.n	1000282a <_vsnprintf+0x686>
100028f0:	4252      	negs	r2, r2
100028f2:	4613      	mov	r3, r2
100028f4:	eb61 0141 	sbc.w	r1, r1, r1, lsl #1
100028f8:	e797      	b.n	1000282a <_vsnprintf+0x686>
100028fa:	4613      	mov	r3, r2
100028fc:	4651      	mov	r1, sl
100028fe:	7818      	ldrb	r0, [r3, #0]
10002900:	4642      	mov	r2, r8
10002902:	464b      	mov	r3, r9
10002904:	47d8      	blx	fp
10002906:	46b0      	mov	r8, r6
10002908:	e648      	b.n	1000259c <_vsnprintf+0x3f8>
1000290a:	f013 0f20 	tst.w	r3, #32
1000290e:	bf14      	ite	ne
10002910:	2041      	movne	r0, #65	@ 0x41
10002912:	2061      	moveq	r0, #97	@ 0x61
10002914:	ac12      	add	r4, sp, #72	@ 0x48
10002916:	46a6      	mov	lr, r4
10002918:	940b      	str	r4, [sp, #44]	@ 0x2c
1000291a:	930a      	str	r3, [sp, #40]	@ 0x28
1000291c:	f1a0 040a 	sub.w	r4, r0, #10
10002920:	950c      	str	r5, [sp, #48]	@ 0x30
10002922:	e002      	b.n	1000292a <_vsnprintf+0x786>
10002924:	2920      	cmp	r1, #32
10002926:	d012      	beq.n	1000294e <_vsnprintf+0x7aa>
10002928:	462a      	mov	r2, r5
1000292a:	fbb2 f5fc 	udiv	r5, r2, ip
1000292e:	fb0c 2015 	mls	r0, ip, r5, r2
10002932:	b2c3      	uxtb	r3, r0
10002934:	2809      	cmp	r0, #9
10002936:	f103 0030 	add.w	r0, r3, #48	@ 0x30
1000293a:	bf8a      	itet	hi
1000293c:	191b      	addhi	r3, r3, r4
1000293e:	b2c3      	uxtbls	r3, r0
10002940:	b2db      	uxtbhi	r3, r3
10002942:	4562      	cmp	r2, ip
10002944:	f80e 3b01 	strb.w	r3, [lr], #1
10002948:	f101 0101 	add.w	r1, r1, #1
1000294c:	d2ea      	bcs.n	10002924 <_vsnprintf+0x780>
1000294e:	9b0a      	ldr	r3, [sp, #40]	@ 0x28
10002950:	9d0c      	ldr	r5, [sp, #48]	@ 0x30
10002952:	e694      	b.n	1000267e <_vsnprintf+0x4da>
10002954:	9a0a      	ldr	r2, [sp, #40]	@ 0x28
10002956:	3207      	adds	r2, #7
10002958:	f022 0207 	bic.w	r2, r2, #7
1000295c:	6851      	ldr	r1, [r2, #4]
1000295e:	f852 4b08 	ldr.w	r4, [r2], #8
10002962:	468e      	mov	lr, r1
10002964:	920a      	str	r2, [sp, #40]	@ 0x28
10002966:	ea54 0201 	orrs.w	r2, r4, r1
1000296a:	d176      	bne.n	10002a5a <_vsnprintf+0x8b6>
1000296c:	f023 0310 	bic.w	r3, r3, #16
10002970:	2800      	cmp	r0, #0
10002972:	d072      	beq.n	10002a5a <_vsnprintf+0x8b6>
10002974:	2200      	movs	r2, #0
10002976:	4611      	mov	r1, r2
10002978:	aa12      	add	r2, sp, #72	@ 0x48
1000297a:	920b      	str	r2, [sp, #44]	@ 0x2c
1000297c:	e9cd 5305 	strd	r5, r3, [sp, #20]
10002980:	9b0b      	ldr	r3, [sp, #44]	@ 0x2c
10002982:	4642      	mov	r2, r8
10002984:	9300      	str	r3, [sp, #0]
10002986:	2300      	movs	r3, #0
10002988:	e9cd c603 	strd	ip, r6, [sp, #12]
1000298c:	9101      	str	r1, [sp, #4]
1000298e:	9302      	str	r3, [sp, #8]
10002990:	e794      	b.n	100028bc <_vsnprintf+0x718>
10002992:	42a5      	cmp	r5, r4
10002994:	bf98      	it	ls
10002996:	3401      	addls	r4, #1
10002998:	f67f ad74 	bls.w	10002484 <_vsnprintf+0x2e0>
1000299c:	f44f 6380 	mov.w	r3, #1024	@ 0x400
100029a0:	e9cd 750a 	strd	r7, r5, [sp, #40]	@ 0x28
100029a4:	eb05 0208 	add.w	r2, r5, r8
100029a8:	461f      	mov	r7, r3
100029aa:	460d      	mov	r5, r1
100029ac:	1b14      	subs	r4, r2, r4
100029ae:	4642      	mov	r2, r8
100029b0:	464b      	mov	r3, r9
100029b2:	4651      	mov	r1, sl
100029b4:	2020      	movs	r0, #32
100029b6:	f108 0801 	add.w	r8, r8, #1
100029ba:	47d8      	blx	fp
100029bc:	45a0      	cmp	r8, r4
100029be:	d1f6      	bne.n	100029ae <_vsnprintf+0x80a>
100029c0:	463b      	mov	r3, r7
100029c2:	9f0a      	ldr	r7, [sp, #40]	@ 0x28
100029c4:	4629      	mov	r1, r5
100029c6:	7838      	ldrb	r0, [r7, #0]
100029c8:	9d0b      	ldr	r5, [sp, #44]	@ 0x2c
100029ca:	1c6c      	adds	r4, r5, #1
100029cc:	2800      	cmp	r0, #0
100029ce:	f43f ad70 	beq.w	100024b2 <_vsnprintf+0x30e>
100029d2:	2b00      	cmp	r3, #0
100029d4:	f43f ae75 	beq.w	100026c2 <_vsnprintf+0x51e>
100029d8:	2300      	movs	r3, #0
100029da:	e553      	b.n	10002484 <_vsnprintf+0x2e0>
100029dc:	42a5      	cmp	r5, r4
100029de:	d8df      	bhi.n	100029a0 <_vsnprintf+0x7fc>
100029e0:	3401      	adds	r4, #1
100029e2:	e66e      	b.n	100026c2 <_vsnprintf+0x51e>
100029e4:	6819      	ldr	r1, [r3, #0]
100029e6:	0fcb      	lsrs	r3, r1, #31
100029e8:	2900      	cmp	r1, #0
100029ea:	f000 80a8 	beq.w	10002b3e <_vsnprintf+0x99a>
100029ee:	ea81 72e1 	eor.w	r2, r1, r1, asr #31
100029f2:	eba2 72e1 	sub.w	r2, r2, r1, asr #31
100029f6:	a912      	add	r1, sp, #72	@ 0x48
100029f8:	4608      	mov	r0, r1
100029fa:	f8df e188 	ldr.w	lr, [pc, #392]	@ 10002b84 <_vsnprintf+0x9e0>
100029fe:	910b      	str	r1, [sp, #44]	@ 0x2c
10002a00:	930a      	str	r3, [sp, #40]	@ 0x28
10002a02:	950c      	str	r5, [sp, #48]	@ 0x30
10002a04:	e001      	b.n	10002a0a <_vsnprintf+0x866>
10002a06:	2f20      	cmp	r7, #32
10002a08:	d00f      	beq.n	10002a2a <_vsnprintf+0x886>
10002a0a:	4615      	mov	r5, r2
10002a0c:	fbae 1302 	umull	r1, r3, lr, r2
10002a10:	08db      	lsrs	r3, r3, #3
10002a12:	eb03 0183 	add.w	r1, r3, r3, lsl #2
10002a16:	eba2 0141 	sub.w	r1, r2, r1, lsl #1
10002a1a:	3130      	adds	r1, #48	@ 0x30
10002a1c:	2d09      	cmp	r5, #9
10002a1e:	461a      	mov	r2, r3
10002a20:	f107 0701 	add.w	r7, r7, #1
10002a24:	f800 1b01 	strb.w	r1, [r0], #1
10002a28:	d8ed      	bhi.n	10002a06 <_vsnprintf+0x862>
10002a2a:	9b0a      	ldr	r3, [sp, #40]	@ 0x28
10002a2c:	9d0c      	ldr	r5, [sp, #48]	@ 0x30
10002a2e:	e9cd 5c05 	strd	r5, ip, [sp, #20]
10002a32:	e9cd 7301 	strd	r7, r3, [sp, #4]
10002a36:	9604      	str	r6, [sp, #16]
10002a38:	e6d5      	b.n	100027e6 <_vsnprintf+0x642>
10002a3a:	2869      	cmp	r0, #105	@ 0x69
10002a3c:	f023 0c10 	bic.w	ip, r3, #16
10002a40:	f040 808c 	bne.w	10002b5c <_vsnprintf+0x9b8>
10002a44:	f413 6280 	ands.w	r2, r3, #1024	@ 0x400
10002a48:	f43f ae8e 	beq.w	10002768 <_vsnprintf+0x5c4>
10002a4c:	e688      	b.n	10002760 <_vsnprintf+0x5bc>
10002a4e:	2a00      	cmp	r2, #0
10002a50:	f43f aea8 	beq.w	100027a4 <_vsnprintf+0x600>
10002a54:	aa12      	add	r2, sp, #72	@ 0x48
10002a56:	920b      	str	r2, [sp, #44]	@ 0x2c
10002a58:	e6c0      	b.n	100027dc <_vsnprintf+0x638>
10002a5a:	f013 0f20 	tst.w	r3, #32
10002a5e:	bf14      	ite	ne
10002a60:	2241      	movne	r2, #65	@ 0x41
10002a62:	2261      	moveq	r2, #97	@ 0x61
10002a64:	2000      	movs	r0, #0
10002a66:	a912      	add	r1, sp, #72	@ 0x48
10002a68:	3a0a      	subs	r2, #10
10002a6a:	e9cd 680e 	strd	r6, r8, [sp, #56]	@ 0x38
10002a6e:	e9cd 350c 	strd	r3, r5, [sp, #48]	@ 0x30
10002a72:	f8cd b044 	str.w	fp, [sp, #68]	@ 0x44
10002a76:	4606      	mov	r6, r0
10002a78:	4688      	mov	r8, r1
10002a7a:	4675      	mov	r5, lr
10002a7c:	4693      	mov	fp, r2
10002a7e:	910b      	str	r1, [sp, #44]	@ 0x2c
10002a80:	f8cd c040 	str.w	ip, [sp, #64]	@ 0x40
10002a84:	e003      	b.n	10002a8e <_vsnprintf+0x8ea>
10002a86:	2e20      	cmp	r6, #32
10002a88:	d017      	beq.n	10002aba <_vsnprintf+0x916>
10002a8a:	4604      	mov	r4, r0
10002a8c:	460d      	mov	r5, r1
10002a8e:	4629      	mov	r1, r5
10002a90:	463a      	mov	r2, r7
10002a92:	2300      	movs	r3, #0
10002a94:	4620      	mov	r0, r4
10002a96:	f003 fa6b 	bl	10005f70 <____aeabi_uldivmod_veneer>
10002a9a:	b2d2      	uxtb	r2, r2
10002a9c:	2a09      	cmp	r2, #9
10002a9e:	f102 0330 	add.w	r3, r2, #48	@ 0x30
10002aa2:	bf88      	it	hi
10002aa4:	eb02 030b 	addhi.w	r3, r2, fp
10002aa8:	42bc      	cmp	r4, r7
10002aaa:	b2db      	uxtb	r3, r3
10002aac:	f175 0500 	sbcs.w	r5, r5, #0
10002ab0:	f808 3b01 	strb.w	r3, [r8], #1
10002ab4:	f106 0601 	add.w	r6, r6, #1
10002ab8:	d2e5      	bcs.n	10002a86 <_vsnprintf+0x8e2>
10002aba:	4631      	mov	r1, r6
10002abc:	e9dd 350c 	ldrd	r3, r5, [sp, #48]	@ 0x30
10002ac0:	e9dd cb10 	ldrd	ip, fp, [sp, #64]	@ 0x40
10002ac4:	f8dd 803c 	ldr.w	r8, [sp, #60]	@ 0x3c
10002ac8:	9e0e      	ldr	r6, [sp, #56]	@ 0x38
10002aca:	e757      	b.n	1000297c <_vsnprintf+0x7d8>
10002acc:	990a      	ldr	r1, [sp, #40]	@ 0x28
10002ace:	6809      	ldr	r1, [r1, #0]
10002ad0:	b951      	cbnz	r1, 10002ae8 <_vsnprintf+0x944>
10002ad2:	f023 0310 	bic.w	r3, r3, #16
10002ad6:	b138      	cbz	r0, 10002ae8 <_vsnprintf+0x944>
10002ad8:	a912      	add	r1, sp, #72	@ 0x48
10002ada:	910b      	str	r1, [sp, #44]	@ 0x2c
10002adc:	e9cd 5305 	strd	r5, r3, [sp, #20]
10002ae0:	e9cd c603 	strd	ip, r6, [sp, #12]
10002ae4:	9201      	str	r2, [sp, #4]
10002ae6:	e5cf      	b.n	10002688 <_vsnprintf+0x4e4>
10002ae8:	f013 0f20 	tst.w	r3, #32
10002aec:	bf14      	ite	ne
10002aee:	2041      	movne	r0, #65	@ 0x41
10002af0:	2061      	moveq	r0, #97	@ 0x61
10002af2:	ac12      	add	r4, sp, #72	@ 0x48
10002af4:	46a6      	mov	lr, r4
10002af6:	940b      	str	r4, [sp, #44]	@ 0x2c
10002af8:	930a      	str	r3, [sp, #40]	@ 0x28
10002afa:	f1a0 040a 	sub.w	r4, r0, #10
10002afe:	950c      	str	r5, [sp, #48]	@ 0x30
10002b00:	e002      	b.n	10002b08 <_vsnprintf+0x964>
10002b02:	2a20      	cmp	r2, #32
10002b04:	d012      	beq.n	10002b2c <_vsnprintf+0x988>
10002b06:	4629      	mov	r1, r5
10002b08:	fbb1 f5fc 	udiv	r5, r1, ip
10002b0c:	fb0c 1015 	mls	r0, ip, r5, r1
10002b10:	b2c3      	uxtb	r3, r0
10002b12:	2809      	cmp	r0, #9
10002b14:	f103 0030 	add.w	r0, r3, #48	@ 0x30
10002b18:	bf8a      	itet	hi
10002b1a:	191b      	addhi	r3, r3, r4
10002b1c:	b2c3      	uxtbls	r3, r0
10002b1e:	b2db      	uxtbhi	r3, r3
10002b20:	4561      	cmp	r1, ip
10002b22:	f80e 3b01 	strb.w	r3, [lr], #1
10002b26:	f102 0201 	add.w	r2, r2, #1
10002b2a:	d2ea      	bcs.n	10002b02 <_vsnprintf+0x95e>
10002b2c:	9b0a      	ldr	r3, [sp, #40]	@ 0x28
10002b2e:	9d0c      	ldr	r5, [sp, #48]	@ 0x30
10002b30:	e7d4      	b.n	10002adc <_vsnprintf+0x938>
10002b32:	6819      	ldr	r1, [r3, #0]
10002b34:	ea81 77e1 	eor.w	r7, r1, r1, asr #31
10002b38:	eba7 77e1 	sub.w	r7, r7, r1, asr #31
10002b3c:	e62d      	b.n	1000279a <_vsnprintf+0x5f6>
10002b3e:	2a00      	cmp	r2, #0
10002b40:	f43f af59 	beq.w	100029f6 <_vsnprintf+0x852>
10002b44:	aa12      	add	r2, sp, #72	@ 0x48
10002b46:	920b      	str	r2, [sp, #44]	@ 0x2c
10002b48:	e771      	b.n	10002a2e <_vsnprintf+0x88a>
10002b4a:	f413 6480 	ands.w	r4, r3, #1024	@ 0x400
10002b4e:	d00d      	beq.n	10002b6c <_vsnprintf+0x9c8>
10002b50:	f013 0402 	ands.w	r4, r3, #2
10002b54:	d012      	beq.n	10002b7c <_vsnprintf+0x9d8>
10002b56:	4604      	mov	r4, r0
10002b58:	4646      	mov	r6, r8
10002b5a:	e5ec      	b.n	10002736 <_vsnprintf+0x592>
10002b5c:	270a      	movs	r7, #10
10002b5e:	4663      	mov	r3, ip
10002b60:	46bc      	mov	ip, r7
10002b62:	e56c      	b.n	1000263e <_vsnprintf+0x49a>
10002b64:	ab12      	add	r3, sp, #72	@ 0x48
10002b66:	2000      	movs	r0, #0
10002b68:	930b      	str	r3, [sp, #44]	@ 0x2c
10002b6a:	e69d      	b.n	100028a8 <_vsnprintf+0x704>
10002b6c:	f013 0302 	ands.w	r3, r3, #2
10002b70:	f47f ade0 	bne.w	10002734 <_vsnprintf+0x590>
10002b74:	2d00      	cmp	r5, #0
10002b76:	f47f af13 	bne.w	100029a0 <_vsnprintf+0x7fc>
10002b7a:	e49a      	b.n	100024b2 <_vsnprintf+0x30e>
10002b7c:	2d00      	cmp	r5, #0
10002b7e:	f47f af0d 	bne.w	1000299c <_vsnprintf+0x7f8>
10002b82:	e496      	b.n	100024b2 <_vsnprintf+0x30e>
10002b84:	cccccccd 	.word	0xcccccccd

10002b88 <__wrap_sprintf>:
10002b88:	b40e      	push	{r1, r2, r3}
10002b8a:	b510      	push	{r4, lr}
10002b8c:	b085      	sub	sp, #20
10002b8e:	ac07      	add	r4, sp, #28
10002b90:	f854 3b04 	ldr.w	r3, [r4], #4
10002b94:	4601      	mov	r1, r0
10002b96:	f04f 32ff 	mov.w	r2, #4294967295
10002b9a:	9400      	str	r4, [sp, #0]
10002b9c:	4804      	ldr	r0, [pc, #16]	@ (10002bb0 <__wrap_sprintf+0x28>)
10002b9e:	9403      	str	r4, [sp, #12]
10002ba0:	f7ff fb00 	bl	100021a4 <_vsnprintf>
10002ba4:	b005      	add	sp, #20
10002ba6:	e8bd 4010 	ldmia.w	sp!, {r4, lr}
10002baa:	b003      	add	sp, #12
10002bac:	4770      	bx	lr
10002bae:	bf00      	nop
10002bb0:	100014e9 	.word	0x100014e9

10002bb4 <weak_raw_vprintf>:
10002bb4:	b510      	push	{r4, lr}
10002bb6:	4b09      	ldr	r3, [pc, #36]	@ (10002bdc <weak_raw_vprintf+0x28>)
10002bb8:	b084      	sub	sp, #16
10002bba:	681c      	ldr	r4, [r3, #0]
10002bbc:	b14c      	cbz	r4, 10002bd2 <weak_raw_vprintf+0x1e>
10002bbe:	4603      	mov	r3, r0
10002bc0:	9100      	str	r1, [sp, #0]
10002bc2:	f04f 32ff 	mov.w	r2, #4294967295
10002bc6:	a903      	add	r1, sp, #12
10002bc8:	4805      	ldr	r0, [pc, #20]	@ (10002be0 <weak_raw_vprintf+0x2c>)
10002bca:	47a0      	blx	r4
10002bcc:	2001      	movs	r0, #1
10002bce:	b004      	add	sp, #16
10002bd0:	bd10      	pop	{r4, pc}
10002bd2:	f000 f94b 	bl	10002e6c <__wrap_puts>
10002bd6:	4620      	mov	r0, r4
10002bd8:	b004      	add	sp, #16
10002bda:	bd10      	pop	{r4, pc}
10002bdc:	20001268 	.word	0x20001268
10002be0:	10001765 	.word	0x10001765

10002be4 <_exit>:
10002be4:	be00      	bkpt	0x0000
10002be6:	e7fd      	b.n	10002be4 <_exit>

10002be8 <_sbrk>:
10002be8:	4a07      	ldr	r2, [pc, #28]	@ (10002c08 <_sbrk+0x20>)
10002bea:	4603      	mov	r3, r0
10002bec:	6810      	ldr	r0, [r2, #0]
10002bee:	b138      	cbz	r0, 10002c00 <_sbrk+0x18>
10002bf0:	4906      	ldr	r1, [pc, #24]	@ (10002c0c <_sbrk+0x24>)
10002bf2:	4403      	add	r3, r0
10002bf4:	428b      	cmp	r3, r1
10002bf6:	bf8c      	ite	hi
10002bf8:	f04f 30ff 	movhi.w	r0, #4294967295
10002bfc:	6013      	strls	r3, [r2, #0]
10002bfe:	4770      	bx	lr
10002c00:	4903      	ldr	r1, [pc, #12]	@ (10002c10 <_sbrk+0x28>)
10002c02:	4608      	mov	r0, r1
10002c04:	6011      	str	r1, [r2, #0]
10002c06:	e7f3      	b.n	10002bf0 <_sbrk+0x8>
10002c08:	20001260 	.word	0x20001260
10002c0c:	20080000 	.word	0x20080000
10002c10:	20001418 	.word	0x20001418

10002c14 <exit>:
10002c14:	b508      	push	{r3, lr}
10002c16:	f7ff ffe5 	bl	10002be4 <_exit>
10002c1a:	bf00      	nop

10002c1c <runtime_init>:
10002c1c:	b538      	push	{r3, r4, r5, lr}
10002c1e:	4c06      	ldr	r4, [pc, #24]	@ (10002c38 <runtime_init+0x1c>)
10002c20:	4d06      	ldr	r5, [pc, #24]	@ (10002c3c <runtime_init+0x20>)
10002c22:	f7fe f9f1 	bl	10001008 <runtime_run_initializers>
10002c26:	42ac      	cmp	r4, r5
10002c28:	d204      	bcs.n	10002c34 <runtime_init+0x18>
10002c2a:	f854 3b04 	ldr.w	r3, [r4], #4
10002c2e:	4798      	blx	r3
10002c30:	42ac      	cmp	r4, r5
10002c32:	d3fa      	bcc.n	10002c2a <runtime_init+0xe>
10002c34:	bd38      	pop	{r3, r4, r5, pc}
10002c36:	bf00      	nop
10002c38:	10005fc8 	.word	0x10005fc8
10002c3c:	10005fd0 	.word	0x10005fd0

10002c40 <stdio_out_chars_no_crlf>:
10002c40:	6803      	ldr	r3, [r0, #0]
10002c42:	4608      	mov	r0, r1
10002c44:	4611      	mov	r1, r2
10002c46:	4718      	bx	r3

10002c48 <stdio_out_chars_crlf>:
10002c48:	e92d 41f0 	stmdb	sp!, {r4, r5, r6, r7, r8, lr}
10002c4c:	4615      	mov	r5, r2
10002c4e:	7d42      	ldrb	r2, [r0, #21]
10002c50:	4607      	mov	r7, r0
10002c52:	4688      	mov	r8, r1
10002c54:	2a00      	cmp	r2, #0
10002c56:	d046      	beq.n	10002ce6 <stdio_out_chars_crlf+0x9e>
10002c58:	2d00      	cmp	r5, #0
10002c5a:	dd1d      	ble.n	10002c98 <stdio_out_chars_crlf+0x50>
10002c5c:	780b      	ldrb	r3, [r1, #0]
10002c5e:	2b0a      	cmp	r3, #10
10002c60:	d023      	beq.n	10002caa <stdio_out_chars_crlf+0x62>
10002c62:	2d01      	cmp	r5, #1
10002c64:	f04f 0c00 	mov.w	ip, #0
10002c68:	d018      	beq.n	10002c9c <stdio_out_chars_crlf+0x54>
10002c6a:	4646      	mov	r6, r8
10002c6c:	2401      	movs	r4, #1
10002c6e:	f816 2f01 	ldrb.w	r2, [r6, #1]!
10002c72:	4621      	mov	r1, r4
10002c74:	2a0a      	cmp	r2, #10
10002c76:	f104 0401 	add.w	r4, r4, #1
10002c7a:	d022      	beq.n	10002cc2 <stdio_out_chars_crlf+0x7a>
10002c7c:	42a5      	cmp	r5, r4
10002c7e:	d1f6      	bne.n	10002c6e <stdio_out_chars_crlf+0x26>
10002c80:	4565      	cmp	r5, ip
10002c82:	dc0b      	bgt.n	10002c9c <stdio_out_chars_crlf+0x54>
10002c84:	eb08 0305 	add.w	r3, r8, r5
10002c88:	f813 3c01 	ldrb.w	r3, [r3, #-1]
10002c8c:	f1a3 030d 	sub.w	r3, r3, #13
10002c90:	fab3 f383 	clz	r3, r3
10002c94:	095b      	lsrs	r3, r3, #5
10002c96:	753b      	strb	r3, [r7, #20]
10002c98:	e8bd 81f0 	ldmia.w	sp!, {r4, r5, r6, r7, r8, pc}
10002c9c:	683b      	ldr	r3, [r7, #0]
10002c9e:	eba5 010c 	sub.w	r1, r5, ip
10002ca2:	eb08 000c 	add.w	r0, r8, ip
10002ca6:	4798      	blx	r3
10002ca8:	e7ec      	b.n	10002c84 <stdio_out_chars_crlf+0x3c>
10002caa:	7d03      	ldrb	r3, [r0, #20]
10002cac:	2b00      	cmp	r3, #0
10002cae:	d1d8      	bne.n	10002c62 <stdio_out_chars_crlf+0x1a>
10002cb0:	6803      	ldr	r3, [r0, #0]
10002cb2:	2102      	movs	r1, #2
10002cb4:	480f      	ldr	r0, [pc, #60]	@ (10002cf4 <stdio_out_chars_crlf+0xac>)
10002cb6:	4798      	blx	r3
10002cb8:	2d01      	cmp	r5, #1
10002cba:	d0e3      	beq.n	10002c84 <stdio_out_chars_crlf+0x3c>
10002cbc:	f04f 0c01 	mov.w	ip, #1
10002cc0:	e7d3      	b.n	10002c6a <stdio_out_chars_crlf+0x22>
10002cc2:	f816 3c01 	ldrb.w	r3, [r6, #-1]
10002cc6:	2b0d      	cmp	r3, #13
10002cc8:	d0d8      	beq.n	10002c7c <stdio_out_chars_crlf+0x34>
10002cca:	458c      	cmp	ip, r1
10002ccc:	eb08 000c 	add.w	r0, r8, ip
10002cd0:	eba1 010c 	sub.w	r1, r1, ip
10002cd4:	da01      	bge.n	10002cda <stdio_out_chars_crlf+0x92>
10002cd6:	683b      	ldr	r3, [r7, #0]
10002cd8:	4798      	blx	r3
10002cda:	2102      	movs	r1, #2
10002cdc:	4805      	ldr	r0, [pc, #20]	@ (10002cf4 <stdio_out_chars_crlf+0xac>)
10002cde:	683b      	ldr	r3, [r7, #0]
10002ce0:	4798      	blx	r3
10002ce2:	46a4      	mov	ip, r4
10002ce4:	e7ca      	b.n	10002c7c <stdio_out_chars_crlf+0x34>
10002ce6:	4629      	mov	r1, r5
10002ce8:	4640      	mov	r0, r8
10002cea:	683b      	ldr	r3, [r7, #0]
10002cec:	e8bd 41f0 	ldmia.w	sp!, {r4, r5, r6, r7, r8, lr}
10002cf0:	4718      	bx	r3
10002cf2:	bf00      	nop
10002cf4:	10006180 	.word	0x10006180

10002cf8 <stdio_put_string>:
10002cf8:	e92d 47f0 	stmdb	sp!, {r4, r5, r6, r7, r8, r9, sl, lr}
10002cfc:	b082      	sub	sp, #8
10002cfe:	460d      	mov	r5, r1
10002d00:	4691      	mov	r9, r2
10002d02:	461c      	mov	r4, r3
10002d04:	4606      	mov	r6, r0
10002d06:	f7fe f85f 	bl	10000dc8 <time_us_64>
10002d0a:	f04f 3cff 	mov.w	ip, #4294967295
10002d0e:	f06f 4700 	mvn.w	r7, #2147483648	@ 0x80000000
10002d12:	4a2e      	ldr	r2, [pc, #184]	@ (10002dcc <stdio_put_string+0xd4>)
10002d14:	1882      	adds	r2, r0, r2
10002d16:	f141 0300 	adc.w	r3, r1, #0
10002d1a:	4594      	cmp	ip, r2
10002d1c:	eb77 0103 	sbcs.w	r1, r7, r3
10002d20:	bf3c      	itt	cc
10002d22:	4662      	movcc	r2, ip
10002d24:	463b      	movcc	r3, r7
10002d26:	482a      	ldr	r0, [pc, #168]	@ (10002dd0 <stdio_put_string+0xd8>)
10002d28:	f003 f92a 	bl	10005f80 <__mutex_try_enter_block_until_veneer>
10002d2c:	1c6b      	adds	r3, r5, #1
10002d2e:	4680      	mov	r8, r0
10002d30:	d040      	beq.n	10002db4 <stdio_put_string+0xbc>
10002d32:	b30c      	cbz	r4, 10002d78 <stdio_put_string+0x80>
10002d34:	4f27      	ldr	r7, [pc, #156]	@ (10002dd4 <stdio_put_string+0xdc>)
10002d36:	4b28      	ldr	r3, [pc, #160]	@ (10002dd8 <stdio_put_string+0xe0>)
10002d38:	681c      	ldr	r4, [r3, #0]
10002d3a:	b1b4      	cbz	r4, 10002d6a <stdio_put_string+0x72>
10002d3c:	f1b9 0f00 	cmp.w	r9, #0
10002d40:	d11c      	bne.n	10002d7c <stdio_put_string+0x84>
10002d42:	f8df 909c 	ldr.w	r9, [pc, #156]	@ 10002de0 <stdio_put_string+0xe8>
10002d46:	e001      	b.n	10002d4c <stdio_put_string+0x54>
10002d48:	6924      	ldr	r4, [r4, #16]
10002d4a:	b174      	cbz	r4, 10002d6a <stdio_put_string+0x72>
10002d4c:	6823      	ldr	r3, [r4, #0]
10002d4e:	2b00      	cmp	r3, #0
10002d50:	d0fa      	beq.n	10002d48 <stdio_put_string+0x50>
10002d52:	f8d9 3000 	ldr.w	r3, [r9]
10002d56:	b10b      	cbz	r3, 10002d5c <stdio_put_string+0x64>
10002d58:	429c      	cmp	r4, r3
10002d5a:	d1f5      	bne.n	10002d48 <stdio_put_string+0x50>
10002d5c:	4620      	mov	r0, r4
10002d5e:	462a      	mov	r2, r5
10002d60:	4631      	mov	r1, r6
10002d62:	47b8      	blx	r7
10002d64:	6924      	ldr	r4, [r4, #16]
10002d66:	2c00      	cmp	r4, #0
10002d68:	d1f0      	bne.n	10002d4c <stdio_put_string+0x54>
10002d6a:	f1b8 0f00 	cmp.w	r8, #0
10002d6e:	d126      	bne.n	10002dbe <stdio_put_string+0xc6>
10002d70:	4628      	mov	r0, r5
10002d72:	b002      	add	sp, #8
10002d74:	e8bd 87f0 	ldmia.w	sp!, {r4, r5, r6, r7, r8, r9, sl, pc}
10002d78:	4f18      	ldr	r7, [pc, #96]	@ (10002ddc <stdio_put_string+0xe4>)
10002d7a:	e7dc      	b.n	10002d36 <stdio_put_string+0x3e>
10002d7c:	f04f 0a0a 	mov.w	sl, #10
10002d80:	f8df 905c 	ldr.w	r9, [pc, #92]	@ 10002de0 <stdio_put_string+0xe8>
10002d84:	e002      	b.n	10002d8c <stdio_put_string+0x94>
10002d86:	6924      	ldr	r4, [r4, #16]
10002d88:	2c00      	cmp	r4, #0
10002d8a:	d0ee      	beq.n	10002d6a <stdio_put_string+0x72>
10002d8c:	6823      	ldr	r3, [r4, #0]
10002d8e:	2b00      	cmp	r3, #0
10002d90:	d0f9      	beq.n	10002d86 <stdio_put_string+0x8e>
10002d92:	f8d9 3000 	ldr.w	r3, [r9]
10002d96:	b10b      	cbz	r3, 10002d9c <stdio_put_string+0xa4>
10002d98:	42a3      	cmp	r3, r4
10002d9a:	d1f4      	bne.n	10002d86 <stdio_put_string+0x8e>
10002d9c:	462a      	mov	r2, r5
10002d9e:	4631      	mov	r1, r6
10002da0:	4620      	mov	r0, r4
10002da2:	47b8      	blx	r7
10002da4:	2201      	movs	r2, #1
10002da6:	4620      	mov	r0, r4
10002da8:	f10d 0107 	add.w	r1, sp, #7
10002dac:	f88d a007 	strb.w	sl, [sp, #7]
10002db0:	47b8      	blx	r7
10002db2:	e7e8      	b.n	10002d86 <stdio_put_string+0x8e>
10002db4:	4630      	mov	r0, r6
10002db6:	f002 ff55 	bl	10005c64 <strlen>
10002dba:	4605      	mov	r5, r0
10002dbc:	e7b9      	b.n	10002d32 <stdio_put_string+0x3a>
10002dbe:	4804      	ldr	r0, [pc, #16]	@ (10002dd0 <stdio_put_string+0xd8>)
10002dc0:	f003 f8da 	bl	10005f78 <__mutex_exit_veneer>
10002dc4:	4628      	mov	r0, r5
10002dc6:	b002      	add	sp, #8
10002dc8:	e8bd 87f0 	ldmia.w	sp!, {r4, r5, r6, r7, r8, r9, sl, pc}
10002dcc:	000f4240 	.word	0x000f4240
10002dd0:	20000ea8 	.word	0x20000ea8
10002dd4:	10002c49 	.word	0x10002c49
10002dd8:	20001254 	.word	0x20001254
10002ddc:	10002c41 	.word	0x10002c41
10002de0:	2000125c 	.word	0x2000125c

10002de4 <stdio_init_all>:
10002de4:	2000      	movs	r0, #0
10002de6:	4770      	bx	lr

10002de8 <__wrap_putchar>:
10002de8:	b5f0      	push	{r4, r5, r6, r7, lr}
10002dea:	b083      	sub	sp, #12
10002dec:	4606      	mov	r6, r0
10002dee:	f88d 0007 	strb.w	r0, [sp, #7]
10002df2:	f7fd ffe9 	bl	10000dc8 <time_us_64>
10002df6:	f04f 35ff 	mov.w	r5, #4294967295
10002dfa:	f06f 4400 	mvn.w	r4, #2147483648	@ 0x80000000
10002dfe:	4a17      	ldr	r2, [pc, #92]	@ (10002e5c <__wrap_putchar+0x74>)
10002e00:	1882      	adds	r2, r0, r2
10002e02:	f141 0300 	adc.w	r3, r1, #0
10002e06:	4295      	cmp	r5, r2
10002e08:	eb74 0103 	sbcs.w	r1, r4, r3
10002e0c:	bf3c      	itt	cc
10002e0e:	4623      	movcc	r3, r4
10002e10:	462a      	movcc	r2, r5
10002e12:	4813      	ldr	r0, [pc, #76]	@ (10002e60 <__wrap_putchar+0x78>)
10002e14:	f003 f8b4 	bl	10005f80 <__mutex_try_enter_block_until_veneer>
10002e18:	4b12      	ldr	r3, [pc, #72]	@ (10002e64 <__wrap_putchar+0x7c>)
10002e1a:	4607      	mov	r7, r0
10002e1c:	681c      	ldr	r4, [r3, #0]
10002e1e:	b19c      	cbz	r4, 10002e48 <__wrap_putchar+0x60>
10002e20:	4d11      	ldr	r5, [pc, #68]	@ (10002e68 <__wrap_putchar+0x80>)
10002e22:	e001      	b.n	10002e28 <__wrap_putchar+0x40>
10002e24:	6924      	ldr	r4, [r4, #16]
10002e26:	b17c      	cbz	r4, 10002e48 <__wrap_putchar+0x60>
10002e28:	6823      	ldr	r3, [r4, #0]
10002e2a:	2b00      	cmp	r3, #0
10002e2c:	d0fa      	beq.n	10002e24 <__wrap_putchar+0x3c>
10002e2e:	682b      	ldr	r3, [r5, #0]
10002e30:	b10b      	cbz	r3, 10002e36 <__wrap_putchar+0x4e>
10002e32:	429c      	cmp	r4, r3
10002e34:	d1f6      	bne.n	10002e24 <__wrap_putchar+0x3c>
10002e36:	4620      	mov	r0, r4
10002e38:	2201      	movs	r2, #1
10002e3a:	f10d 0107 	add.w	r1, sp, #7
10002e3e:	f7ff ff03 	bl	10002c48 <stdio_out_chars_crlf>
10002e42:	6924      	ldr	r4, [r4, #16]
10002e44:	2c00      	cmp	r4, #0
10002e46:	d1ef      	bne.n	10002e28 <__wrap_putchar+0x40>
10002e48:	b917      	cbnz	r7, 10002e50 <__wrap_putchar+0x68>
10002e4a:	4630      	mov	r0, r6
10002e4c:	b003      	add	sp, #12
10002e4e:	bdf0      	pop	{r4, r5, r6, r7, pc}
10002e50:	4803      	ldr	r0, [pc, #12]	@ (10002e60 <__wrap_putchar+0x78>)
10002e52:	f003 f891 	bl	10005f78 <__mutex_exit_veneer>
10002e56:	4630      	mov	r0, r6
10002e58:	b003      	add	sp, #12
10002e5a:	bdf0      	pop	{r4, r5, r6, r7, pc}
10002e5c:	000f4240 	.word	0x000f4240
10002e60:	20000ea8 	.word	0x20000ea8
10002e64:	20001254 	.word	0x20001254
10002e68:	2000125c 	.word	0x2000125c

10002e6c <__wrap_puts>:
10002e6c:	b538      	push	{r3, r4, r5, lr}
10002e6e:	4604      	mov	r4, r0
10002e70:	f002 fef8 	bl	10005c64 <strlen>
10002e74:	2301      	movs	r3, #1
10002e76:	4605      	mov	r5, r0
10002e78:	461a      	mov	r2, r3
10002e7a:	4620      	mov	r0, r4
10002e7c:	4629      	mov	r1, r5
10002e7e:	f7ff ff3b 	bl	10002cf8 <stdio_put_string>
10002e82:	4b08      	ldr	r3, [pc, #32]	@ (10002ea4 <__wrap_puts+0x38>)
10002e84:	681c      	ldr	r4, [r3, #0]
10002e86:	b12c      	cbz	r4, 10002e94 <__wrap_puts+0x28>
10002e88:	6863      	ldr	r3, [r4, #4]
10002e8a:	b12b      	cbz	r3, 10002e98 <__wrap_puts+0x2c>
10002e8c:	4798      	blx	r3
10002e8e:	6924      	ldr	r4, [r4, #16]
10002e90:	2c00      	cmp	r4, #0
10002e92:	d1f9      	bne.n	10002e88 <__wrap_puts+0x1c>
10002e94:	4628      	mov	r0, r5
10002e96:	bd38      	pop	{r3, r4, r5, pc}
10002e98:	6924      	ldr	r4, [r4, #16]
10002e9a:	2c00      	cmp	r4, #0
10002e9c:	d1f4      	bne.n	10002e88 <__wrap_puts+0x1c>
10002e9e:	4628      	mov	r0, r5
10002ea0:	bd38      	pop	{r3, r4, r5, pc}
10002ea2:	bf00      	nop
10002ea4:	20001254 	.word	0x20001254

10002ea8 <exception_set_exclusive_handler>:
10002ea8:	b5f8      	push	{r3, r4, r5, r6, r7, lr}
10002eaa:	4604      	mov	r4, r0
10002eac:	460d      	mov	r5, r1
10002eae:	f3ef 8710 	mrs	r7, PRIMASK
10002eb2:	b672      	cpsid	i
10002eb4:	4b0c      	ldr	r3, [pc, #48]	@ (10002ee8 <exception_set_exclusive_handler+0x40>)
10002eb6:	689b      	ldr	r3, [r3, #8]
10002eb8:	f853 6020 	ldr.w	r6, [r3, r0, lsl #2]
10002ebc:	42b1      	cmp	r1, r6
10002ebe:	d004      	beq.n	10002eca <exception_set_exclusive_handler+0x22>
10002ec0:	4b0a      	ldr	r3, [pc, #40]	@ (10002eec <exception_set_exclusive_handler+0x44>)
10002ec2:	429e      	cmp	r6, r3
10002ec4:	d20b      	bcs.n	10002ede <exception_set_exclusive_handler+0x36>
10002ec6:	f7fe f899 	bl	10000ffc <hard_assertion_failure>
10002eca:	4b07      	ldr	r3, [pc, #28]	@ (10002ee8 <exception_set_exclusive_handler+0x40>)
10002ecc:	689b      	ldr	r3, [r3, #8]
10002ece:	f843 5024 	str.w	r5, [r3, r4, lsl #2]
10002ed2:	f3bf 8f5f 	dmb	sy
10002ed6:	f387 8810 	msr	PRIMASK, r7
10002eda:	4630      	mov	r0, r6
10002edc:	bdf8      	pop	{r3, r4, r5, r6, r7, pc}
10002ede:	4b04      	ldr	r3, [pc, #16]	@ (10002ef0 <exception_set_exclusive_handler+0x48>)
10002ee0:	429e      	cmp	r6, r3
10002ee2:	d3f2      	bcc.n	10002eca <exception_set_exclusive_handler+0x22>
10002ee4:	e7ef      	b.n	10002ec6 <exception_set_exclusive_handler+0x1e>
10002ee6:	bf00      	nop
10002ee8:	e000ed00 	.word	0xe000ed00
10002eec:	10000110 	.word	0x10000110
10002ef0:	1000011c 	.word	0x1000011c

10002ef4 <i2c_read_blocking_internal.constprop.0>:
10002ef4:	b570      	push	{r4, r5, r6, lr}
10002ef6:	2500      	movs	r5, #0
10002ef8:	2601      	movs	r6, #1
10002efa:	6804      	ldr	r4, [r0, #0]
10002efc:	2b00      	cmp	r3, #0
10002efe:	66e5      	str	r5, [r4, #108]	@ 0x6c
10002f00:	4684      	mov	ip, r0
10002f02:	6061      	str	r1, [r4, #4]
10002f04:	4628      	mov	r0, r5
10002f06:	f89d e010 	ldrb.w	lr, [sp, #16]
10002f0a:	66e6      	str	r6, [r4, #108]	@ 0x6c
10002f0c:	dd16      	ble.n	10002f3c <i2c_read_blocking_internal.constprop.0+0x48>
10002f0e:	1e5d      	subs	r5, r3, #1
10002f10:	6f61      	ldr	r1, [r4, #116]	@ 0x74
10002f12:	2910      	cmp	r1, #16
10002f14:	d0fc      	beq.n	10002f10 <i2c_read_blocking_internal.constprop.0+0x1c>
10002f16:	b300      	cbz	r0, 10002f5a <i2c_read_blocking_internal.constprop.0+0x66>
10002f18:	2100      	movs	r1, #0
10002f1a:	42a8      	cmp	r0, r5
10002f1c:	bf04      	itt	eq
10002f1e:	f08e 0601 	eoreq.w	r6, lr, #1
10002f22:	ea41 2146 	orreq.w	r1, r1, r6, lsl #9
10002f26:	f441 7180 	orr.w	r1, r1, #256	@ 0x100
10002f2a:	6121      	str	r1, [r4, #16]
10002f2c:	f8d4 1080 	ldr.w	r1, [r4, #128]	@ 0x80
10002f30:	6b61      	ldr	r1, [r4, #52]	@ 0x34
10002f32:	0649      	lsls	r1, r1, #25
10002f34:	d505      	bpl.n	10002f42 <i2c_read_blocking_internal.constprop.0+0x4e>
10002f36:	f04f 30ff 	mov.w	r0, #4294967295
10002f3a:	6d63      	ldr	r3, [r4, #84]	@ 0x54
10002f3c:	f88c e004 	strb.w	lr, [ip, #4]
10002f40:	bd70      	pop	{r4, r5, r6, pc}
10002f42:	6fa1      	ldr	r1, [r4, #120]	@ 0x78
10002f44:	2900      	cmp	r1, #0
10002f46:	d0f1      	beq.n	10002f2c <i2c_read_blocking_internal.constprop.0+0x38>
10002f48:	6921      	ldr	r1, [r4, #16]
10002f4a:	3001      	adds	r0, #1
10002f4c:	4283      	cmp	r3, r0
10002f4e:	f802 1b01 	strb.w	r1, [r2], #1
10002f52:	d0f3      	beq.n	10002f3c <i2c_read_blocking_internal.constprop.0+0x48>
10002f54:	f8dc 4000 	ldr.w	r4, [ip]
10002f58:	e7da      	b.n	10002f10 <i2c_read_blocking_internal.constprop.0+0x1c>
10002f5a:	f89c 1004 	ldrb.w	r1, [ip, #4]
10002f5e:	0289      	lsls	r1, r1, #10
10002f60:	e7db      	b.n	10002f1a <i2c_read_blocking_internal.constprop.0+0x26>
10002f62:	bf00      	nop

10002f64 <i2c_write_blocking_internal.constprop.0>:
10002f64:	e92d 41f0 	stmdb	sp!, {r4, r5, r6, r7, r8, lr}
10002f68:	2700      	movs	r7, #0
10002f6a:	2401      	movs	r4, #1
10002f6c:	4694      	mov	ip, r2
10002f6e:	6802      	ldr	r2, [r0, #0]
10002f70:	4605      	mov	r5, r0
10002f72:	66d7      	str	r7, [r2, #108]	@ 0x6c
10002f74:	6051      	str	r1, [r2, #4]
10002f76:	66d4      	str	r4, [r2, #108]	@ 0x6c
10002f78:	1e1c      	subs	r4, r3, #0
10002f7a:	4638      	mov	r0, r7
10002f7c:	f89d 6018 	ldrb.w	r6, [sp, #24]
10002f80:	dd1e      	ble.n	10002fc0 <i2c_write_blocking_internal.constprop.0+0x5c>
10002f82:	7929      	ldrb	r1, [r5, #4]
10002f84:	f086 0701 	eor.w	r7, r6, #1
10002f88:	0289      	lsls	r1, r1, #10
10002f8a:	027f      	lsls	r7, r7, #9
10002f8c:	f104 3eff 	add.w	lr, r4, #4294967295
10002f90:	4570      	cmp	r0, lr
10002f92:	bf0c      	ite	eq
10002f94:	46b8      	moveq	r8, r7
10002f96:	f04f 0800 	movne.w	r8, #0
10002f9a:	f81c 3b01 	ldrb.w	r3, [ip], #1
10002f9e:	430b      	orrs	r3, r1
10002fa0:	ea43 0308 	orr.w	r3, r3, r8
10002fa4:	6113      	str	r3, [r2, #16]
10002fa6:	6b53      	ldr	r3, [r2, #52]	@ 0x34
10002fa8:	06d9      	lsls	r1, r3, #27
10002faa:	d5fc      	bpl.n	10002fa6 <i2c_write_blocking_internal.constprop.0+0x42>
10002fac:	f8d2 1080 	ldr.w	r1, [r2, #128]	@ 0x80
10002fb0:	b949      	cbnz	r1, 10002fc6 <i2c_write_blocking_internal.constprop.0+0x62>
10002fb2:	4570      	cmp	r0, lr
10002fb4:	d01c      	beq.n	10002ff0 <i2c_write_blocking_internal.constprop.0+0x8c>
10002fb6:	3001      	adds	r0, #1
10002fb8:	4284      	cmp	r4, r0
10002fba:	f04f 0100 	mov.w	r1, #0
10002fbe:	d1e7      	bne.n	10002f90 <i2c_write_blocking_internal.constprop.0+0x2c>
10002fc0:	712e      	strb	r6, [r5, #4]
10002fc2:	e8bd 81f0 	ldmia.w	sp!, {r4, r5, r6, r7, r8, pc}
10002fc6:	f04f 0801 	mov.w	r8, #1
10002fca:	6d53      	ldr	r3, [r2, #84]	@ 0x54
10002fcc:	6b53      	ldr	r3, [r2, #52]	@ 0x34
10002fce:	059b      	lsls	r3, r3, #22
10002fd0:	d5fc      	bpl.n	10002fcc <i2c_write_blocking_internal.constprop.0+0x68>
10002fd2:	6e13      	ldr	r3, [r2, #96]	@ 0x60
10002fd4:	f1b8 0f00 	cmp.w	r8, #0
10002fd8:	d0ed      	beq.n	10002fb6 <i2c_write_blocking_internal.constprop.0+0x52>
10002fda:	b169      	cbz	r1, 10002ff8 <i2c_write_blocking_internal.constprop.0+0x94>
10002fdc:	07cb      	lsls	r3, r1, #31
10002fde:	d40b      	bmi.n	10002ff8 <i2c_write_blocking_internal.constprop.0+0x94>
10002fe0:	f011 0f08 	tst.w	r1, #8
10002fe4:	bf08      	it	eq
10002fe6:	f04f 30ff 	moveq.w	r0, #4294967295
10002fea:	712e      	strb	r6, [r5, #4]
10002fec:	e8bd 81f0 	ldmia.w	sp!, {r4, r5, r6, r7, r8, pc}
10002ff0:	2e00      	cmp	r6, #0
10002ff2:	d1e0      	bne.n	10002fb6 <i2c_write_blocking_internal.constprop.0+0x52>
10002ff4:	46b0      	mov	r8, r6
10002ff6:	e7e9      	b.n	10002fcc <i2c_write_blocking_internal.constprop.0+0x68>
10002ff8:	f04f 30ff 	mov.w	r0, #4294967295
10002ffc:	e7e0      	b.n	10002fc0 <i2c_write_blocking_internal.constprop.0+0x5c>
10002ffe:	bf00      	nop

10003000 <i2c_set_baudrate>:
10003000:	b5f8      	push	{r3, r4, r5, r6, r7, lr}
10003002:	4604      	mov	r4, r0
10003004:	2005      	movs	r0, #5
10003006:	460f      	mov	r7, r1
10003008:	f7fd ff62 	bl	10000ed0 <clock_get_hz>
1000300c:	eb00 0c57 	add.w	ip, r0, r7, lsr #1
10003010:	fbbc fcf7 	udiv	ip, ip, r7
10003014:	4d20      	ldr	r5, [pc, #128]	@ (10003098 <i2c_set_baudrate+0x98>)
10003016:	eb0c 024c 	add.w	r2, ip, ip, lsl #1
1000301a:	fba5 6502 	umull	r6, r5, r5, r2
1000301e:	491f      	ldr	r1, [pc, #124]	@ (1000309c <i2c_set_baudrate+0x9c>)
10003020:	08ae      	lsrs	r6, r5, #2
10003022:	428f      	cmp	r7, r1
10003024:	eb00 0340 	add.w	r3, r0, r0, lsl #1
10003028:	ebac 0595 	sub.w	r5, ip, r5, lsr #2
1000302c:	d82e      	bhi.n	1000308c <i2c_set_baudrate+0x8c>
1000302e:	f101 41d6 	add.w	r1, r1, #1795162112	@ 0x6b000000
10003032:	f501 01a1 	add.w	r1, r1, #5275648	@ 0x508000
10003036:	f601 012c 	addw	r1, r1, #2092	@ 0x82c
1000303a:	fba1 1303 	umull	r1, r3, r1, r3
1000303e:	0d9b      	lsrs	r3, r3, #22
10003040:	3301      	adds	r3, #1
10003042:	2100      	movs	r1, #0
10003044:	2a4f      	cmp	r2, #79	@ 0x4f
10003046:	bf98      	it	ls
10003048:	2201      	movls	r2, #1
1000304a:	6824      	ldr	r4, [r4, #0]
1000304c:	fbb0 f0fc 	udiv	r0, r0, ip
10003050:	66e1      	str	r1, [r4, #108]	@ 0x6c
10003052:	6821      	ldr	r1, [r4, #0]
10003054:	f504 5780 	add.w	r7, r4, #4096	@ 0x1000
10003058:	f081 0104 	eor.w	r1, r1, #4
1000305c:	f001 0106 	and.w	r1, r1, #6
10003060:	6039      	str	r1, [r7, #0]
10003062:	bf88      	it	hi
10003064:	490c      	ldrhi	r1, [pc, #48]	@ (10003098 <i2c_set_baudrate+0x98>)
10003066:	61e5      	str	r5, [r4, #28]
10003068:	bf84      	itt	hi
1000306a:	fba1 1202 	umullhi	r1, r2, r1, r2
1000306e:	0992      	lsrhi	r2, r2, #6
10003070:	6226      	str	r6, [r4, #32]
10003072:	f8c4 20a0 	str.w	r2, [r4, #160]	@ 0xa0
10003076:	4622      	mov	r2, r4
10003078:	2101      	movs	r1, #1
1000307a:	f852 5f7c 	ldr.w	r5, [r2, #124]!
1000307e:	406b      	eors	r3, r5
10003080:	b29b      	uxth	r3, r3
10003082:	f502 5280 	add.w	r2, r2, #4096	@ 0x1000
10003086:	6013      	str	r3, [r2, #0]
10003088:	66e1      	str	r1, [r4, #108]	@ 0x6c
1000308a:	bdf8      	pop	{r3, r4, r5, r6, r7, pc}
1000308c:	4904      	ldr	r1, [pc, #16]	@ (100030a0 <i2c_set_baudrate+0xa0>)
1000308e:	fba1 1303 	umull	r1, r3, r1, r3
10003092:	0ddb      	lsrs	r3, r3, #23
10003094:	3301      	adds	r3, #1
10003096:	e7d4      	b.n	10003042 <i2c_set_baudrate+0x42>
10003098:	cccccccd 	.word	0xcccccccd
1000309c:	000f423f 	.word	0x000f423f
100030a0:	55e63b89 	.word	0x55e63b89

100030a4 <i2c_init>:
100030a4:	4a0e      	ldr	r2, [pc, #56]	@ (100030e0 <i2c_init+0x3c>)
100030a6:	b430      	push	{r4, r5}
100030a8:	4290      	cmp	r0, r2
100030aa:	bf14      	ite	ne
100030ac:	2220      	movne	r2, #32
100030ae:	2210      	moveq	r2, #16
100030b0:	4d0c      	ldr	r5, [pc, #48]	@ (100030e4 <i2c_init+0x40>)
100030b2:	4b0d      	ldr	r3, [pc, #52]	@ (100030e8 <i2c_init+0x44>)
100030b4:	4c0d      	ldr	r4, [pc, #52]	@ (100030ec <i2c_init+0x48>)
100030b6:	602a      	str	r2, [r5, #0]
100030b8:	601a      	str	r2, [r3, #0]
100030ba:	68a3      	ldr	r3, [r4, #8]
100030bc:	ea32 0303 	bics.w	r3, r2, r3
100030c0:	d1fb      	bne.n	100030ba <i2c_init+0x16>
100030c2:	f240 1565 	movw	r5, #357	@ 0x165
100030c6:	2403      	movs	r4, #3
100030c8:	6802      	ldr	r2, [r0, #0]
100030ca:	7103      	strb	r3, [r0, #4]
100030cc:	66d3      	str	r3, [r2, #108]	@ 0x6c
100030ce:	6015      	str	r5, [r2, #0]
100030d0:	63d3      	str	r3, [r2, #60]	@ 0x3c
100030d2:	6393      	str	r3, [r2, #56]	@ 0x38
100030d4:	f8c2 4088 	str.w	r4, [r2, #136]	@ 0x88
100030d8:	bc30      	pop	{r4, r5}
100030da:	f7ff bf91 	b.w	10003000 <i2c_set_baudrate>
100030de:	bf00      	nop
100030e0:	2000093c 	.word	0x2000093c
100030e4:	40022000 	.word	0x40022000
100030e8:	40023000 	.word	0x40023000
100030ec:	40020000 	.word	0x40020000

100030f0 <i2c_write_blocking>:
100030f0:	b410      	push	{r4}
100030f2:	f89d 4004 	ldrb.w	r4, [sp, #4]
100030f6:	9401      	str	r4, [sp, #4]
100030f8:	f85d 4b04 	ldr.w	r4, [sp], #4
100030fc:	f7ff bf32 	b.w	10002f64 <i2c_write_blocking_internal.constprop.0>

10003100 <i2c_read_blocking>:
10003100:	b410      	push	{r4}
10003102:	f89d 4004 	ldrb.w	r4, [sp, #4]
10003106:	9401      	str	r4, [sp, #4]
10003108:	f85d 4b04 	ldr.w	r4, [sp], #4
1000310c:	f7ff bef2 	b.w	10002ef4 <i2c_read_blocking_internal.constprop.0>

10003110 <prvCopyDataToQueue>:
10003110:	b570      	push	{r4, r5, r6, lr}
10003112:	4616      	mov	r6, r2
10003114:	6c02      	ldr	r2, [r0, #64]	@ 0x40
10003116:	4604      	mov	r4, r0
10003118:	6b85      	ldr	r5, [r0, #56]	@ 0x38
1000311a:	b92a      	cbnz	r2, 10003128 <prvCopyDataToQueue+0x18>
1000311c:	6806      	ldr	r6, [r0, #0]
1000311e:	3501      	adds	r5, #1
10003120:	b34e      	cbz	r6, 10003176 <prvCopyDataToQueue+0x66>
10003122:	4610      	mov	r0, r2
10003124:	63a5      	str	r5, [r4, #56]	@ 0x38
10003126:	bd70      	pop	{r4, r5, r6, pc}
10003128:	b98e      	cbnz	r6, 1000314e <prvCopyDataToQueue+0x3e>
1000312a:	6840      	ldr	r0, [r0, #4]
1000312c:	f002 fd24 	bl	10005b78 <memcpy>
10003130:	6863      	ldr	r3, [r4, #4]
10003132:	6c21      	ldr	r1, [r4, #64]	@ 0x40
10003134:	68a2      	ldr	r2, [r4, #8]
10003136:	440b      	add	r3, r1
10003138:	4293      	cmp	r3, r2
1000313a:	6063      	str	r3, [r4, #4]
1000313c:	bf28      	it	cs
1000313e:	6823      	ldrcs	r3, [r4, #0]
10003140:	f105 0501 	add.w	r5, r5, #1
10003144:	bf28      	it	cs
10003146:	6063      	strcs	r3, [r4, #4]
10003148:	2000      	movs	r0, #0
1000314a:	63a5      	str	r5, [r4, #56]	@ 0x38
1000314c:	bd70      	pop	{r4, r5, r6, pc}
1000314e:	68c0      	ldr	r0, [r0, #12]
10003150:	f002 fd12 	bl	10005b78 <memcpy>
10003154:	6c22      	ldr	r2, [r4, #64]	@ 0x40
10003156:	68e3      	ldr	r3, [r4, #12]
10003158:	4251      	negs	r1, r2
1000315a:	1a9b      	subs	r3, r3, r2
1000315c:	6822      	ldr	r2, [r4, #0]
1000315e:	60e3      	str	r3, [r4, #12]
10003160:	4293      	cmp	r3, r2
10003162:	d202      	bcs.n	1000316a <prvCopyDataToQueue+0x5a>
10003164:	68a3      	ldr	r3, [r4, #8]
10003166:	440b      	add	r3, r1
10003168:	60e3      	str	r3, [r4, #12]
1000316a:	2e02      	cmp	r6, #2
1000316c:	d008      	beq.n	10003180 <prvCopyDataToQueue+0x70>
1000316e:	3501      	adds	r5, #1
10003170:	2000      	movs	r0, #0
10003172:	63a5      	str	r5, [r4, #56]	@ 0x38
10003174:	bd70      	pop	{r4, r5, r6, pc}
10003176:	6880      	ldr	r0, [r0, #8]
10003178:	f001 fb3c 	bl	100047f4 <xTaskPriorityDisinherit>
1000317c:	60a6      	str	r6, [r4, #8]
1000317e:	e7d1      	b.n	10003124 <prvCopyDataToQueue+0x14>
10003180:	2d01      	cmp	r5, #1
10003182:	bf38      	it	cc
10003184:	2501      	movcc	r5, #1
10003186:	e7df      	b.n	10003148 <prvCopyDataToQueue+0x38>

10003188 <xQueueGenericCreate>:
10003188:	b570      	push	{r4, r5, r6, lr}
1000318a:	b3a0      	cbz	r0, 100031f6 <xQueueGenericCreate+0x6e>
1000318c:	fba1 2300 	umull	r2, r3, r1, r0
10003190:	4605      	mov	r5, r0
10003192:	460e      	mov	r6, r1
10003194:	bb7b      	cbnz	r3, 100031f6 <xQueueGenericCreate+0x6e>
10003196:	fb01 f000 	mul.w	r0, r1, r0
1000319a:	f110 0f49 	cmn.w	r0, #73	@ 0x49
1000319e:	d82a      	bhi.n	100031f6 <xQueueGenericCreate+0x6e>
100031a0:	3048      	adds	r0, #72	@ 0x48
100031a2:	f001 fd8d 	bl	10004cc0 <pvPortMalloc>
100031a6:	4604      	mov	r4, r0
100031a8:	b328      	cbz	r0, 100031f6 <xQueueGenericCreate+0x6e>
100031aa:	b33e      	cbz	r6, 100031fc <xQueueGenericCreate+0x74>
100031ac:	f100 0348 	add.w	r3, r0, #72	@ 0x48
100031b0:	6023      	str	r3, [r4, #0]
100031b2:	e9c4 560f 	strd	r5, r6, [r4, #60]	@ 0x3c
100031b6:	f001 fddd 	bl	10004d74 <vPortEnterCritical>
100031ba:	2300      	movs	r3, #0
100031bc:	20ff      	movs	r0, #255	@ 0xff
100031be:	63a3      	str	r3, [r4, #56]	@ 0x38
100031c0:	6c21      	ldr	r1, [r4, #64]	@ 0x40
100031c2:	6be3      	ldr	r3, [r4, #60]	@ 0x3c
100031c4:	6822      	ldr	r2, [r4, #0]
100031c6:	fb01 f303 	mul.w	r3, r1, r3
100031ca:	1a59      	subs	r1, r3, r1
100031cc:	6062      	str	r2, [r4, #4]
100031ce:	4413      	add	r3, r2
100031d0:	440a      	add	r2, r1
100031d2:	e9c4 3202 	strd	r3, r2, [r4, #8]
100031d6:	f884 0044 	strb.w	r0, [r4, #68]	@ 0x44
100031da:	f884 0045 	strb.w	r0, [r4, #69]	@ 0x45
100031de:	f104 0010 	add.w	r0, r4, #16
100031e2:	f001 ff3f 	bl	10005064 <vListInitialise>
100031e6:	f104 0024 	add.w	r0, r4, #36	@ 0x24
100031ea:	f001 ff3b 	bl	10005064 <vListInitialise>
100031ee:	f001 fdcf 	bl	10004d90 <vPortExitCritical>
100031f2:	4620      	mov	r0, r4
100031f4:	bd70      	pop	{r4, r5, r6, pc}
100031f6:	2400      	movs	r4, #0
100031f8:	4620      	mov	r0, r4
100031fa:	bd70      	pop	{r4, r5, r6, pc}
100031fc:	4603      	mov	r3, r0
100031fe:	e7d7      	b.n	100031b0 <xQueueGenericCreate+0x28>

10003200 <xQueueGenericSend>:
10003200:	e92d 43f0 	stmdb	sp!, {r4, r5, r6, r7, r8, r9, lr}
10003204:	4604      	mov	r4, r0
10003206:	b085      	sub	sp, #20
10003208:	461f      	mov	r7, r3
1000320a:	9201      	str	r2, [sp, #4]
1000320c:	4688      	mov	r8, r1
1000320e:	f001 fdb1 	bl	10004d74 <vPortEnterCritical>
10003212:	6ba2      	ldr	r2, [r4, #56]	@ 0x38
10003214:	6be3      	ldr	r3, [r4, #60]	@ 0x3c
10003216:	429a      	cmp	r2, r3
10003218:	d379      	bcc.n	1000330e <xQueueGenericSend+0x10e>
1000321a:	2f02      	cmp	r7, #2
1000321c:	d077      	beq.n	1000330e <xQueueGenericSend+0x10e>
1000321e:	2200      	movs	r2, #0
10003220:	f104 0624 	add.w	r6, r4, #36	@ 0x24
10003224:	9b01      	ldr	r3, [sp, #4]
10003226:	2b00      	cmp	r3, #0
10003228:	f000 80d4 	beq.w	100033d4 <xQueueGenericSend+0x1d4>
1000322c:	2a00      	cmp	r2, #0
1000322e:	f000 80cd 	beq.w	100033cc <xQueueGenericSend+0x1cc>
10003232:	f001 fdad 	bl	10004d90 <vPortExitCritical>
10003236:	f000 ffc7 	bl	100041c8 <vTaskSuspendAll>
1000323a:	f001 fd9b 	bl	10004d74 <vPortEnterCritical>
1000323e:	f894 3044 	ldrb.w	r3, [r4, #68]	@ 0x44
10003242:	2bff      	cmp	r3, #255	@ 0xff
10003244:	bf04      	itt	eq
10003246:	2300      	moveq	r3, #0
10003248:	f884 3044 	strbeq.w	r3, [r4, #68]	@ 0x44
1000324c:	f894 3045 	ldrb.w	r3, [r4, #69]	@ 0x45
10003250:	2bff      	cmp	r3, #255	@ 0xff
10003252:	bf04      	itt	eq
10003254:	2300      	moveq	r3, #0
10003256:	f884 3045 	strbeq.w	r3, [r4, #69]	@ 0x45
1000325a:	f001 fd99 	bl	10004d90 <vPortExitCritical>
1000325e:	a802      	add	r0, sp, #8
10003260:	a901      	add	r1, sp, #4
10003262:	f001 fa49 	bl	100046f8 <xTaskCheckForTimeOut>
10003266:	2800      	cmp	r0, #0
10003268:	f040 80ba 	bne.w	100033e0 <xQueueGenericSend+0x1e0>
1000326c:	f001 fd82 	bl	10004d74 <vPortEnterCritical>
10003270:	6ba2      	ldr	r2, [r4, #56]	@ 0x38
10003272:	6be3      	ldr	r3, [r4, #60]	@ 0x3c
10003274:	429a      	cmp	r2, r3
10003276:	d05c      	beq.n	10003332 <xQueueGenericSend+0x132>
10003278:	f001 fd8a 	bl	10004d90 <vPortExitCritical>
1000327c:	f001 fd7a 	bl	10004d74 <vPortEnterCritical>
10003280:	f894 2045 	ldrb.w	r2, [r4, #69]	@ 0x45
10003284:	b255      	sxtb	r5, r2
10003286:	2d00      	cmp	r5, #0
10003288:	dc04      	bgt.n	10003294 <xQueueGenericSend+0x94>
1000328a:	e011      	b.n	100032b0 <xQueueGenericSend+0xb0>
1000328c:	1e6a      	subs	r2, r5, #1
1000328e:	b2d3      	uxtb	r3, r2
10003290:	b255      	sxtb	r5, r2
10003292:	b16b      	cbz	r3, 100032b0 <xQueueGenericSend+0xb0>
10003294:	6a63      	ldr	r3, [r4, #36]	@ 0x24
10003296:	b15b      	cbz	r3, 100032b0 <xQueueGenericSend+0xb0>
10003298:	4630      	mov	r0, r6
1000329a:	f001 f9b9 	bl	10004610 <xTaskRemoveFromEventList>
1000329e:	2800      	cmp	r0, #0
100032a0:	d0f4      	beq.n	1000328c <xQueueGenericSend+0x8c>
100032a2:	f001 fa59 	bl	10004758 <vTaskMissedYield>
100032a6:	1e6a      	subs	r2, r5, #1
100032a8:	b2d3      	uxtb	r3, r2
100032aa:	b255      	sxtb	r5, r2
100032ac:	2b00      	cmp	r3, #0
100032ae:	d1f1      	bne.n	10003294 <xQueueGenericSend+0x94>
100032b0:	23ff      	movs	r3, #255	@ 0xff
100032b2:	f884 3045 	strb.w	r3, [r4, #69]	@ 0x45
100032b6:	f001 fd6b 	bl	10004d90 <vPortExitCritical>
100032ba:	f001 fd5b 	bl	10004d74 <vPortEnterCritical>
100032be:	f894 2044 	ldrb.w	r2, [r4, #68]	@ 0x44
100032c2:	b255      	sxtb	r5, r2
100032c4:	2d00      	cmp	r5, #0
100032c6:	dd14      	ble.n	100032f2 <xQueueGenericSend+0xf2>
100032c8:	f104 0910 	add.w	r9, r4, #16
100032cc:	e003      	b.n	100032d6 <xQueueGenericSend+0xd6>
100032ce:	1e6a      	subs	r2, r5, #1
100032d0:	b2d3      	uxtb	r3, r2
100032d2:	b255      	sxtb	r5, r2
100032d4:	b16b      	cbz	r3, 100032f2 <xQueueGenericSend+0xf2>
100032d6:	6923      	ldr	r3, [r4, #16]
100032d8:	b15b      	cbz	r3, 100032f2 <xQueueGenericSend+0xf2>
100032da:	4648      	mov	r0, r9
100032dc:	f001 f998 	bl	10004610 <xTaskRemoveFromEventList>
100032e0:	2800      	cmp	r0, #0
100032e2:	d0f4      	beq.n	100032ce <xQueueGenericSend+0xce>
100032e4:	f001 fa38 	bl	10004758 <vTaskMissedYield>
100032e8:	1e6a      	subs	r2, r5, #1
100032ea:	b2d3      	uxtb	r3, r2
100032ec:	b255      	sxtb	r5, r2
100032ee:	2b00      	cmp	r3, #0
100032f0:	d1f1      	bne.n	100032d6 <xQueueGenericSend+0xd6>
100032f2:	23ff      	movs	r3, #255	@ 0xff
100032f4:	f884 3044 	strb.w	r3, [r4, #68]	@ 0x44
100032f8:	f001 fd4a 	bl	10004d90 <vPortExitCritical>
100032fc:	f000 ff6c 	bl	100041d8 <xTaskResumeAll>
10003300:	f001 fd38 	bl	10004d74 <vPortEnterCritical>
10003304:	6ba1      	ldr	r1, [r4, #56]	@ 0x38
10003306:	6be3      	ldr	r3, [r4, #60]	@ 0x3c
10003308:	2201      	movs	r2, #1
1000330a:	4299      	cmp	r1, r3
1000330c:	d28a      	bcs.n	10003224 <xQueueGenericSend+0x24>
1000330e:	463a      	mov	r2, r7
10003310:	4641      	mov	r1, r8
10003312:	4620      	mov	r0, r4
10003314:	f7ff fefc 	bl	10003110 <prvCopyDataToQueue>
10003318:	6a63      	ldr	r3, [r4, #36]	@ 0x24
1000331a:	2b00      	cmp	r3, #0
1000331c:	f040 80a8 	bne.w	10003470 <xQueueGenericSend+0x270>
10003320:	2800      	cmp	r0, #0
10003322:	f040 80a2 	bne.w	1000346a <xQueueGenericSend+0x26a>
10003326:	f001 fd33 	bl	10004d90 <vPortExitCritical>
1000332a:	2001      	movs	r0, #1
1000332c:	b005      	add	sp, #20
1000332e:	e8bd 83f0 	ldmia.w	sp!, {r4, r5, r6, r7, r8, r9, pc}
10003332:	f104 0910 	add.w	r9, r4, #16
10003336:	f001 fd2b 	bl	10004d90 <vPortExitCritical>
1000333a:	4648      	mov	r0, r9
1000333c:	9901      	ldr	r1, [sp, #4]
1000333e:	f001 f8b5 	bl	100044ac <vTaskPlaceOnEventList>
10003342:	f001 fd17 	bl	10004d74 <vPortEnterCritical>
10003346:	f894 3045 	ldrb.w	r3, [r4, #69]	@ 0x45
1000334a:	b25d      	sxtb	r5, r3
1000334c:	2d00      	cmp	r5, #0
1000334e:	dc04      	bgt.n	1000335a <xQueueGenericSend+0x15a>
10003350:	e011      	b.n	10003376 <xQueueGenericSend+0x176>
10003352:	1e6b      	subs	r3, r5, #1
10003354:	b2da      	uxtb	r2, r3
10003356:	b25d      	sxtb	r5, r3
10003358:	b16a      	cbz	r2, 10003376 <xQueueGenericSend+0x176>
1000335a:	6a63      	ldr	r3, [r4, #36]	@ 0x24
1000335c:	b15b      	cbz	r3, 10003376 <xQueueGenericSend+0x176>
1000335e:	4630      	mov	r0, r6
10003360:	f001 f956 	bl	10004610 <xTaskRemoveFromEventList>
10003364:	2800      	cmp	r0, #0
10003366:	d0f4      	beq.n	10003352 <xQueueGenericSend+0x152>
10003368:	f001 f9f6 	bl	10004758 <vTaskMissedYield>
1000336c:	1e6b      	subs	r3, r5, #1
1000336e:	b2da      	uxtb	r2, r3
10003370:	b25d      	sxtb	r5, r3
10003372:	2a00      	cmp	r2, #0
10003374:	d1f1      	bne.n	1000335a <xQueueGenericSend+0x15a>
10003376:	23ff      	movs	r3, #255	@ 0xff
10003378:	f884 3045 	strb.w	r3, [r4, #69]	@ 0x45
1000337c:	f001 fd08 	bl	10004d90 <vPortExitCritical>
10003380:	f001 fcf8 	bl	10004d74 <vPortEnterCritical>
10003384:	f894 3044 	ldrb.w	r3, [r4, #68]	@ 0x44
10003388:	b25d      	sxtb	r5, r3
1000338a:	2d00      	cmp	r5, #0
1000338c:	dc04      	bgt.n	10003398 <xQueueGenericSend+0x198>
1000338e:	e011      	b.n	100033b4 <xQueueGenericSend+0x1b4>
10003390:	1e6b      	subs	r3, r5, #1
10003392:	b2da      	uxtb	r2, r3
10003394:	b25d      	sxtb	r5, r3
10003396:	b16a      	cbz	r2, 100033b4 <xQueueGenericSend+0x1b4>
10003398:	6923      	ldr	r3, [r4, #16]
1000339a:	b15b      	cbz	r3, 100033b4 <xQueueGenericSend+0x1b4>
1000339c:	4648      	mov	r0, r9
1000339e:	f001 f937 	bl	10004610 <xTaskRemoveFromEventList>
100033a2:	2800      	cmp	r0, #0
100033a4:	d0f4      	beq.n	10003390 <xQueueGenericSend+0x190>
100033a6:	f001 f9d7 	bl	10004758 <vTaskMissedYield>
100033aa:	1e6b      	subs	r3, r5, #1
100033ac:	b2da      	uxtb	r2, r3
100033ae:	b25d      	sxtb	r5, r3
100033b0:	2a00      	cmp	r2, #0
100033b2:	d1f1      	bne.n	10003398 <xQueueGenericSend+0x198>
100033b4:	23ff      	movs	r3, #255	@ 0xff
100033b6:	f884 3044 	strb.w	r3, [r4, #68]	@ 0x44
100033ba:	f001 fce9 	bl	10004d90 <vPortExitCritical>
100033be:	f000 ff0b 	bl	100041d8 <xTaskResumeAll>
100033c2:	2800      	cmp	r0, #0
100033c4:	d19c      	bne.n	10003300 <xQueueGenericSend+0x100>
100033c6:	f001 fcc9 	bl	10004d5c <vPortYield>
100033ca:	e799      	b.n	10003300 <xQueueGenericSend+0x100>
100033cc:	a802      	add	r0, sp, #8
100033ce:	f001 f987 	bl	100046e0 <vTaskInternalSetTimeOutState>
100033d2:	e72e      	b.n	10003232 <xQueueGenericSend+0x32>
100033d4:	f001 fcdc 	bl	10004d90 <vPortExitCritical>
100033d8:	2000      	movs	r0, #0
100033da:	b005      	add	sp, #20
100033dc:	e8bd 83f0 	ldmia.w	sp!, {r4, r5, r6, r7, r8, r9, pc}
100033e0:	f001 fcc8 	bl	10004d74 <vPortEnterCritical>
100033e4:	f894 3045 	ldrb.w	r3, [r4, #69]	@ 0x45
100033e8:	b25d      	sxtb	r5, r3
100033ea:	2d00      	cmp	r5, #0
100033ec:	dd14      	ble.n	10003418 <xQueueGenericSend+0x218>
100033ee:	f104 0624 	add.w	r6, r4, #36	@ 0x24
100033f2:	e003      	b.n	100033fc <xQueueGenericSend+0x1fc>
100033f4:	1e6b      	subs	r3, r5, #1
100033f6:	b2da      	uxtb	r2, r3
100033f8:	b25d      	sxtb	r5, r3
100033fa:	b16a      	cbz	r2, 10003418 <xQueueGenericSend+0x218>
100033fc:	6a63      	ldr	r3, [r4, #36]	@ 0x24
100033fe:	b15b      	cbz	r3, 10003418 <xQueueGenericSend+0x218>
10003400:	4630      	mov	r0, r6
10003402:	f001 f905 	bl	10004610 <xTaskRemoveFromEventList>
10003406:	2800      	cmp	r0, #0
10003408:	d0f4      	beq.n	100033f4 <xQueueGenericSend+0x1f4>
1000340a:	f001 f9a5 	bl	10004758 <vTaskMissedYield>
1000340e:	1e6b      	subs	r3, r5, #1
10003410:	b2da      	uxtb	r2, r3
10003412:	b25d      	sxtb	r5, r3
10003414:	2a00      	cmp	r2, #0
10003416:	d1f1      	bne.n	100033fc <xQueueGenericSend+0x1fc>
10003418:	23ff      	movs	r3, #255	@ 0xff
1000341a:	f884 3045 	strb.w	r3, [r4, #69]	@ 0x45
1000341e:	f001 fcb7 	bl	10004d90 <vPortExitCritical>
10003422:	f001 fca7 	bl	10004d74 <vPortEnterCritical>
10003426:	f894 3044 	ldrb.w	r3, [r4, #68]	@ 0x44
1000342a:	b25d      	sxtb	r5, r3
1000342c:	2d00      	cmp	r5, #0
1000342e:	dd14      	ble.n	1000345a <xQueueGenericSend+0x25a>
10003430:	f104 0610 	add.w	r6, r4, #16
10003434:	e003      	b.n	1000343e <xQueueGenericSend+0x23e>
10003436:	1e6b      	subs	r3, r5, #1
10003438:	b2da      	uxtb	r2, r3
1000343a:	b25d      	sxtb	r5, r3
1000343c:	b16a      	cbz	r2, 1000345a <xQueueGenericSend+0x25a>
1000343e:	6923      	ldr	r3, [r4, #16]
10003440:	b15b      	cbz	r3, 1000345a <xQueueGenericSend+0x25a>
10003442:	4630      	mov	r0, r6
10003444:	f001 f8e4 	bl	10004610 <xTaskRemoveFromEventList>
10003448:	2800      	cmp	r0, #0
1000344a:	d0f4      	beq.n	10003436 <xQueueGenericSend+0x236>
1000344c:	f001 f984 	bl	10004758 <vTaskMissedYield>
10003450:	1e6b      	subs	r3, r5, #1
10003452:	b2da      	uxtb	r2, r3
10003454:	b25d      	sxtb	r5, r3
10003456:	2a00      	cmp	r2, #0
10003458:	d1f1      	bne.n	1000343e <xQueueGenericSend+0x23e>
1000345a:	23ff      	movs	r3, #255	@ 0xff
1000345c:	f884 3044 	strb.w	r3, [r4, #68]	@ 0x44
10003460:	f001 fc96 	bl	10004d90 <vPortExitCritical>
10003464:	f000 feb8 	bl	100041d8 <xTaskResumeAll>
10003468:	e7b6      	b.n	100033d8 <xQueueGenericSend+0x1d8>
1000346a:	f001 fc77 	bl	10004d5c <vPortYield>
1000346e:	e75a      	b.n	10003326 <xQueueGenericSend+0x126>
10003470:	f104 0024 	add.w	r0, r4, #36	@ 0x24
10003474:	f001 f8cc 	bl	10004610 <xTaskRemoveFromEventList>
10003478:	2800      	cmp	r0, #0
1000347a:	f43f af54 	beq.w	10003326 <xQueueGenericSend+0x126>
1000347e:	e7f4      	b.n	1000346a <xQueueGenericSend+0x26a>

10003480 <xQueueCreateMutex>:
10003480:	b538      	push	{r3, r4, r5, lr}
10003482:	2048      	movs	r0, #72	@ 0x48
10003484:	f001 fc1c 	bl	10004cc0 <pvPortMalloc>
10003488:	4604      	mov	r4, r0
1000348a:	b350      	cbz	r0, 100034e2 <xQueueCreateMutex+0x62>
1000348c:	2500      	movs	r5, #0
1000348e:	2301      	movs	r3, #1
10003490:	6020      	str	r0, [r4, #0]
10003492:	e9c0 350f 	strd	r3, r5, [r0, #60]	@ 0x3c
10003496:	f001 fc6d 	bl	10004d74 <vPortEnterCritical>
1000349a:	e9d4 310f 	ldrd	r3, r1, [r4, #60]	@ 0x3c
1000349e:	20ff      	movs	r0, #255	@ 0xff
100034a0:	fb01 f303 	mul.w	r3, r1, r3
100034a4:	6822      	ldr	r2, [r4, #0]
100034a6:	1a59      	subs	r1, r3, r1
100034a8:	6062      	str	r2, [r4, #4]
100034aa:	4413      	add	r3, r2
100034ac:	440a      	add	r2, r1
100034ae:	e9c4 3202 	strd	r3, r2, [r4, #8]
100034b2:	63a5      	str	r5, [r4, #56]	@ 0x38
100034b4:	f884 0044 	strb.w	r0, [r4, #68]	@ 0x44
100034b8:	f884 0045 	strb.w	r0, [r4, #69]	@ 0x45
100034bc:	f104 0010 	add.w	r0, r4, #16
100034c0:	f001 fdd0 	bl	10005064 <vListInitialise>
100034c4:	f104 0024 	add.w	r0, r4, #36	@ 0x24
100034c8:	f001 fdcc 	bl	10005064 <vListInitialise>
100034cc:	f001 fc60 	bl	10004d90 <vPortExitCritical>
100034d0:	462b      	mov	r3, r5
100034d2:	462a      	mov	r2, r5
100034d4:	4629      	mov	r1, r5
100034d6:	4620      	mov	r0, r4
100034d8:	60a5      	str	r5, [r4, #8]
100034da:	6025      	str	r5, [r4, #0]
100034dc:	60e5      	str	r5, [r4, #12]
100034de:	f7ff fe8f 	bl	10003200 <xQueueGenericSend>
100034e2:	4620      	mov	r0, r4
100034e4:	bd38      	pop	{r3, r4, r5, pc}
100034e6:	bf00      	nop

100034e8 <xQueueReceive>:
100034e8:	e92d 43f0 	stmdb	sp!, {r4, r5, r6, r7, r8, r9, lr}
100034ec:	4604      	mov	r4, r0
100034ee:	b085      	sub	sp, #20
100034f0:	4688      	mov	r8, r1
100034f2:	9201      	str	r2, [sp, #4]
100034f4:	f001 fc3e 	bl	10004d74 <vPortEnterCritical>
100034f8:	6ba5      	ldr	r5, [r4, #56]	@ 0x38
100034fa:	2d00      	cmp	r5, #0
100034fc:	f040 8117 	bne.w	1000372e <xQueueReceive+0x246>
10003500:	9b01      	ldr	r3, [sp, #4]
10003502:	2b00      	cmp	r3, #0
10003504:	f000 80c6 	beq.w	10003694 <xQueueReceive+0x1ac>
10003508:	a802      	add	r0, sp, #8
1000350a:	f001 f8e9 	bl	100046e0 <vTaskInternalSetTimeOutState>
1000350e:	462f      	mov	r7, r5
10003510:	f104 0624 	add.w	r6, r4, #36	@ 0x24
10003514:	f001 fc3c 	bl	10004d90 <vPortExitCritical>
10003518:	f000 fe56 	bl	100041c8 <vTaskSuspendAll>
1000351c:	f001 fc2a 	bl	10004d74 <vPortEnterCritical>
10003520:	f894 3044 	ldrb.w	r3, [r4, #68]	@ 0x44
10003524:	2bff      	cmp	r3, #255	@ 0xff
10003526:	bf08      	it	eq
10003528:	f884 7044 	strbeq.w	r7, [r4, #68]	@ 0x44
1000352c:	f894 3045 	ldrb.w	r3, [r4, #69]	@ 0x45
10003530:	2bff      	cmp	r3, #255	@ 0xff
10003532:	bf08      	it	eq
10003534:	f884 7045 	strbeq.w	r7, [r4, #69]	@ 0x45
10003538:	f001 fc2a 	bl	10004d90 <vPortExitCritical>
1000353c:	a901      	add	r1, sp, #4
1000353e:	a802      	add	r0, sp, #8
10003540:	f001 f8da 	bl	100046f8 <xTaskCheckForTimeOut>
10003544:	2800      	cmp	r0, #0
10003546:	d154      	bne.n	100035f2 <xQueueReceive+0x10a>
10003548:	f001 fc14 	bl	10004d74 <vPortEnterCritical>
1000354c:	6ba3      	ldr	r3, [r4, #56]	@ 0x38
1000354e:	2b00      	cmp	r3, #0
10003550:	f040 80a6 	bne.w	100036a0 <xQueueReceive+0x1b8>
10003554:	f104 0924 	add.w	r9, r4, #36	@ 0x24
10003558:	f001 fc1a 	bl	10004d90 <vPortExitCritical>
1000355c:	4648      	mov	r0, r9
1000355e:	9901      	ldr	r1, [sp, #4]
10003560:	f000 ffa4 	bl	100044ac <vTaskPlaceOnEventList>
10003564:	f001 fc06 	bl	10004d74 <vPortEnterCritical>
10003568:	f894 3045 	ldrb.w	r3, [r4, #69]	@ 0x45
1000356c:	b25d      	sxtb	r5, r3
1000356e:	2d00      	cmp	r5, #0
10003570:	dc04      	bgt.n	1000357c <xQueueReceive+0x94>
10003572:	e011      	b.n	10003598 <xQueueReceive+0xb0>
10003574:	1e6b      	subs	r3, r5, #1
10003576:	b2da      	uxtb	r2, r3
10003578:	b25d      	sxtb	r5, r3
1000357a:	b16a      	cbz	r2, 10003598 <xQueueReceive+0xb0>
1000357c:	6a63      	ldr	r3, [r4, #36]	@ 0x24
1000357e:	b15b      	cbz	r3, 10003598 <xQueueReceive+0xb0>
10003580:	4648      	mov	r0, r9
10003582:	f001 f845 	bl	10004610 <xTaskRemoveFromEventList>
10003586:	2800      	cmp	r0, #0
10003588:	d0f4      	beq.n	10003574 <xQueueReceive+0x8c>
1000358a:	f001 f8e5 	bl	10004758 <vTaskMissedYield>
1000358e:	1e6b      	subs	r3, r5, #1
10003590:	b2da      	uxtb	r2, r3
10003592:	b25d      	sxtb	r5, r3
10003594:	2a00      	cmp	r2, #0
10003596:	d1f1      	bne.n	1000357c <xQueueReceive+0x94>
10003598:	23ff      	movs	r3, #255	@ 0xff
1000359a:	f884 3045 	strb.w	r3, [r4, #69]	@ 0x45
1000359e:	f001 fbf7 	bl	10004d90 <vPortExitCritical>
100035a2:	f001 fbe7 	bl	10004d74 <vPortEnterCritical>
100035a6:	f894 3044 	ldrb.w	r3, [r4, #68]	@ 0x44
100035aa:	b25d      	sxtb	r5, r3
100035ac:	2d00      	cmp	r5, #0
100035ae:	dd14      	ble.n	100035da <xQueueReceive+0xf2>
100035b0:	f104 0910 	add.w	r9, r4, #16
100035b4:	e003      	b.n	100035be <xQueueReceive+0xd6>
100035b6:	1e6b      	subs	r3, r5, #1
100035b8:	b2da      	uxtb	r2, r3
100035ba:	b25d      	sxtb	r5, r3
100035bc:	b16a      	cbz	r2, 100035da <xQueueReceive+0xf2>
100035be:	6923      	ldr	r3, [r4, #16]
100035c0:	b15b      	cbz	r3, 100035da <xQueueReceive+0xf2>
100035c2:	4648      	mov	r0, r9
100035c4:	f001 f824 	bl	10004610 <xTaskRemoveFromEventList>
100035c8:	2800      	cmp	r0, #0
100035ca:	d0f4      	beq.n	100035b6 <xQueueReceive+0xce>
100035cc:	f001 f8c4 	bl	10004758 <vTaskMissedYield>
100035d0:	1e6b      	subs	r3, r5, #1
100035d2:	b2da      	uxtb	r2, r3
100035d4:	b25d      	sxtb	r5, r3
100035d6:	2a00      	cmp	r2, #0
100035d8:	d1f1      	bne.n	100035be <xQueueReceive+0xd6>
100035da:	23ff      	movs	r3, #255	@ 0xff
100035dc:	f884 3044 	strb.w	r3, [r4, #68]	@ 0x44
100035e0:	f001 fbd6 	bl	10004d90 <vPortExitCritical>
100035e4:	f000 fdf8 	bl	100041d8 <xTaskResumeAll>
100035e8:	2800      	cmp	r0, #0
100035ea:	d14a      	bne.n	10003682 <xQueueReceive+0x19a>
100035ec:	f001 fbb6 	bl	10004d5c <vPortYield>
100035f0:	e047      	b.n	10003682 <xQueueReceive+0x19a>
100035f2:	f001 fbbf 	bl	10004d74 <vPortEnterCritical>
100035f6:	f894 3045 	ldrb.w	r3, [r4, #69]	@ 0x45
100035fa:	b25d      	sxtb	r5, r3
100035fc:	2d00      	cmp	r5, #0
100035fe:	dc04      	bgt.n	1000360a <xQueueReceive+0x122>
10003600:	e011      	b.n	10003626 <xQueueReceive+0x13e>
10003602:	1e6b      	subs	r3, r5, #1
10003604:	b2da      	uxtb	r2, r3
10003606:	b25d      	sxtb	r5, r3
10003608:	b16a      	cbz	r2, 10003626 <xQueueReceive+0x13e>
1000360a:	6a63      	ldr	r3, [r4, #36]	@ 0x24
1000360c:	b15b      	cbz	r3, 10003626 <xQueueReceive+0x13e>
1000360e:	4630      	mov	r0, r6
10003610:	f000 fffe 	bl	10004610 <xTaskRemoveFromEventList>
10003614:	2800      	cmp	r0, #0
10003616:	d0f4      	beq.n	10003602 <xQueueReceive+0x11a>
10003618:	f001 f89e 	bl	10004758 <vTaskMissedYield>
1000361c:	1e6b      	subs	r3, r5, #1
1000361e:	b2da      	uxtb	r2, r3
10003620:	b25d      	sxtb	r5, r3
10003622:	2a00      	cmp	r2, #0
10003624:	d1f1      	bne.n	1000360a <xQueueReceive+0x122>
10003626:	23ff      	movs	r3, #255	@ 0xff
10003628:	f884 3045 	strb.w	r3, [r4, #69]	@ 0x45
1000362c:	f001 fbb0 	bl	10004d90 <vPortExitCritical>
10003630:	f001 fba0 	bl	10004d74 <vPortEnterCritical>
10003634:	f894 3044 	ldrb.w	r3, [r4, #68]	@ 0x44
10003638:	b25d      	sxtb	r5, r3
1000363a:	2d00      	cmp	r5, #0
1000363c:	dd14      	ble.n	10003668 <xQueueReceive+0x180>
1000363e:	f104 0910 	add.w	r9, r4, #16
10003642:	e003      	b.n	1000364c <xQueueReceive+0x164>
10003644:	1e6b      	subs	r3, r5, #1
10003646:	b2da      	uxtb	r2, r3
10003648:	b25d      	sxtb	r5, r3
1000364a:	b16a      	cbz	r2, 10003668 <xQueueReceive+0x180>
1000364c:	6923      	ldr	r3, [r4, #16]
1000364e:	b15b      	cbz	r3, 10003668 <xQueueReceive+0x180>
10003650:	4648      	mov	r0, r9
10003652:	f000 ffdd 	bl	10004610 <xTaskRemoveFromEventList>
10003656:	2800      	cmp	r0, #0
10003658:	d0f4      	beq.n	10003644 <xQueueReceive+0x15c>
1000365a:	f001 f87d 	bl	10004758 <vTaskMissedYield>
1000365e:	1e6b      	subs	r3, r5, #1
10003660:	b2da      	uxtb	r2, r3
10003662:	b25d      	sxtb	r5, r3
10003664:	2a00      	cmp	r2, #0
10003666:	d1f1      	bne.n	1000364c <xQueueReceive+0x164>
10003668:	23ff      	movs	r3, #255	@ 0xff
1000366a:	f884 3044 	strb.w	r3, [r4, #68]	@ 0x44
1000366e:	f001 fb8f 	bl	10004d90 <vPortExitCritical>
10003672:	f000 fdb1 	bl	100041d8 <xTaskResumeAll>
10003676:	f001 fb7d 	bl	10004d74 <vPortEnterCritical>
1000367a:	6ba3      	ldr	r3, [r4, #56]	@ 0x38
1000367c:	b153      	cbz	r3, 10003694 <xQueueReceive+0x1ac>
1000367e:	f001 fb87 	bl	10004d90 <vPortExitCritical>
10003682:	f001 fb77 	bl	10004d74 <vPortEnterCritical>
10003686:	6ba5      	ldr	r5, [r4, #56]	@ 0x38
10003688:	2d00      	cmp	r5, #0
1000368a:	d150      	bne.n	1000372e <xQueueReceive+0x246>
1000368c:	9b01      	ldr	r3, [sp, #4]
1000368e:	2b00      	cmp	r3, #0
10003690:	f47f af40 	bne.w	10003514 <xQueueReceive+0x2c>
10003694:	f001 fb7c 	bl	10004d90 <vPortExitCritical>
10003698:	2000      	movs	r0, #0
1000369a:	b005      	add	sp, #20
1000369c:	e8bd 83f0 	ldmia.w	sp!, {r4, r5, r6, r7, r8, r9, pc}
100036a0:	f001 fb76 	bl	10004d90 <vPortExitCritical>
100036a4:	f001 fb66 	bl	10004d74 <vPortEnterCritical>
100036a8:	f894 3045 	ldrb.w	r3, [r4, #69]	@ 0x45
100036ac:	b25d      	sxtb	r5, r3
100036ae:	2d00      	cmp	r5, #0
100036b0:	dd14      	ble.n	100036dc <xQueueReceive+0x1f4>
100036b2:	f104 0924 	add.w	r9, r4, #36	@ 0x24
100036b6:	e003      	b.n	100036c0 <xQueueReceive+0x1d8>
100036b8:	1e6b      	subs	r3, r5, #1
100036ba:	b2da      	uxtb	r2, r3
100036bc:	b25d      	sxtb	r5, r3
100036be:	b16a      	cbz	r2, 100036dc <xQueueReceive+0x1f4>
100036c0:	6a63      	ldr	r3, [r4, #36]	@ 0x24
100036c2:	b15b      	cbz	r3, 100036dc <xQueueReceive+0x1f4>
100036c4:	4648      	mov	r0, r9
100036c6:	f000 ffa3 	bl	10004610 <xTaskRemoveFromEventList>
100036ca:	2800      	cmp	r0, #0
100036cc:	d0f4      	beq.n	100036b8 <xQueueReceive+0x1d0>
100036ce:	f001 f843 	bl	10004758 <vTaskMissedYield>
100036d2:	1e6b      	subs	r3, r5, #1
100036d4:	b2da      	uxtb	r2, r3
100036d6:	b25d      	sxtb	r5, r3
100036d8:	2a00      	cmp	r2, #0
100036da:	d1f1      	bne.n	100036c0 <xQueueReceive+0x1d8>
100036dc:	23ff      	movs	r3, #255	@ 0xff
100036de:	f884 3045 	strb.w	r3, [r4, #69]	@ 0x45
100036e2:	f001 fb55 	bl	10004d90 <vPortExitCritical>
100036e6:	f001 fb45 	bl	10004d74 <vPortEnterCritical>
100036ea:	f894 3044 	ldrb.w	r3, [r4, #68]	@ 0x44
100036ee:	b25d      	sxtb	r5, r3
100036f0:	2d00      	cmp	r5, #0
100036f2:	dd14      	ble.n	1000371e <xQueueReceive+0x236>
100036f4:	f104 0910 	add.w	r9, r4, #16
100036f8:	e003      	b.n	10003702 <xQueueReceive+0x21a>
100036fa:	1e6b      	subs	r3, r5, #1
100036fc:	b2da      	uxtb	r2, r3
100036fe:	b25d      	sxtb	r5, r3
10003700:	b16a      	cbz	r2, 1000371e <xQueueReceive+0x236>
10003702:	6923      	ldr	r3, [r4, #16]
10003704:	b15b      	cbz	r3, 1000371e <xQueueReceive+0x236>
10003706:	4648      	mov	r0, r9
10003708:	f000 ff82 	bl	10004610 <xTaskRemoveFromEventList>
1000370c:	2800      	cmp	r0, #0
1000370e:	d0f4      	beq.n	100036fa <xQueueReceive+0x212>
10003710:	f001 f822 	bl	10004758 <vTaskMissedYield>
10003714:	1e6b      	subs	r3, r5, #1
10003716:	b2da      	uxtb	r2, r3
10003718:	b25d      	sxtb	r5, r3
1000371a:	2a00      	cmp	r2, #0
1000371c:	d1f1      	bne.n	10003702 <xQueueReceive+0x21a>
1000371e:	23ff      	movs	r3, #255	@ 0xff
10003720:	f884 3044 	strb.w	r3, [r4, #68]	@ 0x44
10003724:	f001 fb34 	bl	10004d90 <vPortExitCritical>
10003728:	f000 fd56 	bl	100041d8 <xTaskResumeAll>
1000372c:	e7a9      	b.n	10003682 <xQueueReceive+0x19a>
1000372e:	6c22      	ldr	r2, [r4, #64]	@ 0x40
10003730:	b15a      	cbz	r2, 1000374a <xQueueReceive+0x262>
10003732:	68e1      	ldr	r1, [r4, #12]
10003734:	68a3      	ldr	r3, [r4, #8]
10003736:	4411      	add	r1, r2
10003738:	4299      	cmp	r1, r3
1000373a:	60e1      	str	r1, [r4, #12]
1000373c:	bf28      	it	cs
1000373e:	6821      	ldrcs	r1, [r4, #0]
10003740:	4640      	mov	r0, r8
10003742:	bf28      	it	cs
10003744:	60e1      	strcs	r1, [r4, #12]
10003746:	f002 fa17 	bl	10005b78 <memcpy>
1000374a:	6923      	ldr	r3, [r4, #16]
1000374c:	3d01      	subs	r5, #1
1000374e:	63a5      	str	r5, [r4, #56]	@ 0x38
10003750:	b92b      	cbnz	r3, 1000375e <xQueueReceive+0x276>
10003752:	f001 fb1d 	bl	10004d90 <vPortExitCritical>
10003756:	2001      	movs	r0, #1
10003758:	b005      	add	sp, #20
1000375a:	e8bd 83f0 	ldmia.w	sp!, {r4, r5, r6, r7, r8, r9, pc}
1000375e:	f104 0010 	add.w	r0, r4, #16
10003762:	f000 ff55 	bl	10004610 <xTaskRemoveFromEventList>
10003766:	2800      	cmp	r0, #0
10003768:	d0f3      	beq.n	10003752 <xQueueReceive+0x26a>
1000376a:	f001 faf7 	bl	10004d5c <vPortYield>
1000376e:	e7f0      	b.n	10003752 <xQueueReceive+0x26a>

10003770 <xQueueSemaphoreTake>:
10003770:	e92d 43f0 	stmdb	sp!, {r4, r5, r6, r7, r8, r9, lr}
10003774:	4604      	mov	r4, r0
10003776:	b085      	sub	sp, #20
10003778:	9101      	str	r1, [sp, #4]
1000377a:	f001 fafb 	bl	10004d74 <vPortEnterCritical>
1000377e:	6ba5      	ldr	r5, [r4, #56]	@ 0x38
10003780:	2d00      	cmp	r5, #0
10003782:	f040 813b 	bne.w	100039fc <xQueueSemaphoreTake+0x28c>
10003786:	9b01      	ldr	r3, [sp, #4]
10003788:	2b00      	cmp	r3, #0
1000378a:	f000 8081 	beq.w	10003890 <xQueueSemaphoreTake+0x120>
1000378e:	a802      	add	r0, sp, #8
10003790:	f000 ffa6 	bl	100046e0 <vTaskInternalSetTimeOutState>
10003794:	462f      	mov	r7, r5
10003796:	46a8      	mov	r8, r5
10003798:	f104 0624 	add.w	r6, r4, #36	@ 0x24
1000379c:	f001 faf8 	bl	10004d90 <vPortExitCritical>
100037a0:	f000 fd12 	bl	100041c8 <vTaskSuspendAll>
100037a4:	f001 fae6 	bl	10004d74 <vPortEnterCritical>
100037a8:	f894 3044 	ldrb.w	r3, [r4, #68]	@ 0x44
100037ac:	2bff      	cmp	r3, #255	@ 0xff
100037ae:	bf08      	it	eq
100037b0:	f884 8044 	strbeq.w	r8, [r4, #68]	@ 0x44
100037b4:	f894 3045 	ldrb.w	r3, [r4, #69]	@ 0x45
100037b8:	2bff      	cmp	r3, #255	@ 0xff
100037ba:	bf08      	it	eq
100037bc:	f884 8045 	strbeq.w	r8, [r4, #69]	@ 0x45
100037c0:	f001 fae6 	bl	10004d90 <vPortExitCritical>
100037c4:	a901      	add	r1, sp, #4
100037c6:	a802      	add	r0, sp, #8
100037c8:	f000 ff96 	bl	100046f8 <xTaskCheckForTimeOut>
100037cc:	2800      	cmp	r0, #0
100037ce:	d162      	bne.n	10003896 <xQueueSemaphoreTake+0x126>
100037d0:	f001 fad0 	bl	10004d74 <vPortEnterCritical>
100037d4:	6ba3      	ldr	r3, [r4, #56]	@ 0x38
100037d6:	2b00      	cmp	r3, #0
100037d8:	f040 80ac 	bne.w	10003934 <xQueueSemaphoreTake+0x1c4>
100037dc:	f001 fad8 	bl	10004d90 <vPortExitCritical>
100037e0:	6823      	ldr	r3, [r4, #0]
100037e2:	2b00      	cmp	r3, #0
100037e4:	f000 8101 	beq.w	100039ea <xQueueSemaphoreTake+0x27a>
100037e8:	f104 0924 	add.w	r9, r4, #36	@ 0x24
100037ec:	4648      	mov	r0, r9
100037ee:	9901      	ldr	r1, [sp, #4]
100037f0:	f000 fe5c 	bl	100044ac <vTaskPlaceOnEventList>
100037f4:	f001 fabe 	bl	10004d74 <vPortEnterCritical>
100037f8:	f894 3045 	ldrb.w	r3, [r4, #69]	@ 0x45
100037fc:	b25d      	sxtb	r5, r3
100037fe:	2d00      	cmp	r5, #0
10003800:	dc04      	bgt.n	1000380c <xQueueSemaphoreTake+0x9c>
10003802:	e011      	b.n	10003828 <xQueueSemaphoreTake+0xb8>
10003804:	1e6b      	subs	r3, r5, #1
10003806:	b2da      	uxtb	r2, r3
10003808:	b25d      	sxtb	r5, r3
1000380a:	b16a      	cbz	r2, 10003828 <xQueueSemaphoreTake+0xb8>
1000380c:	6a63      	ldr	r3, [r4, #36]	@ 0x24
1000380e:	b15b      	cbz	r3, 10003828 <xQueueSemaphoreTake+0xb8>
10003810:	4648      	mov	r0, r9
10003812:	f000 fefd 	bl	10004610 <xTaskRemoveFromEventList>
10003816:	2800      	cmp	r0, #0
10003818:	d0f4      	beq.n	10003804 <xQueueSemaphoreTake+0x94>
1000381a:	f000 ff9d 	bl	10004758 <vTaskMissedYield>
1000381e:	1e6b      	subs	r3, r5, #1
10003820:	b2da      	uxtb	r2, r3
10003822:	b25d      	sxtb	r5, r3
10003824:	2a00      	cmp	r2, #0
10003826:	d1f1      	bne.n	1000380c <xQueueSemaphoreTake+0x9c>
10003828:	23ff      	movs	r3, #255	@ 0xff
1000382a:	f884 3045 	strb.w	r3, [r4, #69]	@ 0x45
1000382e:	f001 faaf 	bl	10004d90 <vPortExitCritical>
10003832:	f001 fa9f 	bl	10004d74 <vPortEnterCritical>
10003836:	f894 3044 	ldrb.w	r3, [r4, #68]	@ 0x44
1000383a:	b25d      	sxtb	r5, r3
1000383c:	2d00      	cmp	r5, #0
1000383e:	dd14      	ble.n	1000386a <xQueueSemaphoreTake+0xfa>
10003840:	f104 0910 	add.w	r9, r4, #16
10003844:	e003      	b.n	1000384e <xQueueSemaphoreTake+0xde>
10003846:	1e6b      	subs	r3, r5, #1
10003848:	b2da      	uxtb	r2, r3
1000384a:	b25d      	sxtb	r5, r3
1000384c:	b16a      	cbz	r2, 1000386a <xQueueSemaphoreTake+0xfa>
1000384e:	6923      	ldr	r3, [r4, #16]
10003850:	b15b      	cbz	r3, 1000386a <xQueueSemaphoreTake+0xfa>
10003852:	4648      	mov	r0, r9
10003854:	f000 fedc 	bl	10004610 <xTaskRemoveFromEventList>
10003858:	2800      	cmp	r0, #0
1000385a:	d0f4      	beq.n	10003846 <xQueueSemaphoreTake+0xd6>
1000385c:	f000 ff7c 	bl	10004758 <vTaskMissedYield>
10003860:	1e6b      	subs	r3, r5, #1
10003862:	b2da      	uxtb	r2, r3
10003864:	b25d      	sxtb	r5, r3
10003866:	2a00      	cmp	r2, #0
10003868:	d1f1      	bne.n	1000384e <xQueueSemaphoreTake+0xde>
1000386a:	23ff      	movs	r3, #255	@ 0xff
1000386c:	f884 3044 	strb.w	r3, [r4, #68]	@ 0x44
10003870:	f001 fa8e 	bl	10004d90 <vPortExitCritical>
10003874:	f000 fcb0 	bl	100041d8 <xTaskResumeAll>
10003878:	2800      	cmp	r0, #0
1000387a:	f000 80a5 	beq.w	100039c8 <xQueueSemaphoreTake+0x258>
1000387e:	f001 fa79 	bl	10004d74 <vPortEnterCritical>
10003882:	6ba5      	ldr	r5, [r4, #56]	@ 0x38
10003884:	2d00      	cmp	r5, #0
10003886:	f040 80b9 	bne.w	100039fc <xQueueSemaphoreTake+0x28c>
1000388a:	9b01      	ldr	r3, [sp, #4]
1000388c:	2b00      	cmp	r3, #0
1000388e:	d185      	bne.n	1000379c <xQueueSemaphoreTake+0x2c>
10003890:	f001 fa7e 	bl	10004d90 <vPortExitCritical>
10003894:	e04a      	b.n	1000392c <xQueueSemaphoreTake+0x1bc>
10003896:	f001 fa6d 	bl	10004d74 <vPortEnterCritical>
1000389a:	f894 3045 	ldrb.w	r3, [r4, #69]	@ 0x45
1000389e:	b25d      	sxtb	r5, r3
100038a0:	2d00      	cmp	r5, #0
100038a2:	dc04      	bgt.n	100038ae <xQueueSemaphoreTake+0x13e>
100038a4:	e011      	b.n	100038ca <xQueueSemaphoreTake+0x15a>
100038a6:	1e6b      	subs	r3, r5, #1
100038a8:	b2da      	uxtb	r2, r3
100038aa:	b25d      	sxtb	r5, r3
100038ac:	b16a      	cbz	r2, 100038ca <xQueueSemaphoreTake+0x15a>
100038ae:	6a63      	ldr	r3, [r4, #36]	@ 0x24
100038b0:	b15b      	cbz	r3, 100038ca <xQueueSemaphoreTake+0x15a>
100038b2:	4630      	mov	r0, r6
100038b4:	f000 feac 	bl	10004610 <xTaskRemoveFromEventList>
100038b8:	2800      	cmp	r0, #0
100038ba:	d0f4      	beq.n	100038a6 <xQueueSemaphoreTake+0x136>
100038bc:	f000 ff4c 	bl	10004758 <vTaskMissedYield>
100038c0:	1e6b      	subs	r3, r5, #1
100038c2:	b2da      	uxtb	r2, r3
100038c4:	b25d      	sxtb	r5, r3
100038c6:	2a00      	cmp	r2, #0
100038c8:	d1f1      	bne.n	100038ae <xQueueSemaphoreTake+0x13e>
100038ca:	23ff      	movs	r3, #255	@ 0xff
100038cc:	f884 3045 	strb.w	r3, [r4, #69]	@ 0x45
100038d0:	f001 fa5e 	bl	10004d90 <vPortExitCritical>
100038d4:	f001 fa4e 	bl	10004d74 <vPortEnterCritical>
100038d8:	f894 3044 	ldrb.w	r3, [r4, #68]	@ 0x44
100038dc:	b25d      	sxtb	r5, r3
100038de:	2d00      	cmp	r5, #0
100038e0:	dd14      	ble.n	1000390c <xQueueSemaphoreTake+0x19c>
100038e2:	f104 0910 	add.w	r9, r4, #16
100038e6:	e003      	b.n	100038f0 <xQueueSemaphoreTake+0x180>
100038e8:	1e6b      	subs	r3, r5, #1
100038ea:	b2da      	uxtb	r2, r3
100038ec:	b25d      	sxtb	r5, r3
100038ee:	b16a      	cbz	r2, 1000390c <xQueueSemaphoreTake+0x19c>
100038f0:	6923      	ldr	r3, [r4, #16]
100038f2:	b15b      	cbz	r3, 1000390c <xQueueSemaphoreTake+0x19c>
100038f4:	4648      	mov	r0, r9
100038f6:	f000 fe8b 	bl	10004610 <xTaskRemoveFromEventList>
100038fa:	2800      	cmp	r0, #0
100038fc:	d0f4      	beq.n	100038e8 <xQueueSemaphoreTake+0x178>
100038fe:	f000 ff2b 	bl	10004758 <vTaskMissedYield>
10003902:	1e6b      	subs	r3, r5, #1
10003904:	b2da      	uxtb	r2, r3
10003906:	b25d      	sxtb	r5, r3
10003908:	2a00      	cmp	r2, #0
1000390a:	d1f1      	bne.n	100038f0 <xQueueSemaphoreTake+0x180>
1000390c:	23ff      	movs	r3, #255	@ 0xff
1000390e:	f884 3044 	strb.w	r3, [r4, #68]	@ 0x44
10003912:	f001 fa3d 	bl	10004d90 <vPortExitCritical>
10003916:	f000 fc5f 	bl	100041d8 <xTaskResumeAll>
1000391a:	f001 fa2b 	bl	10004d74 <vPortEnterCritical>
1000391e:	6ba3      	ldr	r3, [r4, #56]	@ 0x38
10003920:	2b00      	cmp	r3, #0
10003922:	d14e      	bne.n	100039c2 <xQueueSemaphoreTake+0x252>
10003924:	f001 fa34 	bl	10004d90 <vPortExitCritical>
10003928:	2f00      	cmp	r7, #0
1000392a:	d150      	bne.n	100039ce <xQueueSemaphoreTake+0x25e>
1000392c:	2000      	movs	r0, #0
1000392e:	b005      	add	sp, #20
10003930:	e8bd 83f0 	ldmia.w	sp!, {r4, r5, r6, r7, r8, r9, pc}
10003934:	f001 fa2c 	bl	10004d90 <vPortExitCritical>
10003938:	f001 fa1c 	bl	10004d74 <vPortEnterCritical>
1000393c:	f894 3045 	ldrb.w	r3, [r4, #69]	@ 0x45
10003940:	b25d      	sxtb	r5, r3
10003942:	2d00      	cmp	r5, #0
10003944:	dd14      	ble.n	10003970 <xQueueSemaphoreTake+0x200>
10003946:	f104 0924 	add.w	r9, r4, #36	@ 0x24
1000394a:	e003      	b.n	10003954 <xQueueSemaphoreTake+0x1e4>
1000394c:	1e6b      	subs	r3, r5, #1
1000394e:	b2da      	uxtb	r2, r3
10003950:	b25d      	sxtb	r5, r3
10003952:	b16a      	cbz	r2, 10003970 <xQueueSemaphoreTake+0x200>
10003954:	6a63      	ldr	r3, [r4, #36]	@ 0x24
10003956:	b15b      	cbz	r3, 10003970 <xQueueSemaphoreTake+0x200>
10003958:	4648      	mov	r0, r9
1000395a:	f000 fe59 	bl	10004610 <xTaskRemoveFromEventList>
1000395e:	2800      	cmp	r0, #0
10003960:	d0f4      	beq.n	1000394c <xQueueSemaphoreTake+0x1dc>
10003962:	f000 fef9 	bl	10004758 <vTaskMissedYield>
10003966:	1e6b      	subs	r3, r5, #1
10003968:	b2da      	uxtb	r2, r3
1000396a:	b25d      	sxtb	r5, r3
1000396c:	2a00      	cmp	r2, #0
1000396e:	d1f1      	bne.n	10003954 <xQueueSemaphoreTake+0x1e4>
10003970:	23ff      	movs	r3, #255	@ 0xff
10003972:	f884 3045 	strb.w	r3, [r4, #69]	@ 0x45
10003976:	f001 fa0b 	bl	10004d90 <vPortExitCritical>
1000397a:	f001 f9fb 	bl	10004d74 <vPortEnterCritical>
1000397e:	f894 3044 	ldrb.w	r3, [r4, #68]	@ 0x44
10003982:	b25d      	sxtb	r5, r3
10003984:	2d00      	cmp	r5, #0
10003986:	dd14      	ble.n	100039b2 <xQueueSemaphoreTake+0x242>
10003988:	f104 0910 	add.w	r9, r4, #16
1000398c:	e003      	b.n	10003996 <xQueueSemaphoreTake+0x226>
1000398e:	1e6b      	subs	r3, r5, #1
10003990:	b2da      	uxtb	r2, r3
10003992:	b25d      	sxtb	r5, r3
10003994:	b16a      	cbz	r2, 100039b2 <xQueueSemaphoreTake+0x242>
10003996:	6923      	ldr	r3, [r4, #16]
10003998:	b15b      	cbz	r3, 100039b2 <xQueueSemaphoreTake+0x242>
1000399a:	4648      	mov	r0, r9
1000399c:	f000 fe38 	bl	10004610 <xTaskRemoveFromEventList>
100039a0:	2800      	cmp	r0, #0
100039a2:	d0f4      	beq.n	1000398e <xQueueSemaphoreTake+0x21e>
100039a4:	f000 fed8 	bl	10004758 <vTaskMissedYield>
100039a8:	1e6b      	subs	r3, r5, #1
100039aa:	b2da      	uxtb	r2, r3
100039ac:	b25d      	sxtb	r5, r3
100039ae:	2a00      	cmp	r2, #0
100039b0:	d1f1      	bne.n	10003996 <xQueueSemaphoreTake+0x226>
100039b2:	23ff      	movs	r3, #255	@ 0xff
100039b4:	f884 3044 	strb.w	r3, [r4, #68]	@ 0x44
100039b8:	f001 f9ea 	bl	10004d90 <vPortExitCritical>
100039bc:	f000 fc0c 	bl	100041d8 <xTaskResumeAll>
100039c0:	e75d      	b.n	1000387e <xQueueSemaphoreTake+0x10e>
100039c2:	f001 f9e5 	bl	10004d90 <vPortExitCritical>
100039c6:	e75a      	b.n	1000387e <xQueueSemaphoreTake+0x10e>
100039c8:	f001 f9c8 	bl	10004d5c <vPortYield>
100039cc:	e757      	b.n	1000387e <xQueueSemaphoreTake+0x10e>
100039ce:	f001 f9d1 	bl	10004d74 <vPortEnterCritical>
100039d2:	6a61      	ldr	r1, [r4, #36]	@ 0x24
100039d4:	b119      	cbz	r1, 100039de <xQueueSemaphoreTake+0x26e>
100039d6:	6b23      	ldr	r3, [r4, #48]	@ 0x30
100039d8:	6819      	ldr	r1, [r3, #0]
100039da:	f1c1 0106 	rsb	r1, r1, #6
100039de:	68a0      	ldr	r0, [r4, #8]
100039e0:	f000 ff3e 	bl	10004860 <vTaskPriorityDisinheritAfterTimeout>
100039e4:	f001 f9d4 	bl	10004d90 <vPortExitCritical>
100039e8:	e7a0      	b.n	1000392c <xQueueSemaphoreTake+0x1bc>
100039ea:	f001 f9c3 	bl	10004d74 <vPortEnterCritical>
100039ee:	68a0      	ldr	r0, [r4, #8]
100039f0:	f000 feb8 	bl	10004764 <xTaskPriorityInherit>
100039f4:	4607      	mov	r7, r0
100039f6:	f001 f9cb 	bl	10004d90 <vPortExitCritical>
100039fa:	e6f5      	b.n	100037e8 <xQueueSemaphoreTake+0x78>
100039fc:	6823      	ldr	r3, [r4, #0]
100039fe:	3d01      	subs	r5, #1
10003a00:	63a5      	str	r5, [r4, #56]	@ 0x38
10003a02:	b183      	cbz	r3, 10003a26 <xQueueSemaphoreTake+0x2b6>
10003a04:	6923      	ldr	r3, [r4, #16]
10003a06:	b92b      	cbnz	r3, 10003a14 <xQueueSemaphoreTake+0x2a4>
10003a08:	f001 f9c2 	bl	10004d90 <vPortExitCritical>
10003a0c:	2001      	movs	r0, #1
10003a0e:	b005      	add	sp, #20
10003a10:	e8bd 83f0 	ldmia.w	sp!, {r4, r5, r6, r7, r8, r9, pc}
10003a14:	f104 0010 	add.w	r0, r4, #16
10003a18:	f000 fdfa 	bl	10004610 <xTaskRemoveFromEventList>
10003a1c:	2800      	cmp	r0, #0
10003a1e:	d0f3      	beq.n	10003a08 <xQueueSemaphoreTake+0x298>
10003a20:	f001 f99c 	bl	10004d5c <vPortYield>
10003a24:	e7f0      	b.n	10003a08 <xQueueSemaphoreTake+0x298>
10003a26:	f000 ff57 	bl	100048d8 <pvTaskIncrementMutexHeldCount>
10003a2a:	60a0      	str	r0, [r4, #8]
10003a2c:	e7ea      	b.n	10003a04 <xQueueSemaphoreTake+0x294>
10003a2e:	bf00      	nop

10003a30 <vQueueAddToRegistry>:
10003a30:	2900      	cmp	r1, #0
10003a32:	d06b      	beq.n	10003b0c <vQueueAddToRegistry+0xdc>
10003a34:	4b56      	ldr	r3, [pc, #344]	@ (10003b90 <vQueueAddToRegistry+0x160>)
10003a36:	685a      	ldr	r2, [r3, #4]
10003a38:	4290      	cmp	r0, r2
10003a3a:	f000 808b 	beq.w	10003b54 <vQueueAddToRegistry+0x124>
10003a3e:	681a      	ldr	r2, [r3, #0]
10003a40:	b410      	push	{r4}
10003a42:	2a00      	cmp	r2, #0
10003a44:	d03b      	beq.n	10003abe <vQueueAddToRegistry+0x8e>
10003a46:	68da      	ldr	r2, [r3, #12]
10003a48:	4290      	cmp	r0, r2
10003a4a:	f000 809e 	beq.w	10003b8a <vQueueAddToRegistry+0x15a>
10003a4e:	689a      	ldr	r2, [r3, #8]
10003a50:	2a00      	cmp	r2, #0
10003a52:	d055      	beq.n	10003b00 <vQueueAddToRegistry+0xd0>
10003a54:	695a      	ldr	r2, [r3, #20]
10003a56:	4290      	cmp	r0, r2
10003a58:	f000 8095 	beq.w	10003b86 <vQueueAddToRegistry+0x156>
10003a5c:	691a      	ldr	r2, [r3, #16]
10003a5e:	2a00      	cmp	r2, #0
10003a60:	d055      	beq.n	10003b0e <vQueueAddToRegistry+0xde>
10003a62:	69da      	ldr	r2, [r3, #28]
10003a64:	4290      	cmp	r0, r2
10003a66:	f000 8082 	beq.w	10003b6e <vQueueAddToRegistry+0x13e>
10003a6a:	699a      	ldr	r2, [r3, #24]
10003a6c:	2a00      	cmp	r2, #0
10003a6e:	d054      	beq.n	10003b1a <vQueueAddToRegistry+0xea>
10003a70:	6a5a      	ldr	r2, [r3, #36]	@ 0x24
10003a72:	4290      	cmp	r0, r2
10003a74:	d056      	beq.n	10003b24 <vQueueAddToRegistry+0xf4>
10003a76:	6a1a      	ldr	r2, [r3, #32]
10003a78:	2a00      	cmp	r2, #0
10003a7a:	d057      	beq.n	10003b2c <vQueueAddToRegistry+0xfc>
10003a7c:	6ada      	ldr	r2, [r3, #44]	@ 0x2c
10003a7e:	4290      	cmp	r0, r2
10003a80:	d077      	beq.n	10003b72 <vQueueAddToRegistry+0x142>
10003a82:	6a9a      	ldr	r2, [r3, #40]	@ 0x28
10003a84:	2a00      	cmp	r2, #0
10003a86:	d056      	beq.n	10003b36 <vQueueAddToRegistry+0x106>
10003a88:	6b5a      	ldr	r2, [r3, #52]	@ 0x34
10003a8a:	4290      	cmp	r0, r2
10003a8c:	d073      	beq.n	10003b76 <vQueueAddToRegistry+0x146>
10003a8e:	6b1a      	ldr	r2, [r3, #48]	@ 0x30
10003a90:	2a00      	cmp	r2, #0
10003a92:	d055      	beq.n	10003b40 <vQueueAddToRegistry+0x110>
10003a94:	6bda      	ldr	r2, [r3, #60]	@ 0x3c
10003a96:	4290      	cmp	r0, r2
10003a98:	d06f      	beq.n	10003b7a <vQueueAddToRegistry+0x14a>
10003a9a:	6b9a      	ldr	r2, [r3, #56]	@ 0x38
10003a9c:	2a00      	cmp	r2, #0
10003a9e:	d054      	beq.n	10003b4a <vQueueAddToRegistry+0x11a>
10003aa0:	6c5a      	ldr	r2, [r3, #68]	@ 0x44
10003aa2:	4290      	cmp	r0, r2
10003aa4:	d06b      	beq.n	10003b7e <vQueueAddToRegistry+0x14e>
10003aa6:	6c1a      	ldr	r2, [r3, #64]	@ 0x40
10003aa8:	2a00      	cmp	r2, #0
10003aaa:	d059      	beq.n	10003b60 <vQueueAddToRegistry+0x130>
10003aac:	6cda      	ldr	r2, [r3, #76]	@ 0x4c
10003aae:	4290      	cmp	r0, r2
10003ab0:	d067      	beq.n	10003b82 <vQueueAddToRegistry+0x152>
10003ab2:	6c9b      	ldr	r3, [r3, #72]	@ 0x48
10003ab4:	2b00      	cmp	r3, #0
10003ab6:	d058      	beq.n	10003b6a <vQueueAddToRegistry+0x13a>
10003ab8:	f85d 4b04 	ldr.w	r4, [sp], #4
10003abc:	4770      	bx	lr
10003abe:	68da      	ldr	r2, [r3, #12]
10003ac0:	4290      	cmp	r0, r2
10003ac2:	d062      	beq.n	10003b8a <vQueueAddToRegistry+0x15a>
10003ac4:	695a      	ldr	r2, [r3, #20]
10003ac6:	4290      	cmp	r0, r2
10003ac8:	d05d      	beq.n	10003b86 <vQueueAddToRegistry+0x156>
10003aca:	461a      	mov	r2, r3
10003acc:	69dc      	ldr	r4, [r3, #28]
10003ace:	42a0      	cmp	r0, r4
10003ad0:	d04d      	beq.n	10003b6e <vQueueAddToRegistry+0x13e>
10003ad2:	6a5c      	ldr	r4, [r3, #36]	@ 0x24
10003ad4:	42a0      	cmp	r0, r4
10003ad6:	d025      	beq.n	10003b24 <vQueueAddToRegistry+0xf4>
10003ad8:	6adc      	ldr	r4, [r3, #44]	@ 0x2c
10003ada:	42a0      	cmp	r0, r4
10003adc:	d049      	beq.n	10003b72 <vQueueAddToRegistry+0x142>
10003ade:	6b5c      	ldr	r4, [r3, #52]	@ 0x34
10003ae0:	42a0      	cmp	r0, r4
10003ae2:	d048      	beq.n	10003b76 <vQueueAddToRegistry+0x146>
10003ae4:	6bdc      	ldr	r4, [r3, #60]	@ 0x3c
10003ae6:	42a0      	cmp	r0, r4
10003ae8:	d047      	beq.n	10003b7a <vQueueAddToRegistry+0x14a>
10003aea:	6c5c      	ldr	r4, [r3, #68]	@ 0x44
10003aec:	42a0      	cmp	r0, r4
10003aee:	d046      	beq.n	10003b7e <vQueueAddToRegistry+0x14e>
10003af0:	6cdc      	ldr	r4, [r3, #76]	@ 0x4c
10003af2:	42a0      	cmp	r0, r4
10003af4:	d045      	beq.n	10003b82 <vQueueAddToRegistry+0x152>
10003af6:	e9c2 1000 	strd	r1, r0, [r2]
10003afa:	f85d 4b04 	ldr.w	r4, [sp], #4
10003afe:	4770      	bx	lr
10003b00:	695a      	ldr	r2, [r3, #20]
10003b02:	4290      	cmp	r0, r2
10003b04:	d03f      	beq.n	10003b86 <vQueueAddToRegistry+0x156>
10003b06:	f103 0208 	add.w	r2, r3, #8
10003b0a:	e7df      	b.n	10003acc <vQueueAddToRegistry+0x9c>
10003b0c:	4770      	bx	lr
10003b0e:	69da      	ldr	r2, [r3, #28]
10003b10:	4290      	cmp	r0, r2
10003b12:	d02c      	beq.n	10003b6e <vQueueAddToRegistry+0x13e>
10003b14:	f103 0210 	add.w	r2, r3, #16
10003b18:	e7db      	b.n	10003ad2 <vQueueAddToRegistry+0xa2>
10003b1a:	6a5a      	ldr	r2, [r3, #36]	@ 0x24
10003b1c:	4290      	cmp	r0, r2
10003b1e:	d001      	beq.n	10003b24 <vQueueAddToRegistry+0xf4>
10003b20:	4a1c      	ldr	r2, [pc, #112]	@ (10003b94 <vQueueAddToRegistry+0x164>)
10003b22:	e7d9      	b.n	10003ad8 <vQueueAddToRegistry+0xa8>
10003b24:	2204      	movs	r2, #4
10003b26:	eb03 02c2 	add.w	r2, r3, r2, lsl #3
10003b2a:	e7e4      	b.n	10003af6 <vQueueAddToRegistry+0xc6>
10003b2c:	6ada      	ldr	r2, [r3, #44]	@ 0x2c
10003b2e:	4290      	cmp	r0, r2
10003b30:	d01f      	beq.n	10003b72 <vQueueAddToRegistry+0x142>
10003b32:	4a19      	ldr	r2, [pc, #100]	@ (10003b98 <vQueueAddToRegistry+0x168>)
10003b34:	e7d3      	b.n	10003ade <vQueueAddToRegistry+0xae>
10003b36:	6b5a      	ldr	r2, [r3, #52]	@ 0x34
10003b38:	4290      	cmp	r0, r2
10003b3a:	d01c      	beq.n	10003b76 <vQueueAddToRegistry+0x146>
10003b3c:	4a17      	ldr	r2, [pc, #92]	@ (10003b9c <vQueueAddToRegistry+0x16c>)
10003b3e:	e7d1      	b.n	10003ae4 <vQueueAddToRegistry+0xb4>
10003b40:	6bda      	ldr	r2, [r3, #60]	@ 0x3c
10003b42:	4290      	cmp	r0, r2
10003b44:	d019      	beq.n	10003b7a <vQueueAddToRegistry+0x14a>
10003b46:	4a16      	ldr	r2, [pc, #88]	@ (10003ba0 <vQueueAddToRegistry+0x170>)
10003b48:	e7cf      	b.n	10003aea <vQueueAddToRegistry+0xba>
10003b4a:	6c5a      	ldr	r2, [r3, #68]	@ 0x44
10003b4c:	4290      	cmp	r0, r2
10003b4e:	d016      	beq.n	10003b7e <vQueueAddToRegistry+0x14e>
10003b50:	4a14      	ldr	r2, [pc, #80]	@ (10003ba4 <vQueueAddToRegistry+0x174>)
10003b52:	e7cd      	b.n	10003af0 <vQueueAddToRegistry+0xc0>
10003b54:	2200      	movs	r2, #0
10003b56:	eb03 02c2 	add.w	r2, r3, r2, lsl #3
10003b5a:	e9c2 1000 	strd	r1, r0, [r2]
10003b5e:	4770      	bx	lr
10003b60:	6cda      	ldr	r2, [r3, #76]	@ 0x4c
10003b62:	4290      	cmp	r0, r2
10003b64:	d00d      	beq.n	10003b82 <vQueueAddToRegistry+0x152>
10003b66:	4a10      	ldr	r2, [pc, #64]	@ (10003ba8 <vQueueAddToRegistry+0x178>)
10003b68:	e7c5      	b.n	10003af6 <vQueueAddToRegistry+0xc6>
10003b6a:	4a10      	ldr	r2, [pc, #64]	@ (10003bac <vQueueAddToRegistry+0x17c>)
10003b6c:	e7c3      	b.n	10003af6 <vQueueAddToRegistry+0xc6>
10003b6e:	2203      	movs	r2, #3
10003b70:	e7d9      	b.n	10003b26 <vQueueAddToRegistry+0xf6>
10003b72:	2205      	movs	r2, #5
10003b74:	e7d7      	b.n	10003b26 <vQueueAddToRegistry+0xf6>
10003b76:	2206      	movs	r2, #6
10003b78:	e7d5      	b.n	10003b26 <vQueueAddToRegistry+0xf6>
10003b7a:	2207      	movs	r2, #7
10003b7c:	e7d3      	b.n	10003b26 <vQueueAddToRegistry+0xf6>
10003b7e:	2208      	movs	r2, #8
10003b80:	e7d1      	b.n	10003b26 <vQueueAddToRegistry+0xf6>
10003b82:	2209      	movs	r2, #9
10003b84:	e7cf      	b.n	10003b26 <vQueueAddToRegistry+0xf6>
10003b86:	2202      	movs	r2, #2
10003b88:	e7cd      	b.n	10003b26 <vQueueAddToRegistry+0xf6>
10003b8a:	2201      	movs	r2, #1
10003b8c:	e7cb      	b.n	10003b26 <vQueueAddToRegistry+0xf6>
10003b8e:	bf00      	nop
10003b90:	20001030 	.word	0x20001030
10003b94:	20001048 	.word	0x20001048
10003b98:	20001050 	.word	0x20001050
10003b9c:	20001058 	.word	0x20001058
10003ba0:	20001060 	.word	0x20001060
10003ba4:	20001068 	.word	0x20001068
10003ba8:	20001070 	.word	0x20001070
10003bac:	20001078 	.word	0x20001078

10003bb0 <vQueueWaitForMessageRestricted>:
10003bb0:	b570      	push	{r4, r5, r6, lr}
10003bb2:	4605      	mov	r5, r0
10003bb4:	460e      	mov	r6, r1
10003bb6:	4614      	mov	r4, r2
10003bb8:	f001 f8dc 	bl	10004d74 <vPortEnterCritical>
10003bbc:	f895 3044 	ldrb.w	r3, [r5, #68]	@ 0x44
10003bc0:	2bff      	cmp	r3, #255	@ 0xff
10003bc2:	bf04      	itt	eq
10003bc4:	2300      	moveq	r3, #0
10003bc6:	f885 3044 	strbeq.w	r3, [r5, #68]	@ 0x44
10003bca:	f895 3045 	ldrb.w	r3, [r5, #69]	@ 0x45
10003bce:	2bff      	cmp	r3, #255	@ 0xff
10003bd0:	bf04      	itt	eq
10003bd2:	2300      	moveq	r3, #0
10003bd4:	f885 3045 	strbeq.w	r3, [r5, #69]	@ 0x45
10003bd8:	f001 f8da 	bl	10004d90 <vPortExitCritical>
10003bdc:	6bab      	ldr	r3, [r5, #56]	@ 0x38
10003bde:	2b00      	cmp	r3, #0
10003be0:	d043      	beq.n	10003c6a <vQueueWaitForMessageRestricted+0xba>
10003be2:	f001 f8c7 	bl	10004d74 <vPortEnterCritical>
10003be6:	f895 3045 	ldrb.w	r3, [r5, #69]	@ 0x45
10003bea:	b25c      	sxtb	r4, r3
10003bec:	2c00      	cmp	r4, #0
10003bee:	dd14      	ble.n	10003c1a <vQueueWaitForMessageRestricted+0x6a>
10003bf0:	f105 0624 	add.w	r6, r5, #36	@ 0x24
10003bf4:	e003      	b.n	10003bfe <vQueueWaitForMessageRestricted+0x4e>
10003bf6:	1e63      	subs	r3, r4, #1
10003bf8:	b2da      	uxtb	r2, r3
10003bfa:	b25c      	sxtb	r4, r3
10003bfc:	b16a      	cbz	r2, 10003c1a <vQueueWaitForMessageRestricted+0x6a>
10003bfe:	6a6b      	ldr	r3, [r5, #36]	@ 0x24
10003c00:	b15b      	cbz	r3, 10003c1a <vQueueWaitForMessageRestricted+0x6a>
10003c02:	4630      	mov	r0, r6
10003c04:	f000 fd04 	bl	10004610 <xTaskRemoveFromEventList>
10003c08:	2800      	cmp	r0, #0
10003c0a:	d0f4      	beq.n	10003bf6 <vQueueWaitForMessageRestricted+0x46>
10003c0c:	f000 fda4 	bl	10004758 <vTaskMissedYield>
10003c10:	1e63      	subs	r3, r4, #1
10003c12:	b2da      	uxtb	r2, r3
10003c14:	b25c      	sxtb	r4, r3
10003c16:	2a00      	cmp	r2, #0
10003c18:	d1f1      	bne.n	10003bfe <vQueueWaitForMessageRestricted+0x4e>
10003c1a:	23ff      	movs	r3, #255	@ 0xff
10003c1c:	f885 3045 	strb.w	r3, [r5, #69]	@ 0x45
10003c20:	f001 f8b6 	bl	10004d90 <vPortExitCritical>
10003c24:	f001 f8a6 	bl	10004d74 <vPortEnterCritical>
10003c28:	f895 3044 	ldrb.w	r3, [r5, #68]	@ 0x44
10003c2c:	b25c      	sxtb	r4, r3
10003c2e:	2c00      	cmp	r4, #0
10003c30:	dd14      	ble.n	10003c5c <vQueueWaitForMessageRestricted+0xac>
10003c32:	f105 0610 	add.w	r6, r5, #16
10003c36:	e003      	b.n	10003c40 <vQueueWaitForMessageRestricted+0x90>
10003c38:	1e63      	subs	r3, r4, #1
10003c3a:	b2da      	uxtb	r2, r3
10003c3c:	b25c      	sxtb	r4, r3
10003c3e:	b16a      	cbz	r2, 10003c5c <vQueueWaitForMessageRestricted+0xac>
10003c40:	692b      	ldr	r3, [r5, #16]
10003c42:	b15b      	cbz	r3, 10003c5c <vQueueWaitForMessageRestricted+0xac>
10003c44:	4630      	mov	r0, r6
10003c46:	f000 fce3 	bl	10004610 <xTaskRemoveFromEventList>
10003c4a:	2800      	cmp	r0, #0
10003c4c:	d0f4      	beq.n	10003c38 <vQueueWaitForMessageRestricted+0x88>
10003c4e:	f000 fd83 	bl	10004758 <vTaskMissedYield>
10003c52:	1e63      	subs	r3, r4, #1
10003c54:	b2da      	uxtb	r2, r3
10003c56:	b25c      	sxtb	r4, r3
10003c58:	2a00      	cmp	r2, #0
10003c5a:	d1f1      	bne.n	10003c40 <vQueueWaitForMessageRestricted+0x90>
10003c5c:	23ff      	movs	r3, #255	@ 0xff
10003c5e:	f885 3044 	strb.w	r3, [r5, #68]	@ 0x44
10003c62:	e8bd 4070 	ldmia.w	sp!, {r4, r5, r6, lr}
10003c66:	f001 b893 	b.w	10004d90 <vPortExitCritical>
10003c6a:	4622      	mov	r2, r4
10003c6c:	4631      	mov	r1, r6
10003c6e:	f105 0024 	add.w	r0, r5, #36	@ 0x24
10003c72:	f000 fc67 	bl	10004544 <vTaskPlaceOnEventListRestricted>
10003c76:	e7b4      	b.n	10003be2 <vQueueWaitForMessageRestricted+0x32>

10003c78 <prvAddNewTaskToReadyList>:
10003c78:	e92d 41f0 	stmdb	sp!, {r4, r5, r6, r7, r8, lr}
10003c7c:	4604      	mov	r4, r0
10003c7e:	f001 f879 	bl	10004d74 <vPortEnterCritical>
10003c82:	4a36      	ldr	r2, [pc, #216]	@ (10003d5c <prvAddNewTaskToReadyList+0xe4>)
10003c84:	4e36      	ldr	r6, [pc, #216]	@ (10003d60 <prvAddNewTaskToReadyList+0xe8>)
10003c86:	6813      	ldr	r3, [r2, #0]
10003c88:	3301      	adds	r3, #1
10003c8a:	6013      	str	r3, [r2, #0]
10003c8c:	6833      	ldr	r3, [r6, #0]
10003c8e:	2b00      	cmp	r3, #0
10003c90:	d034      	beq.n	10003cfc <prvAddNewTaskToReadyList+0x84>
10003c92:	4f34      	ldr	r7, [pc, #208]	@ (10003d64 <prvAddNewTaskToReadyList+0xec>)
10003c94:	6ae3      	ldr	r3, [r4, #44]	@ 0x2c
10003c96:	683a      	ldr	r2, [r7, #0]
10003c98:	b34a      	cbz	r2, 10003cee <prvAddNewTaskToReadyList+0x76>
10003c9a:	4d33      	ldr	r5, [pc, #204]	@ (10003d68 <prvAddNewTaskToReadyList+0xf0>)
10003c9c:	4933      	ldr	r1, [pc, #204]	@ (10003d6c <prvAddNewTaskToReadyList+0xf4>)
10003c9e:	4834      	ldr	r0, [pc, #208]	@ (10003d70 <prvAddNewTaskToReadyList+0xf8>)
10003ca0:	680a      	ldr	r2, [r1, #0]
10003ca2:	f104 0c04 	add.w	ip, r4, #4
10003ca6:	3201      	adds	r2, #1
10003ca8:	600a      	str	r2, [r1, #0]
10003caa:	6802      	ldr	r2, [r0, #0]
10003cac:	429a      	cmp	r2, r3
10003cae:	bf38      	it	cc
10003cb0:	6003      	strcc	r3, [r0, #0]
10003cb2:	eb03 0383 	add.w	r3, r3, r3, lsl #2
10003cb6:	eb05 0083 	add.w	r0, r5, r3, lsl #2
10003cba:	6841      	ldr	r1, [r0, #4]
10003cbc:	009b      	lsls	r3, r3, #2
10003cbe:	58ea      	ldr	r2, [r5, r3]
10003cc0:	f8d1 e008 	ldr.w	lr, [r1, #8]
10003cc4:	60a1      	str	r1, [r4, #8]
10003cc6:	f8c4 e00c 	str.w	lr, [r4, #12]
10003cca:	3201      	adds	r2, #1
10003ccc:	f8ce c004 	str.w	ip, [lr, #4]
10003cd0:	f8c1 c008 	str.w	ip, [r1, #8]
10003cd4:	6160      	str	r0, [r4, #20]
10003cd6:	50ea      	str	r2, [r5, r3]
10003cd8:	f001 f85a 	bl	10004d90 <vPortExitCritical>
10003cdc:	683b      	ldr	r3, [r7, #0]
10003cde:	b123      	cbz	r3, 10003cea <prvAddNewTaskToReadyList+0x72>
10003ce0:	6832      	ldr	r2, [r6, #0]
10003ce2:	6ae3      	ldr	r3, [r4, #44]	@ 0x2c
10003ce4:	6ad2      	ldr	r2, [r2, #44]	@ 0x2c
10003ce6:	429a      	cmp	r2, r3
10003ce8:	d310      	bcc.n	10003d0c <prvAddNewTaskToReadyList+0x94>
10003cea:	e8bd 81f0 	ldmia.w	sp!, {r4, r5, r6, r7, r8, pc}
10003cee:	6832      	ldr	r2, [r6, #0]
10003cf0:	4d1d      	ldr	r5, [pc, #116]	@ (10003d68 <prvAddNewTaskToReadyList+0xf0>)
10003cf2:	6ad2      	ldr	r2, [r2, #44]	@ 0x2c
10003cf4:	429a      	cmp	r2, r3
10003cf6:	bf98      	it	ls
10003cf8:	6034      	strls	r4, [r6, #0]
10003cfa:	e7cf      	b.n	10003c9c <prvAddNewTaskToReadyList+0x24>
10003cfc:	6034      	str	r4, [r6, #0]
10003cfe:	6813      	ldr	r3, [r2, #0]
10003d00:	2b01      	cmp	r3, #1
10003d02:	d007      	beq.n	10003d14 <prvAddNewTaskToReadyList+0x9c>
10003d04:	6ae3      	ldr	r3, [r4, #44]	@ 0x2c
10003d06:	4d18      	ldr	r5, [pc, #96]	@ (10003d68 <prvAddNewTaskToReadyList+0xf0>)
10003d08:	4f16      	ldr	r7, [pc, #88]	@ (10003d64 <prvAddNewTaskToReadyList+0xec>)
10003d0a:	e7c7      	b.n	10003c9c <prvAddNewTaskToReadyList+0x24>
10003d0c:	e8bd 41f0 	ldmia.w	sp!, {r4, r5, r6, r7, r8, lr}
10003d10:	f001 b824 	b.w	10004d5c <vPortYield>
10003d14:	4d14      	ldr	r5, [pc, #80]	@ (10003d68 <prvAddNewTaskToReadyList+0xf0>)
10003d16:	462f      	mov	r7, r5
10003d18:	f105 0878 	add.w	r8, r5, #120	@ 0x78
10003d1c:	4638      	mov	r0, r7
10003d1e:	3714      	adds	r7, #20
10003d20:	f001 f9a0 	bl	10005064 <vListInitialise>
10003d24:	4547      	cmp	r7, r8
10003d26:	d1f9      	bne.n	10003d1c <prvAddNewTaskToReadyList+0xa4>
10003d28:	f8df 8060 	ldr.w	r8, [pc, #96]	@ 10003d8c <prvAddNewTaskToReadyList+0x114>
10003d2c:	4f11      	ldr	r7, [pc, #68]	@ (10003d74 <prvAddNewTaskToReadyList+0xfc>)
10003d2e:	4640      	mov	r0, r8
10003d30:	f001 f998 	bl	10005064 <vListInitialise>
10003d34:	4638      	mov	r0, r7
10003d36:	f001 f995 	bl	10005064 <vListInitialise>
10003d3a:	480f      	ldr	r0, [pc, #60]	@ (10003d78 <prvAddNewTaskToReadyList+0x100>)
10003d3c:	f001 f992 	bl	10005064 <vListInitialise>
10003d40:	480e      	ldr	r0, [pc, #56]	@ (10003d7c <prvAddNewTaskToReadyList+0x104>)
10003d42:	f001 f98f 	bl	10005064 <vListInitialise>
10003d46:	480e      	ldr	r0, [pc, #56]	@ (10003d80 <prvAddNewTaskToReadyList+0x108>)
10003d48:	f001 f98c 	bl	10005064 <vListInitialise>
10003d4c:	4b0d      	ldr	r3, [pc, #52]	@ (10003d84 <prvAddNewTaskToReadyList+0x10c>)
10003d4e:	f8c3 8000 	str.w	r8, [r3]
10003d52:	4b0d      	ldr	r3, [pc, #52]	@ (10003d88 <prvAddNewTaskToReadyList+0x110>)
10003d54:	601f      	str	r7, [r3, #0]
10003d56:	6ae3      	ldr	r3, [r4, #44]	@ 0x2c
10003d58:	4f02      	ldr	r7, [pc, #8]	@ (10003d64 <prvAddNewTaskToReadyList+0xec>)
10003d5a:	e79f      	b.n	10003c9c <prvAddNewTaskToReadyList+0x24>
10003d5c:	20001348 	.word	0x20001348
10003d60:	200012b0 	.word	0x200012b0
10003d64:	200013d8 	.word	0x200013d8
10003d68:	200012c4 	.word	0x200012c4
10003d6c:	20001354 	.word	0x20001354
10003d70:	20001358 	.word	0x20001358
10003d74:	20001398 	.word	0x20001398
10003d78:	200013c4 	.word	0x200013c4
10003d7c:	200013f0 	.word	0x200013f0
10003d80:	200013dc 	.word	0x200013dc
10003d84:	200012b8 	.word	0x200012b8
10003d88:	200012bc 	.word	0x200012bc
10003d8c:	20001384 	.word	0x20001384

10003d90 <prvIdleTask>:
10003d90:	b580      	push	{r7, lr}
10003d92:	4d12      	ldr	r5, [pc, #72]	@ (10003ddc <prvIdleTask+0x4c>)
10003d94:	4f12      	ldr	r7, [pc, #72]	@ (10003de0 <prvIdleTask+0x50>)
10003d96:	4e13      	ldr	r6, [pc, #76]	@ (10003de4 <prvIdleTask+0x54>)
10003d98:	f8df 804c 	ldr.w	r8, [pc, #76]	@ 10003de8 <prvIdleTask+0x58>
10003d9c:	e014      	b.n	10003dc8 <prvIdleTask+0x38>
10003d9e:	f000 ffe9 	bl	10004d74 <vPortEnterCritical>
10003da2:	68fb      	ldr	r3, [r7, #12]
10003da4:	68dc      	ldr	r4, [r3, #12]
10003da6:	1d20      	adds	r0, r4, #4
10003da8:	f001 f992 	bl	100050d0 <uxListRemove>
10003dac:	6833      	ldr	r3, [r6, #0]
10003dae:	3b01      	subs	r3, #1
10003db0:	6033      	str	r3, [r6, #0]
10003db2:	682b      	ldr	r3, [r5, #0]
10003db4:	3b01      	subs	r3, #1
10003db6:	602b      	str	r3, [r5, #0]
10003db8:	f000 ffea 	bl	10004d90 <vPortExitCritical>
10003dbc:	6b20      	ldr	r0, [r4, #48]	@ 0x30
10003dbe:	f000 ff8b 	bl	10004cd8 <vPortFree>
10003dc2:	4620      	mov	r0, r4
10003dc4:	f000 ff88 	bl	10004cd8 <vPortFree>
10003dc8:	682b      	ldr	r3, [r5, #0]
10003dca:	2b00      	cmp	r3, #0
10003dcc:	d1e7      	bne.n	10003d9e <prvIdleTask+0xe>
10003dce:	f8d8 3000 	ldr.w	r3, [r8]
10003dd2:	2b01      	cmp	r3, #1
10003dd4:	d9f8      	bls.n	10003dc8 <prvIdleTask+0x38>
10003dd6:	f000 ffc1 	bl	10004d5c <vPortYield>
10003dda:	e7f5      	b.n	10003dc8 <prvIdleTask+0x38>
10003ddc:	2000134c 	.word	0x2000134c
10003de0:	200013f0 	.word	0x200013f0
10003de4:	20001348 	.word	0x20001348
10003de8:	200012c4 	.word	0x200012c4

10003dec <xTaskIncrementTick.part.0>:
10003dec:	e92d 4ff0 	stmdb	sp!, {r4, r5, r6, r7, r8, r9, sl, fp, lr}
10003df0:	4b4c      	ldr	r3, [pc, #304]	@ (10003f24 <xTaskIncrementTick.part.0+0x138>)
10003df2:	b083      	sub	sp, #12
10003df4:	681d      	ldr	r5, [r3, #0]
10003df6:	3501      	adds	r5, #1
10003df8:	601d      	str	r5, [r3, #0]
10003dfa:	2d00      	cmp	r5, #0
10003dfc:	d067      	beq.n	10003ece <xTaskIncrementTick.part.0+0xe2>
10003dfe:	494a      	ldr	r1, [pc, #296]	@ (10003f28 <xTaskIncrementTick.part.0+0x13c>)
10003e00:	680b      	ldr	r3, [r1, #0]
10003e02:	429d      	cmp	r5, r3
10003e04:	d377      	bcc.n	10003ef6 <xTaskIncrementTick.part.0+0x10a>
10003e06:	4e49      	ldr	r6, [pc, #292]	@ (10003f2c <xTaskIncrementTick.part.0+0x140>)
10003e08:	6833      	ldr	r3, [r6, #0]
10003e0a:	6818      	ldr	r0, [r3, #0]
10003e0c:	2800      	cmp	r0, #0
10003e0e:	f000 8084 	beq.w	10003f1a <xTaskIncrementTick.part.0+0x12e>
10003e12:	2000      	movs	r0, #0
10003e14:	46aa      	mov	sl, r5
10003e16:	4607      	mov	r7, r0
10003e18:	4681      	mov	r9, r0
10003e1a:	f8df e128 	ldr.w	lr, [pc, #296]	@ 10003f44 <xTaskIncrementTick.part.0+0x158>
10003e1e:	4c44      	ldr	r4, [pc, #272]	@ (10003f30 <xTaskIncrementTick.part.0+0x144>)
10003e20:	9101      	str	r1, [sp, #4]
10003e22:	e047      	b.n	10003eb4 <xTaskIncrementTick.part.0+0xc8>
10003e24:	6958      	ldr	r0, [r3, #20]
10003e26:	e9d3 2c02 	ldrd	r2, ip, [r3, #8]
10003e2a:	f8c2 c008 	str.w	ip, [r2, #8]
10003e2e:	f8cc 2004 	str.w	r2, [ip, #4]
10003e32:	6842      	ldr	r2, [r0, #4]
10003e34:	428a      	cmp	r2, r1
10003e36:	6802      	ldr	r2, [r0, #0]
10003e38:	bf08      	it	eq
10003e3a:	f8c0 c004 	streq.w	ip, [r0, #4]
10003e3e:	3a01      	subs	r2, #1
10003e40:	615f      	str	r7, [r3, #20]
10003e42:	6002      	str	r2, [r0, #0]
10003e44:	6a98      	ldr	r0, [r3, #40]	@ 0x28
10003e46:	b170      	cbz	r0, 10003e66 <xTaskIncrementTick.part.0+0x7a>
10003e48:	e9d3 2c07 	ldrd	r2, ip, [r3, #28]
10003e4c:	f8c2 c008 	str.w	ip, [r2, #8]
10003e50:	f8cc 2004 	str.w	r2, [ip, #4]
10003e54:	6842      	ldr	r2, [r0, #4]
10003e56:	42aa      	cmp	r2, r5
10003e58:	6802      	ldr	r2, [r0, #0]
10003e5a:	bf08      	it	eq
10003e5c:	f8c0 c004 	streq.w	ip, [r0, #4]
10003e60:	3a01      	subs	r2, #1
10003e62:	629f      	str	r7, [r3, #40]	@ 0x28
10003e64:	6002      	str	r2, [r0, #0]
10003e66:	6ada      	ldr	r2, [r3, #44]	@ 0x2c
10003e68:	f8de 0000 	ldr.w	r0, [lr]
10003e6c:	eb02 0c82 	add.w	ip, r2, r2, lsl #2
10003e70:	eb04 088c 	add.w	r8, r4, ip, lsl #2
10003e74:	4282      	cmp	r2, r0
10003e76:	f8d8 0004 	ldr.w	r0, [r8, #4]
10003e7a:	f854 502c 	ldr.w	r5, [r4, ip, lsl #2]
10003e7e:	f8d0 b008 	ldr.w	fp, [r0, #8]
10003e82:	6098      	str	r0, [r3, #8]
10003e84:	f8c3 b00c 	str.w	fp, [r3, #12]
10003e88:	f8cb 1004 	str.w	r1, [fp, #4]
10003e8c:	6081      	str	r1, [r0, #8]
10003e8e:	f8c3 8014 	str.w	r8, [r3, #20]
10003e92:	4b28      	ldr	r3, [pc, #160]	@ (10003f34 <xTaskIncrementTick.part.0+0x148>)
10003e94:	bf88      	it	hi
10003e96:	f8ce 2000 	strhi.w	r2, [lr]
10003e9a:	6819      	ldr	r1, [r3, #0]
10003e9c:	3501      	adds	r5, #1
10003e9e:	6833      	ldr	r3, [r6, #0]
10003ea0:	f844 502c 	str.w	r5, [r4, ip, lsl #2]
10003ea4:	6ac9      	ldr	r1, [r1, #44]	@ 0x2c
10003ea6:	681b      	ldr	r3, [r3, #0]
10003ea8:	428a      	cmp	r2, r1
10003eaa:	bf88      	it	hi
10003eac:	f049 0901 	orrhi.w	r9, r9, #1
10003eb0:	2b00      	cmp	r3, #0
10003eb2:	d030      	beq.n	10003f16 <xTaskIncrementTick.part.0+0x12a>
10003eb4:	6833      	ldr	r3, [r6, #0]
10003eb6:	68db      	ldr	r3, [r3, #12]
10003eb8:	68db      	ldr	r3, [r3, #12]
10003eba:	685a      	ldr	r2, [r3, #4]
10003ebc:	1d19      	adds	r1, r3, #4
10003ebe:	4592      	cmp	sl, r2
10003ec0:	f103 0518 	add.w	r5, r3, #24
10003ec4:	d2ae      	bcs.n	10003e24 <xTaskIncrementTick.part.0+0x38>
10003ec6:	9901      	ldr	r1, [sp, #4]
10003ec8:	4648      	mov	r0, r9
10003eca:	600a      	str	r2, [r1, #0]
10003ecc:	e014      	b.n	10003ef8 <xTaskIncrementTick.part.0+0x10c>
10003ece:	4b17      	ldr	r3, [pc, #92]	@ (10003f2c <xTaskIncrementTick.part.0+0x140>)
10003ed0:	4a19      	ldr	r2, [pc, #100]	@ (10003f38 <xTaskIncrementTick.part.0+0x14c>)
10003ed2:	6818      	ldr	r0, [r3, #0]
10003ed4:	6811      	ldr	r1, [r2, #0]
10003ed6:	6019      	str	r1, [r3, #0]
10003ed8:	4918      	ldr	r1, [pc, #96]	@ (10003f3c <xTaskIncrementTick.part.0+0x150>)
10003eda:	6010      	str	r0, [r2, #0]
10003edc:	680a      	ldr	r2, [r1, #0]
10003ede:	3201      	adds	r2, #1
10003ee0:	600a      	str	r2, [r1, #0]
10003ee2:	681a      	ldr	r2, [r3, #0]
10003ee4:	6812      	ldr	r2, [r2, #0]
10003ee6:	b982      	cbnz	r2, 10003f0a <xTaskIncrementTick.part.0+0x11e>
10003ee8:	f04f 33ff 	mov.w	r3, #4294967295
10003eec:	490e      	ldr	r1, [pc, #56]	@ (10003f28 <xTaskIncrementTick.part.0+0x13c>)
10003eee:	600b      	str	r3, [r1, #0]
10003ef0:	680b      	ldr	r3, [r1, #0]
10003ef2:	429d      	cmp	r5, r3
10003ef4:	d287      	bcs.n	10003e06 <xTaskIncrementTick.part.0+0x1a>
10003ef6:	2000      	movs	r0, #0
10003ef8:	4b11      	ldr	r3, [pc, #68]	@ (10003f40 <xTaskIncrementTick.part.0+0x154>)
10003efa:	681b      	ldr	r3, [r3, #0]
10003efc:	2b00      	cmp	r3, #0
10003efe:	bf18      	it	ne
10003f00:	f040 0001 	orrne.w	r0, r0, #1
10003f04:	b003      	add	sp, #12
10003f06:	e8bd 8ff0 	ldmia.w	sp!, {r4, r5, r6, r7, r8, r9, sl, fp, pc}
10003f0a:	681b      	ldr	r3, [r3, #0]
10003f0c:	4906      	ldr	r1, [pc, #24]	@ (10003f28 <xTaskIncrementTick.part.0+0x13c>)
10003f0e:	68db      	ldr	r3, [r3, #12]
10003f10:	681b      	ldr	r3, [r3, #0]
10003f12:	600b      	str	r3, [r1, #0]
10003f14:	e774      	b.n	10003e00 <xTaskIncrementTick.part.0+0x14>
10003f16:	4648      	mov	r0, r9
10003f18:	9901      	ldr	r1, [sp, #4]
10003f1a:	f04f 33ff 	mov.w	r3, #4294967295
10003f1e:	600b      	str	r3, [r1, #0]
10003f20:	e7ea      	b.n	10003ef8 <xTaskIncrementTick.part.0+0x10c>
10003f22:	bf00      	nop
10003f24:	20001404 	.word	0x20001404
10003f28:	200013b8 	.word	0x200013b8
10003f2c:	200012b8 	.word	0x200012b8
10003f30:	200012c4 	.word	0x200012c4
10003f34:	200012b0 	.word	0x200012b0
10003f38:	200012bc 	.word	0x200012bc
10003f3c:	200013bc 	.word	0x200013bc
10003f40:	20001410 	.word	0x20001410
10003f44:	20001358 	.word	0x20001358

10003f48 <xTaskCreate>:
10003f48:	e92d 43f8 	stmdb	sp!, {r3, r4, r5, r6, r7, r8, r9, lr}
10003f4c:	0095      	lsls	r5, r2, #2
10003f4e:	4680      	mov	r8, r0
10003f50:	4628      	mov	r0, r5
10003f52:	460f      	mov	r7, r1
10003f54:	4699      	mov	r9, r3
10003f56:	f000 feb3 	bl	10004cc0 <pvPortMalloc>
10003f5a:	2800      	cmp	r0, #0
10003f5c:	d072      	beq.n	10004044 <xTaskCreate+0xfc>
10003f5e:	4606      	mov	r6, r0
10003f60:	2070      	movs	r0, #112	@ 0x70
10003f62:	f000 fead 	bl	10004cc0 <pvPortMalloc>
10003f66:	4604      	mov	r4, r0
10003f68:	2800      	cmp	r0, #0
10003f6a:	d068      	beq.n	1000403e <xTaskCreate+0xf6>
10003f6c:	3d04      	subs	r5, #4
10003f6e:	2270      	movs	r2, #112	@ 0x70
10003f70:	2100      	movs	r1, #0
10003f72:	4435      	add	r5, r6
10003f74:	f001 fd88 	bl	10005a88 <memset>
10003f78:	f025 0507 	bic.w	r5, r5, #7
10003f7c:	6326      	str	r6, [r4, #48]	@ 0x30
10003f7e:	2f00      	cmp	r7, #0
10003f80:	d03b      	beq.n	10003ffa <xTaskCreate+0xb2>
10003f82:	783b      	ldrb	r3, [r7, #0]
10003f84:	f884 3034 	strb.w	r3, [r4, #52]	@ 0x34
10003f88:	2b00      	cmp	r3, #0
10003f8a:	d036      	beq.n	10003ffa <xTaskCreate+0xb2>
10003f8c:	787b      	ldrb	r3, [r7, #1]
10003f8e:	f884 3035 	strb.w	r3, [r4, #53]	@ 0x35
10003f92:	b393      	cbz	r3, 10003ffa <xTaskCreate+0xb2>
10003f94:	78bb      	ldrb	r3, [r7, #2]
10003f96:	f884 3036 	strb.w	r3, [r4, #54]	@ 0x36
10003f9a:	b373      	cbz	r3, 10003ffa <xTaskCreate+0xb2>
10003f9c:	78fb      	ldrb	r3, [r7, #3]
10003f9e:	f884 3037 	strb.w	r3, [r4, #55]	@ 0x37
10003fa2:	b353      	cbz	r3, 10003ffa <xTaskCreate+0xb2>
10003fa4:	793b      	ldrb	r3, [r7, #4]
10003fa6:	f884 3038 	strb.w	r3, [r4, #56]	@ 0x38
10003faa:	b333      	cbz	r3, 10003ffa <xTaskCreate+0xb2>
10003fac:	797b      	ldrb	r3, [r7, #5]
10003fae:	f884 3039 	strb.w	r3, [r4, #57]	@ 0x39
10003fb2:	b313      	cbz	r3, 10003ffa <xTaskCreate+0xb2>
10003fb4:	79bb      	ldrb	r3, [r7, #6]
10003fb6:	f884 303a 	strb.w	r3, [r4, #58]	@ 0x3a
10003fba:	b1f3      	cbz	r3, 10003ffa <xTaskCreate+0xb2>
10003fbc:	79fb      	ldrb	r3, [r7, #7]
10003fbe:	f884 303b 	strb.w	r3, [r4, #59]	@ 0x3b
10003fc2:	b1d3      	cbz	r3, 10003ffa <xTaskCreate+0xb2>
10003fc4:	7a3b      	ldrb	r3, [r7, #8]
10003fc6:	f884 303c 	strb.w	r3, [r4, #60]	@ 0x3c
10003fca:	b1b3      	cbz	r3, 10003ffa <xTaskCreate+0xb2>
10003fcc:	7a7b      	ldrb	r3, [r7, #9]
10003fce:	f884 303d 	strb.w	r3, [r4, #61]	@ 0x3d
10003fd2:	b193      	cbz	r3, 10003ffa <xTaskCreate+0xb2>
10003fd4:	7abb      	ldrb	r3, [r7, #10]
10003fd6:	f884 303e 	strb.w	r3, [r4, #62]	@ 0x3e
10003fda:	b173      	cbz	r3, 10003ffa <xTaskCreate+0xb2>
10003fdc:	7afb      	ldrb	r3, [r7, #11]
10003fde:	f884 303f 	strb.w	r3, [r4, #63]	@ 0x3f
10003fe2:	b153      	cbz	r3, 10003ffa <xTaskCreate+0xb2>
10003fe4:	7b3b      	ldrb	r3, [r7, #12]
10003fe6:	f884 3040 	strb.w	r3, [r4, #64]	@ 0x40
10003fea:	b133      	cbz	r3, 10003ffa <xTaskCreate+0xb2>
10003fec:	7b7b      	ldrb	r3, [r7, #13]
10003fee:	f884 3041 	strb.w	r3, [r4, #65]	@ 0x41
10003ff2:	b113      	cbz	r3, 10003ffa <xTaskCreate+0xb2>
10003ff4:	7bbb      	ldrb	r3, [r7, #14]
10003ff6:	f884 3042 	strb.w	r3, [r4, #66]	@ 0x42
10003ffa:	9f08      	ldr	r7, [sp, #32]
10003ffc:	1d20      	adds	r0, r4, #4
10003ffe:	2f05      	cmp	r7, #5
10004000:	bf28      	it	cs
10004002:	2705      	movcs	r7, #5
10004004:	62e7      	str	r7, [r4, #44]	@ 0x2c
10004006:	6467      	str	r7, [r4, #68]	@ 0x44
10004008:	f001 f838 	bl	1000507c <vListInitialiseItem>
1000400c:	f1c7 0706 	rsb	r7, r7, #6
10004010:	f104 0018 	add.w	r0, r4, #24
10004014:	f001 f832 	bl	1000507c <vListInitialiseItem>
10004018:	464b      	mov	r3, r9
1000401a:	4642      	mov	r2, r8
1000401c:	4628      	mov	r0, r5
1000401e:	6b21      	ldr	r1, [r4, #48]	@ 0x30
10004020:	61a7      	str	r7, [r4, #24]
10004022:	6124      	str	r4, [r4, #16]
10004024:	6264      	str	r4, [r4, #36]	@ 0x24
10004026:	f000 fed5 	bl	10004dd4 <pxPortInitialiseStack>
1000402a:	9b09      	ldr	r3, [sp, #36]	@ 0x24
1000402c:	6020      	str	r0, [r4, #0]
1000402e:	b103      	cbz	r3, 10004032 <xTaskCreate+0xea>
10004030:	601c      	str	r4, [r3, #0]
10004032:	4620      	mov	r0, r4
10004034:	f7ff fe20 	bl	10003c78 <prvAddNewTaskToReadyList>
10004038:	2001      	movs	r0, #1
1000403a:	e8bd 83f8 	ldmia.w	sp!, {r3, r4, r5, r6, r7, r8, r9, pc}
1000403e:	4630      	mov	r0, r6
10004040:	f000 fe4a 	bl	10004cd8 <vPortFree>
10004044:	f04f 30ff 	mov.w	r0, #4294967295
10004048:	e8bd 83f8 	ldmia.w	sp!, {r3, r4, r5, r6, r7, r8, r9, pc}

1000404c <vTaskDelete>:
1000404c:	b5f8      	push	{r3, r4, r5, r6, r7, lr}
1000404e:	4604      	mov	r4, r0
10004050:	4e25      	ldr	r6, [pc, #148]	@ (100040e8 <vTaskDelete+0x9c>)
10004052:	f000 fe8f 	bl	10004d74 <vPortEnterCritical>
10004056:	2c00      	cmp	r4, #0
10004058:	d03f      	beq.n	100040da <vTaskDelete+0x8e>
1000405a:	1d27      	adds	r7, r4, #4
1000405c:	4638      	mov	r0, r7
1000405e:	f001 f837 	bl	100050d0 <uxListRemove>
10004062:	6aa3      	ldr	r3, [r4, #40]	@ 0x28
10004064:	b11b      	cbz	r3, 1000406e <vTaskDelete+0x22>
10004066:	f104 0018 	add.w	r0, r4, #24
1000406a:	f001 f831 	bl	100050d0 <uxListRemove>
1000406e:	4a1f      	ldr	r2, [pc, #124]	@ (100040ec <vTaskDelete+0xa0>)
10004070:	4d1f      	ldr	r5, [pc, #124]	@ (100040f0 <vTaskDelete+0xa4>)
10004072:	6813      	ldr	r3, [r2, #0]
10004074:	3301      	adds	r3, #1
10004076:	6013      	str	r3, [r2, #0]
10004078:	6833      	ldr	r3, [r6, #0]
1000407a:	42a3      	cmp	r3, r4
1000407c:	682b      	ldr	r3, [r5, #0]
1000407e:	d01f      	beq.n	100040c0 <vTaskDelete+0x74>
10004080:	4a1c      	ldr	r2, [pc, #112]	@ (100040f4 <vTaskDelete+0xa8>)
10004082:	6813      	ldr	r3, [r2, #0]
10004084:	3b01      	subs	r3, #1
10004086:	6013      	str	r3, [r2, #0]
10004088:	4b1b      	ldr	r3, [pc, #108]	@ (100040f8 <vTaskDelete+0xac>)
1000408a:	681a      	ldr	r2, [r3, #0]
1000408c:	6812      	ldr	r2, [r2, #0]
1000408e:	b192      	cbz	r2, 100040b6 <vTaskDelete+0x6a>
10004090:	681a      	ldr	r2, [r3, #0]
10004092:	4b1a      	ldr	r3, [pc, #104]	@ (100040fc <vTaskDelete+0xb0>)
10004094:	68d2      	ldr	r2, [r2, #12]
10004096:	6812      	ldr	r2, [r2, #0]
10004098:	601a      	str	r2, [r3, #0]
1000409a:	f000 fe79 	bl	10004d90 <vPortExitCritical>
1000409e:	6b20      	ldr	r0, [r4, #48]	@ 0x30
100040a0:	f000 fe1a 	bl	10004cd8 <vPortFree>
100040a4:	4620      	mov	r0, r4
100040a6:	f000 fe17 	bl	10004cd8 <vPortFree>
100040aa:	682b      	ldr	r3, [r5, #0]
100040ac:	b113      	cbz	r3, 100040b4 <vTaskDelete+0x68>
100040ae:	6833      	ldr	r3, [r6, #0]
100040b0:	42a3      	cmp	r3, r4
100040b2:	d014      	beq.n	100040de <vTaskDelete+0x92>
100040b4:	bdf8      	pop	{r3, r4, r5, r6, r7, pc}
100040b6:	f04f 32ff 	mov.w	r2, #4294967295
100040ba:	4b10      	ldr	r3, [pc, #64]	@ (100040fc <vTaskDelete+0xb0>)
100040bc:	601a      	str	r2, [r3, #0]
100040be:	e7ec      	b.n	1000409a <vTaskDelete+0x4e>
100040c0:	2b00      	cmp	r3, #0
100040c2:	d0dd      	beq.n	10004080 <vTaskDelete+0x34>
100040c4:	4639      	mov	r1, r7
100040c6:	480e      	ldr	r0, [pc, #56]	@ (10004100 <vTaskDelete+0xb4>)
100040c8:	f000 ffdc 	bl	10005084 <vListInsertEnd>
100040cc:	4a0d      	ldr	r2, [pc, #52]	@ (10004104 <vTaskDelete+0xb8>)
100040ce:	6813      	ldr	r3, [r2, #0]
100040d0:	3301      	adds	r3, #1
100040d2:	6013      	str	r3, [r2, #0]
100040d4:	f000 fe5c 	bl	10004d90 <vPortExitCritical>
100040d8:	e7e7      	b.n	100040aa <vTaskDelete+0x5e>
100040da:	6834      	ldr	r4, [r6, #0]
100040dc:	e7bd      	b.n	1000405a <vTaskDelete+0xe>
100040de:	e8bd 40f8 	ldmia.w	sp!, {r3, r4, r5, r6, r7, lr}
100040e2:	f000 be3b 	b.w	10004d5c <vPortYield>
100040e6:	bf00      	nop
100040e8:	200012b0 	.word	0x200012b0
100040ec:	20001354 	.word	0x20001354
100040f0:	200013d8 	.word	0x200013d8
100040f4:	20001348 	.word	0x20001348
100040f8:	200012b8 	.word	0x200012b8
100040fc:	200013b8 	.word	0x200013b8
10004100:	200013f0 	.word	0x200013f0
10004104:	2000134c 	.word	0x2000134c

10004108 <vTaskStartScheduler>:
10004108:	e92d 43f8 	stmdb	sp!, {r3, r4, r5, r6, r7, r8, r9, lr}
1000410c:	f44f 7000 	mov.w	r0, #512	@ 0x200
10004110:	f000 fdd6 	bl	10004cc0 <pvPortMalloc>
10004114:	b388      	cbz	r0, 1000417a <vTaskStartScheduler+0x72>
10004116:	4606      	mov	r6, r0
10004118:	2070      	movs	r0, #112	@ 0x70
1000411a:	f000 fdd1 	bl	10004cc0 <pvPortMalloc>
1000411e:	4604      	mov	r4, r0
10004120:	b378      	cbz	r0, 10004182 <vTaskStartScheduler+0x7a>
10004122:	2700      	movs	r7, #0
10004124:	f8df 9098 	ldr.w	r9, [pc, #152]	@ 100041c0 <vTaskStartScheduler+0xb8>
10004128:	4639      	mov	r1, r7
1000412a:	2270      	movs	r2, #112	@ 0x70
1000412c:	f001 fcac 	bl	10005a88 <memset>
10004130:	f506 75fe 	add.w	r5, r6, #508	@ 0x1fc
10004134:	e9c4 690c 	strd	r6, r9, [r4, #48]	@ 0x30
10004138:	2606      	movs	r6, #6
1000413a:	1d20      	adds	r0, r4, #4
1000413c:	f000 ff9e 	bl	1000507c <vListInitialiseItem>
10004140:	f025 0507 	bic.w	r5, r5, #7
10004144:	f104 0018 	add.w	r0, r4, #24
10004148:	f000 ff98 	bl	1000507c <vListInitialiseItem>
1000414c:	463b      	mov	r3, r7
1000414e:	4a17      	ldr	r2, [pc, #92]	@ (100041ac <vTaskStartScheduler+0xa4>)
10004150:	6b21      	ldr	r1, [r4, #48]	@ 0x30
10004152:	4628      	mov	r0, r5
10004154:	6124      	str	r4, [r4, #16]
10004156:	61a6      	str	r6, [r4, #24]
10004158:	6264      	str	r4, [r4, #36]	@ 0x24
1000415a:	f000 fe3b 	bl	10004dd4 <pxPortInitialiseStack>
1000415e:	4603      	mov	r3, r0
10004160:	f8df 8060 	ldr.w	r8, [pc, #96]	@ 100041c4 <vTaskStartScheduler+0xbc>
10004164:	6023      	str	r3, [r4, #0]
10004166:	4620      	mov	r0, r4
10004168:	2701      	movs	r7, #1
1000416a:	f8c8 4000 	str.w	r4, [r8]
1000416e:	f7ff fd83 	bl	10003c78 <prvAddNewTaskToReadyList>
10004172:	f000 fd63 	bl	10004c3c <xTimerCreateTimerTask>
10004176:	42b8      	cmp	r0, r7
10004178:	d00a      	beq.n	10004190 <vTaskStartScheduler+0x88>
1000417a:	4b0d      	ldr	r3, [pc, #52]	@ (100041b0 <vTaskStartScheduler+0xa8>)
1000417c:	681b      	ldr	r3, [r3, #0]
1000417e:	e8bd 83f8 	ldmia.w	sp!, {r3, r4, r5, r6, r7, r8, r9, pc}
10004182:	4630      	mov	r0, r6
10004184:	f000 fda8 	bl	10004cd8 <vPortFree>
10004188:	4b09      	ldr	r3, [pc, #36]	@ (100041b0 <vTaskStartScheduler+0xa8>)
1000418a:	681b      	ldr	r3, [r3, #0]
1000418c:	e8bd 83f8 	ldmia.w	sp!, {r3, r4, r5, r6, r7, r8, r9, pc}
10004190:	f000 fefa 	bl	10004f88 <ulSetInterruptMask>
10004194:	f04f 34ff 	mov.w	r4, #4294967295
10004198:	2200      	movs	r2, #0
1000419a:	4906      	ldr	r1, [pc, #24]	@ (100041b4 <vTaskStartScheduler+0xac>)
1000419c:	4b06      	ldr	r3, [pc, #24]	@ (100041b8 <vTaskStartScheduler+0xb0>)
1000419e:	4807      	ldr	r0, [pc, #28]	@ (100041bc <vTaskStartScheduler+0xb4>)
100041a0:	6004      	str	r4, [r0, #0]
100041a2:	600f      	str	r7, [r1, #0]
100041a4:	601a      	str	r2, [r3, #0]
100041a6:	f000 fe51 	bl	10004e4c <xPortStartScheduler>
100041aa:	e7e6      	b.n	1000417a <vTaskStartScheduler+0x72>
100041ac:	10003d91 	.word	0x10003d91
100041b0:	10006184 	.word	0x10006184
100041b4:	200013d8 	.word	0x200013d8
100041b8:	20001404 	.word	0x20001404
100041bc:	200013b8 	.word	0x200013b8
100041c0:	454c4449 	.word	0x454c4449
100041c4:	200013b0 	.word	0x200013b0

100041c8 <vTaskSuspendAll>:
100041c8:	4a02      	ldr	r2, [pc, #8]	@ (100041d4 <vTaskSuspendAll+0xc>)
100041ca:	6813      	ldr	r3, [r2, #0]
100041cc:	3301      	adds	r3, #1
100041ce:	6013      	str	r3, [r2, #0]
100041d0:	4770      	bx	lr
100041d2:	bf00      	nop
100041d4:	20001350 	.word	0x20001350

100041d8 <xTaskResumeAll>:
100041d8:	e92d 4ff0 	stmdb	sp!, {r4, r5, r6, r7, r8, r9, sl, fp, lr}
100041dc:	f8df 816c 	ldr.w	r8, [pc, #364]	@ 1000434c <xTaskResumeAll+0x174>
100041e0:	b083      	sub	sp, #12
100041e2:	f000 fdc7 	bl	10004d74 <vPortEnterCritical>
100041e6:	f8d8 3000 	ldr.w	r3, [r8]
100041ea:	3b01      	subs	r3, #1
100041ec:	f8c8 3000 	str.w	r3, [r8]
100041f0:	f8d8 e000 	ldr.w	lr, [r8]
100041f4:	f1be 0f00 	cmp.w	lr, #0
100041f8:	f040 8081 	bne.w	100042fe <xTaskResumeAll+0x126>
100041fc:	4b4c      	ldr	r3, [pc, #304]	@ (10004330 <xTaskResumeAll+0x158>)
100041fe:	681b      	ldr	r3, [r3, #0]
10004200:	2b00      	cmp	r3, #0
10004202:	d07c      	beq.n	100042fe <xTaskResumeAll+0x126>
10004204:	f8df c148 	ldr.w	ip, [pc, #328]	@ 10004350 <xTaskResumeAll+0x178>
10004208:	f8dc 3000 	ldr.w	r3, [ip]
1000420c:	2b00      	cmp	r3, #0
1000420e:	f000 808b 	beq.w	10004328 <xTaskResumeAll+0x150>
10004212:	4b48      	ldr	r3, [pc, #288]	@ (10004334 <xTaskResumeAll+0x15c>)
10004214:	f8df 913c 	ldr.w	r9, [pc, #316]	@ 10004354 <xTaskResumeAll+0x17c>
10004218:	4e47      	ldr	r6, [pc, #284]	@ (10004338 <xTaskResumeAll+0x160>)
1000421a:	9301      	str	r3, [sp, #4]
1000421c:	f8dc 300c 	ldr.w	r3, [ip, #12]
10004220:	68db      	ldr	r3, [r3, #12]
10004222:	6a9a      	ldr	r2, [r3, #40]	@ 0x28
10004224:	e9d3 0107 	ldrd	r0, r1, [r3, #28]
10004228:	6854      	ldr	r4, [r2, #4]
1000422a:	6081      	str	r1, [r0, #8]
1000422c:	6048      	str	r0, [r1, #4]
1000422e:	f103 0018 	add.w	r0, r3, #24
10004232:	4284      	cmp	r4, r0
10004234:	bf08      	it	eq
10004236:	6051      	streq	r1, [r2, #4]
10004238:	6811      	ldr	r1, [r2, #0]
1000423a:	f8c3 e028 	str.w	lr, [r3, #40]	@ 0x28
1000423e:	3901      	subs	r1, #1
10004240:	6011      	str	r1, [r2, #0]
10004242:	695a      	ldr	r2, [r3, #20]
10004244:	e9d3 4102 	ldrd	r4, r1, [r3, #8]
10004248:	60a1      	str	r1, [r4, #8]
1000424a:	604c      	str	r4, [r1, #4]
1000424c:	6854      	ldr	r4, [r2, #4]
1000424e:	1d1d      	adds	r5, r3, #4
10004250:	42ac      	cmp	r4, r5
10004252:	bf08      	it	eq
10004254:	6051      	streq	r1, [r2, #4]
10004256:	6811      	ldr	r1, [r2, #0]
10004258:	f8d9 0000 	ldr.w	r0, [r9]
1000425c:	3901      	subs	r1, #1
1000425e:	6011      	str	r1, [r2, #0]
10004260:	6ada      	ldr	r2, [r3, #44]	@ 0x2c
10004262:	4282      	cmp	r2, r0
10004264:	4835      	ldr	r0, [pc, #212]	@ (1000433c <xTaskResumeAll+0x164>)
10004266:	eb02 0182 	add.w	r1, r2, r2, lsl #2
1000426a:	bf88      	it	hi
1000426c:	f8c9 2000 	strhi.w	r2, [r9]
10004270:	6800      	ldr	r0, [r0, #0]
10004272:	eb06 0781 	add.w	r7, r6, r1, lsl #2
10004276:	687c      	ldr	r4, [r7, #4]
10004278:	f8d0 a02c 	ldr.w	sl, [r0, #44]	@ 0x2c
1000427c:	f856 0021 	ldr.w	r0, [r6, r1, lsl #2]
10004280:	f8d4 b008 	ldr.w	fp, [r4, #8]
10004284:	3001      	adds	r0, #1
10004286:	4552      	cmp	r2, sl
10004288:	609c      	str	r4, [r3, #8]
1000428a:	f8c3 b00c 	str.w	fp, [r3, #12]
1000428e:	f8cb 5004 	str.w	r5, [fp, #4]
10004292:	60a5      	str	r5, [r4, #8]
10004294:	615f      	str	r7, [r3, #20]
10004296:	f846 0021 	str.w	r0, [r6, r1, lsl #2]
1000429a:	d937      	bls.n	1000430c <xTaskResumeAll+0x134>
1000429c:	2201      	movs	r2, #1
1000429e:	9b01      	ldr	r3, [sp, #4]
100042a0:	601a      	str	r2, [r3, #0]
100042a2:	f8dc 3000 	ldr.w	r3, [ip]
100042a6:	2b00      	cmp	r3, #0
100042a8:	d1b8      	bne.n	1000421c <xTaskResumeAll+0x44>
100042aa:	4b25      	ldr	r3, [pc, #148]	@ (10004340 <xTaskResumeAll+0x168>)
100042ac:	681a      	ldr	r2, [r3, #0]
100042ae:	6812      	ldr	r2, [r2, #0]
100042b0:	2a00      	cmp	r2, #0
100042b2:	d034      	beq.n	1000431e <xTaskResumeAll+0x146>
100042b4:	681a      	ldr	r2, [r3, #0]
100042b6:	4b23      	ldr	r3, [pc, #140]	@ (10004344 <xTaskResumeAll+0x16c>)
100042b8:	68d2      	ldr	r2, [r2, #12]
100042ba:	6812      	ldr	r2, [r2, #0]
100042bc:	601a      	str	r2, [r3, #0]
100042be:	4d22      	ldr	r5, [pc, #136]	@ (10004348 <xTaskResumeAll+0x170>)
100042c0:	682c      	ldr	r4, [r5, #0]
100042c2:	b19c      	cbz	r4, 100042ec <xTaskResumeAll+0x114>
100042c4:	2601      	movs	r6, #1
100042c6:	9f01      	ldr	r7, [sp, #4]
100042c8:	e005      	b.n	100042d6 <xTaskResumeAll+0xfe>
100042ca:	f7ff fd8f 	bl	10003dec <xTaskIncrementTick.part.0>
100042ce:	b100      	cbz	r0, 100042d2 <xTaskResumeAll+0xfa>
100042d0:	603e      	str	r6, [r7, #0]
100042d2:	3c01      	subs	r4, #1
100042d4:	d009      	beq.n	100042ea <xTaskResumeAll+0x112>
100042d6:	f8d8 3000 	ldr.w	r3, [r8]
100042da:	2b00      	cmp	r3, #0
100042dc:	d0f5      	beq.n	100042ca <xTaskResumeAll+0xf2>
100042de:	682b      	ldr	r3, [r5, #0]
100042e0:	3c01      	subs	r4, #1
100042e2:	f103 0301 	add.w	r3, r3, #1
100042e6:	602b      	str	r3, [r5, #0]
100042e8:	d1f5      	bne.n	100042d6 <xTaskResumeAll+0xfe>
100042ea:	602c      	str	r4, [r5, #0]
100042ec:	9b01      	ldr	r3, [sp, #4]
100042ee:	681b      	ldr	r3, [r3, #0]
100042f0:	b12b      	cbz	r3, 100042fe <xTaskResumeAll+0x126>
100042f2:	4b12      	ldr	r3, [pc, #72]	@ (1000433c <xTaskResumeAll+0x164>)
100042f4:	2401      	movs	r4, #1
100042f6:	681b      	ldr	r3, [r3, #0]
100042f8:	f000 fd30 	bl	10004d5c <vPortYield>
100042fc:	e000      	b.n	10004300 <xTaskResumeAll+0x128>
100042fe:	2400      	movs	r4, #0
10004300:	f000 fd46 	bl	10004d90 <vPortExitCritical>
10004304:	4620      	mov	r0, r4
10004306:	b003      	add	sp, #12
10004308:	e8bd 8ff0 	ldmia.w	sp!, {r4, r5, r6, r7, r8, r9, sl, fp, pc}
1000430c:	f8dc 3000 	ldr.w	r3, [ip]
10004310:	2b00      	cmp	r3, #0
10004312:	d183      	bne.n	1000421c <xTaskResumeAll+0x44>
10004314:	4b0a      	ldr	r3, [pc, #40]	@ (10004340 <xTaskResumeAll+0x168>)
10004316:	681a      	ldr	r2, [r3, #0]
10004318:	6812      	ldr	r2, [r2, #0]
1000431a:	2a00      	cmp	r2, #0
1000431c:	d1ca      	bne.n	100042b4 <xTaskResumeAll+0xdc>
1000431e:	f04f 32ff 	mov.w	r2, #4294967295
10004322:	4b08      	ldr	r3, [pc, #32]	@ (10004344 <xTaskResumeAll+0x16c>)
10004324:	601a      	str	r2, [r3, #0]
10004326:	e7ca      	b.n	100042be <xTaskResumeAll+0xe6>
10004328:	4b02      	ldr	r3, [pc, #8]	@ (10004334 <xTaskResumeAll+0x15c>)
1000432a:	9301      	str	r3, [sp, #4]
1000432c:	e7c7      	b.n	100042be <xTaskResumeAll+0xe6>
1000432e:	bf00      	nop
10004330:	20001348 	.word	0x20001348
10004334:	20001410 	.word	0x20001410
10004338:	200012c4 	.word	0x200012c4
1000433c:	200012b0 	.word	0x200012b0
10004340:	200012b8 	.word	0x200012b8
10004344:	200013b8 	.word	0x200013b8
10004348:	200013c0 	.word	0x200013c0
1000434c:	20001350 	.word	0x20001350
10004350:	200013c4 	.word	0x200013c4
10004354:	20001358 	.word	0x20001358

10004358 <vTaskDelay>:
10004358:	b908      	cbnz	r0, 1000435e <vTaskDelay+0x6>
1000435a:	f000 bcff 	b.w	10004d5c <vPortYield>
1000435e:	4a19      	ldr	r2, [pc, #100]	@ (100043c4 <vTaskDelay+0x6c>)
10004360:	e92d 41f0 	stmdb	sp!, {r4, r5, r6, r7, r8, lr}
10004364:	6813      	ldr	r3, [r2, #0]
10004366:	4604      	mov	r4, r0
10004368:	3301      	adds	r3, #1
1000436a:	6013      	str	r3, [r2, #0]
1000436c:	4916      	ldr	r1, [pc, #88]	@ (100043c8 <vTaskDelay+0x70>)
1000436e:	4b17      	ldr	r3, [pc, #92]	@ (100043cc <vTaskDelay+0x74>)
10004370:	4d17      	ldr	r5, [pc, #92]	@ (100043d0 <vTaskDelay+0x78>)
10004372:	4a18      	ldr	r2, [pc, #96]	@ (100043d4 <vTaskDelay+0x7c>)
10004374:	680e      	ldr	r6, [r1, #0]
10004376:	6817      	ldr	r7, [r2, #0]
10004378:	f8d3 8000 	ldr.w	r8, [r3]
1000437c:	6828      	ldr	r0, [r5, #0]
1000437e:	3004      	adds	r0, #4
10004380:	f000 fea6 	bl	100050d0 <uxListRemove>
10004384:	682b      	ldr	r3, [r5, #0]
10004386:	19a4      	adds	r4, r4, r6
10004388:	6829      	ldr	r1, [r5, #0]
1000438a:	605c      	str	r4, [r3, #4]
1000438c:	d20d      	bcs.n	100043aa <vTaskDelay+0x52>
1000438e:	4638      	mov	r0, r7
10004390:	3104      	adds	r1, #4
10004392:	f000 fe85 	bl	100050a0 <vListInsert>
10004396:	4b10      	ldr	r3, [pc, #64]	@ (100043d8 <vTaskDelay+0x80>)
10004398:	681a      	ldr	r2, [r3, #0]
1000439a:	4294      	cmp	r4, r2
1000439c:	bf38      	it	cc
1000439e:	601c      	strcc	r4, [r3, #0]
100043a0:	f7ff ff1a 	bl	100041d8 <xTaskResumeAll>
100043a4:	b148      	cbz	r0, 100043ba <vTaskDelay+0x62>
100043a6:	e8bd 81f0 	ldmia.w	sp!, {r4, r5, r6, r7, r8, pc}
100043aa:	4640      	mov	r0, r8
100043ac:	3104      	adds	r1, #4
100043ae:	f000 fe77 	bl	100050a0 <vListInsert>
100043b2:	f7ff ff11 	bl	100041d8 <xTaskResumeAll>
100043b6:	2800      	cmp	r0, #0
100043b8:	d1f5      	bne.n	100043a6 <vTaskDelay+0x4e>
100043ba:	e8bd 41f0 	ldmia.w	sp!, {r4, r5, r6, r7, r8, lr}
100043be:	f000 bccd 	b.w	10004d5c <vPortYield>
100043c2:	bf00      	nop
100043c4:	20001350 	.word	0x20001350
100043c8:	20001404 	.word	0x20001404
100043cc:	200012bc 	.word	0x200012bc
100043d0:	200012b0 	.word	0x200012b0
100043d4:	200012b8 	.word	0x200012b8
100043d8:	200013b8 	.word	0x200013b8

100043dc <xTaskGetTickCount>:
100043dc:	4b01      	ldr	r3, [pc, #4]	@ (100043e4 <xTaskGetTickCount+0x8>)
100043de:	6818      	ldr	r0, [r3, #0]
100043e0:	4770      	bx	lr
100043e2:	bf00      	nop
100043e4:	20001404 	.word	0x20001404

100043e8 <xTaskIncrementTick>:
100043e8:	4b05      	ldr	r3, [pc, #20]	@ (10004400 <xTaskIncrementTick+0x18>)
100043ea:	681b      	ldr	r3, [r3, #0]
100043ec:	b90b      	cbnz	r3, 100043f2 <xTaskIncrementTick+0xa>
100043ee:	f7ff bcfd 	b.w	10003dec <xTaskIncrementTick.part.0>
100043f2:	4a04      	ldr	r2, [pc, #16]	@ (10004404 <xTaskIncrementTick+0x1c>)
100043f4:	2000      	movs	r0, #0
100043f6:	6813      	ldr	r3, [r2, #0]
100043f8:	3301      	adds	r3, #1
100043fa:	6013      	str	r3, [r2, #0]
100043fc:	4770      	bx	lr
100043fe:	bf00      	nop
10004400:	20001350 	.word	0x20001350
10004404:	200013c0 	.word	0x200013c0

10004408 <vTaskSwitchContext>:
10004408:	4b23      	ldr	r3, [pc, #140]	@ (10004498 <vTaskSwitchContext+0x90>)
1000440a:	681b      	ldr	r3, [r3, #0]
1000440c:	b11b      	cbz	r3, 10004416 <vTaskSwitchContext+0xe>
1000440e:	2201      	movs	r2, #1
10004410:	4b22      	ldr	r3, [pc, #136]	@ (1000449c <vTaskSwitchContext+0x94>)
10004412:	601a      	str	r2, [r3, #0]
10004414:	4770      	bx	lr
10004416:	4a21      	ldr	r2, [pc, #132]	@ (1000449c <vTaskSwitchContext+0x94>)
10004418:	b430      	push	{r4, r5}
1000441a:	4c21      	ldr	r4, [pc, #132]	@ (100044a0 <vTaskSwitchContext+0x98>)
1000441c:	6013      	str	r3, [r2, #0]
1000441e:	6820      	ldr	r0, [r4, #0]
10004420:	4a20      	ldr	r2, [pc, #128]	@ (100044a4 <vTaskSwitchContext+0x9c>)
10004422:	eb00 0380 	add.w	r3, r0, r0, lsl #2
10004426:	f852 3023 	ldr.w	r3, [r2, r3, lsl #2]
1000442a:	0081      	lsls	r1, r0, #2
1000442c:	bb8b      	cbnz	r3, 10004492 <vTaskSwitchContext+0x8a>
1000442e:	1e43      	subs	r3, r0, #1
10004430:	eb03 0583 	add.w	r5, r3, r3, lsl #2
10004434:	f852 5025 	ldr.w	r5, [r2, r5, lsl #2]
10004438:	0099      	lsls	r1, r3, #2
1000443a:	b9b5      	cbnz	r5, 1000446a <vTaskSwitchContext+0x62>
1000443c:	1e83      	subs	r3, r0, #2
1000443e:	eb03 0583 	add.w	r5, r3, r3, lsl #2
10004442:	f852 5025 	ldr.w	r5, [r2, r5, lsl #2]
10004446:	0099      	lsls	r1, r3, #2
10004448:	b97d      	cbnz	r5, 1000446a <vTaskSwitchContext+0x62>
1000444a:	1ec3      	subs	r3, r0, #3
1000444c:	eb03 0583 	add.w	r5, r3, r3, lsl #2
10004450:	f852 5025 	ldr.w	r5, [r2, r5, lsl #2]
10004454:	0099      	lsls	r1, r3, #2
10004456:	b945      	cbnz	r5, 1000446a <vTaskSwitchContext+0x62>
10004458:	1f03      	subs	r3, r0, #4
1000445a:	eb03 0583 	add.w	r5, r3, r3, lsl #2
1000445e:	f852 5025 	ldr.w	r5, [r2, r5, lsl #2]
10004462:	0099      	lsls	r1, r3, #2
10004464:	b90d      	cbnz	r5, 1000446a <vTaskSwitchContext+0x62>
10004466:	1f43      	subs	r3, r0, #5
10004468:	0099      	lsls	r1, r3, #2
1000446a:	4419      	add	r1, r3
1000446c:	eb02 0081 	add.w	r0, r2, r1, lsl #2
10004470:	4602      	mov	r2, r0
10004472:	6841      	ldr	r1, [r0, #4]
10004474:	3208      	adds	r2, #8
10004476:	6849      	ldr	r1, [r1, #4]
10004478:	4291      	cmp	r1, r2
1000447a:	6041      	str	r1, [r0, #4]
1000447c:	bf08      	it	eq
1000447e:	68c1      	ldreq	r1, [r0, #12]
10004480:	4a09      	ldr	r2, [pc, #36]	@ (100044a8 <vTaskSwitchContext+0xa0>)
10004482:	bf08      	it	eq
10004484:	6041      	streq	r1, [r0, #4]
10004486:	68c9      	ldr	r1, [r1, #12]
10004488:	6011      	str	r1, [r2, #0]
1000448a:	6023      	str	r3, [r4, #0]
1000448c:	6813      	ldr	r3, [r2, #0]
1000448e:	bc30      	pop	{r4, r5}
10004490:	4770      	bx	lr
10004492:	4603      	mov	r3, r0
10004494:	e7e9      	b.n	1000446a <vTaskSwitchContext+0x62>
10004496:	bf00      	nop
10004498:	20001350 	.word	0x20001350
1000449c:	20001410 	.word	0x20001410
100044a0:	20001358 	.word	0x20001358
100044a4:	200012c4 	.word	0x200012c4
100044a8:	200012b0 	.word	0x200012b0

100044ac <vTaskPlaceOnEventList>:
100044ac:	e92d 41f0 	stmdb	sp!, {r4, r5, r6, r7, r8, lr}
100044b0:	460c      	mov	r4, r1
100044b2:	4d1e      	ldr	r5, [pc, #120]	@ (1000452c <vTaskPlaceOnEventList+0x80>)
100044b4:	6829      	ldr	r1, [r5, #0]
100044b6:	3118      	adds	r1, #24
100044b8:	f000 fdf2 	bl	100050a0 <vListInsert>
100044bc:	4b1c      	ldr	r3, [pc, #112]	@ (10004530 <vTaskPlaceOnEventList+0x84>)
100044be:	491d      	ldr	r1, [pc, #116]	@ (10004534 <vTaskPlaceOnEventList+0x88>)
100044c0:	4a1d      	ldr	r2, [pc, #116]	@ (10004538 <vTaskPlaceOnEventList+0x8c>)
100044c2:	680e      	ldr	r6, [r1, #0]
100044c4:	6817      	ldr	r7, [r2, #0]
100044c6:	f8d3 8000 	ldr.w	r8, [r3]
100044ca:	6828      	ldr	r0, [r5, #0]
100044cc:	3004      	adds	r0, #4
100044ce:	f000 fdff 	bl	100050d0 <uxListRemove>
100044d2:	1c63      	adds	r3, r4, #1
100044d4:	d015      	beq.n	10004502 <vTaskPlaceOnEventList+0x56>
100044d6:	682b      	ldr	r3, [r5, #0]
100044d8:	19a4      	adds	r4, r4, r6
100044da:	6829      	ldr	r1, [r5, #0]
100044dc:	605c      	str	r4, [r3, #4]
100044de:	d20a      	bcs.n	100044f6 <vTaskPlaceOnEventList+0x4a>
100044e0:	4638      	mov	r0, r7
100044e2:	3104      	adds	r1, #4
100044e4:	f000 fddc 	bl	100050a0 <vListInsert>
100044e8:	4b14      	ldr	r3, [pc, #80]	@ (1000453c <vTaskPlaceOnEventList+0x90>)
100044ea:	681a      	ldr	r2, [r3, #0]
100044ec:	4294      	cmp	r4, r2
100044ee:	bf38      	it	cc
100044f0:	601c      	strcc	r4, [r3, #0]
100044f2:	e8bd 81f0 	ldmia.w	sp!, {r4, r5, r6, r7, r8, pc}
100044f6:	4640      	mov	r0, r8
100044f8:	e8bd 41f0 	ldmia.w	sp!, {r4, r5, r6, r7, r8, lr}
100044fc:	3104      	adds	r1, #4
100044fe:	f000 bdcf 	b.w	100050a0 <vListInsert>
10004502:	4b0f      	ldr	r3, [pc, #60]	@ (10004540 <vTaskPlaceOnEventList+0x94>)
10004504:	6829      	ldr	r1, [r5, #0]
10004506:	685a      	ldr	r2, [r3, #4]
10004508:	681c      	ldr	r4, [r3, #0]
1000450a:	608a      	str	r2, [r1, #8]
1000450c:	682e      	ldr	r6, [r5, #0]
1000450e:	3401      	adds	r4, #1
10004510:	6828      	ldr	r0, [r5, #0]
10004512:	6829      	ldr	r1, [r5, #0]
10004514:	601c      	str	r4, [r3, #0]
10004516:	682d      	ldr	r5, [r5, #0]
10004518:	6894      	ldr	r4, [r2, #8]
1000451a:	3004      	adds	r0, #4
1000451c:	3104      	adds	r1, #4
1000451e:	60f4      	str	r4, [r6, #12]
10004520:	6060      	str	r0, [r4, #4]
10004522:	6091      	str	r1, [r2, #8]
10004524:	616b      	str	r3, [r5, #20]
10004526:	e8bd 81f0 	ldmia.w	sp!, {r4, r5, r6, r7, r8, pc}
1000452a:	bf00      	nop
1000452c:	200012b0 	.word	0x200012b0
10004530:	200012bc 	.word	0x200012bc
10004534:	20001404 	.word	0x20001404
10004538:	200012b8 	.word	0x200012b8
1000453c:	200013b8 	.word	0x200013b8
10004540:	200013dc 	.word	0x200013dc

10004544 <vTaskPlaceOnEventListRestricted>:
10004544:	4694      	mov	ip, r2
10004546:	e92d 41f0 	stmdb	sp!, {r4, r5, r6, r7, r8, lr}
1000454a:	4c2b      	ldr	r4, [pc, #172]	@ (100045f8 <vTaskPlaceOnEventListRestricted+0xb4>)
1000454c:	460d      	mov	r5, r1
1000454e:	6823      	ldr	r3, [r4, #0]
10004550:	6841      	ldr	r1, [r0, #4]
10004552:	f8d4 8000 	ldr.w	r8, [r4]
10004556:	61d9      	str	r1, [r3, #28]
10004558:	6827      	ldr	r7, [r4, #0]
1000455a:	6803      	ldr	r3, [r0, #0]
1000455c:	6826      	ldr	r6, [r4, #0]
1000455e:	688a      	ldr	r2, [r1, #8]
10004560:	f8d4 e000 	ldr.w	lr, [r4]
10004564:	3301      	adds	r3, #1
10004566:	3718      	adds	r7, #24
10004568:	3618      	adds	r6, #24
1000456a:	f8c8 2020 	str.w	r2, [r8, #32]
1000456e:	6057      	str	r7, [r2, #4]
10004570:	608e      	str	r6, [r1, #8]
10004572:	4a22      	ldr	r2, [pc, #136]	@ (100045fc <vTaskPlaceOnEventListRestricted+0xb8>)
10004574:	f8ce 0028 	str.w	r0, [lr, #40]	@ 0x28
10004578:	4921      	ldr	r1, [pc, #132]	@ (10004600 <vTaskPlaceOnEventListRestricted+0xbc>)
1000457a:	6003      	str	r3, [r0, #0]
1000457c:	4b21      	ldr	r3, [pc, #132]	@ (10004604 <vTaskPlaceOnEventListRestricted+0xc0>)
1000457e:	f1bc 0f00 	cmp.w	ip, #0
10004582:	d01a      	beq.n	100045ba <vTaskPlaceOnEventListRestricted+0x76>
10004584:	6809      	ldr	r1, [r1, #0]
10004586:	6812      	ldr	r2, [r2, #0]
10004588:	681b      	ldr	r3, [r3, #0]
1000458a:	6820      	ldr	r0, [r4, #0]
1000458c:	3004      	adds	r0, #4
1000458e:	f000 fd9f 	bl	100050d0 <uxListRemove>
10004592:	4b1d      	ldr	r3, [pc, #116]	@ (10004608 <vTaskPlaceOnEventListRestricted+0xc4>)
10004594:	6819      	ldr	r1, [r3, #0]
10004596:	685a      	ldr	r2, [r3, #4]
10004598:	3101      	adds	r1, #1
1000459a:	6019      	str	r1, [r3, #0]
1000459c:	6821      	ldr	r1, [r4, #0]
1000459e:	6890      	ldr	r0, [r2, #8]
100045a0:	608a      	str	r2, [r1, #8]
100045a2:	6821      	ldr	r1, [r4, #0]
100045a4:	60c8      	str	r0, [r1, #12]
100045a6:	6821      	ldr	r1, [r4, #0]
100045a8:	3104      	adds	r1, #4
100045aa:	6041      	str	r1, [r0, #4]
100045ac:	6821      	ldr	r1, [r4, #0]
100045ae:	6820      	ldr	r0, [r4, #0]
100045b0:	3104      	adds	r1, #4
100045b2:	6091      	str	r1, [r2, #8]
100045b4:	6143      	str	r3, [r0, #20]
100045b6:	e8bd 81f0 	ldmia.w	sp!, {r4, r5, r6, r7, r8, pc}
100045ba:	680e      	ldr	r6, [r1, #0]
100045bc:	6817      	ldr	r7, [r2, #0]
100045be:	f8d3 8000 	ldr.w	r8, [r3]
100045c2:	6820      	ldr	r0, [r4, #0]
100045c4:	3004      	adds	r0, #4
100045c6:	f000 fd83 	bl	100050d0 <uxListRemove>
100045ca:	6823      	ldr	r3, [r4, #0]
100045cc:	19ad      	adds	r5, r5, r6
100045ce:	6821      	ldr	r1, [r4, #0]
100045d0:	605d      	str	r5, [r3, #4]
100045d2:	d305      	bcc.n	100045e0 <vTaskPlaceOnEventListRestricted+0x9c>
100045d4:	4640      	mov	r0, r8
100045d6:	e8bd 41f0 	ldmia.w	sp!, {r4, r5, r6, r7, r8, lr}
100045da:	3104      	adds	r1, #4
100045dc:	f000 bd60 	b.w	100050a0 <vListInsert>
100045e0:	4638      	mov	r0, r7
100045e2:	3104      	adds	r1, #4
100045e4:	f000 fd5c 	bl	100050a0 <vListInsert>
100045e8:	4b08      	ldr	r3, [pc, #32]	@ (1000460c <vTaskPlaceOnEventListRestricted+0xc8>)
100045ea:	681a      	ldr	r2, [r3, #0]
100045ec:	4295      	cmp	r5, r2
100045ee:	bf38      	it	cc
100045f0:	601d      	strcc	r5, [r3, #0]
100045f2:	e8bd 81f0 	ldmia.w	sp!, {r4, r5, r6, r7, r8, pc}
100045f6:	bf00      	nop
100045f8:	200012b0 	.word	0x200012b0
100045fc:	200012b8 	.word	0x200012b8
10004600:	20001404 	.word	0x20001404
10004604:	200012bc 	.word	0x200012bc
10004608:	200013dc 	.word	0x200013dc
1000460c:	200013b8 	.word	0x200013b8

10004610 <xTaskRemoveFromEventList>:
10004610:	b4f0      	push	{r4, r5, r6, r7}
10004612:	2600      	movs	r6, #0
10004614:	68c3      	ldr	r3, [r0, #12]
10004616:	68db      	ldr	r3, [r3, #12]
10004618:	6a9a      	ldr	r2, [r3, #40]	@ 0x28
1000461a:	e9d3 0107 	ldrd	r0, r1, [r3, #28]
1000461e:	6081      	str	r1, [r0, #8]
10004620:	6048      	str	r0, [r1, #4]
10004622:	6850      	ldr	r0, [r2, #4]
10004624:	f103 0418 	add.w	r4, r3, #24
10004628:	42a0      	cmp	r0, r4
1000462a:	4827      	ldr	r0, [pc, #156]	@ (100046c8 <xTaskRemoveFromEventList+0xb8>)
1000462c:	bf08      	it	eq
1000462e:	6051      	streq	r1, [r2, #4]
10004630:	6811      	ldr	r1, [r2, #0]
10004632:	6805      	ldr	r5, [r0, #0]
10004634:	3901      	subs	r1, #1
10004636:	6ad8      	ldr	r0, [r3, #44]	@ 0x2c
10004638:	629e      	str	r6, [r3, #40]	@ 0x28
1000463a:	6011      	str	r1, [r2, #0]
1000463c:	2d00      	cmp	r5, #0
1000463e:	d12f      	bne.n	100046a0 <xTaskRemoveFromEventList+0x90>
10004640:	e9d3 4102 	ldrd	r4, r1, [r3, #8]
10004644:	695a      	ldr	r2, [r3, #20]
10004646:	60a1      	str	r1, [r4, #8]
10004648:	604c      	str	r4, [r1, #4]
1000464a:	6854      	ldr	r4, [r2, #4]
1000464c:	1d1e      	adds	r6, r3, #4
1000464e:	42b4      	cmp	r4, r6
10004650:	bf08      	it	eq
10004652:	6051      	streq	r1, [r2, #4]
10004654:	6811      	ldr	r1, [r2, #0]
10004656:	3901      	subs	r1, #1
10004658:	6011      	str	r1, [r2, #0]
1000465a:	4a1c      	ldr	r2, [pc, #112]	@ (100046cc <xTaskRemoveFromEventList+0xbc>)
1000465c:	6811      	ldr	r1, [r2, #0]
1000465e:	4281      	cmp	r1, r0
10004660:	491b      	ldr	r1, [pc, #108]	@ (100046d0 <xTaskRemoveFromEventList+0xc0>)
10004662:	bf38      	it	cc
10004664:	6010      	strcc	r0, [r2, #0]
10004666:	eb00 0280 	add.w	r2, r0, r0, lsl #2
1000466a:	eb01 0782 	add.w	r7, r1, r2, lsl #2
1000466e:	687d      	ldr	r5, [r7, #4]
10004670:	0092      	lsls	r2, r2, #2
10004672:	f8d5 c008 	ldr.w	ip, [r5, #8]
10004676:	588c      	ldr	r4, [r1, r2]
10004678:	609d      	str	r5, [r3, #8]
1000467a:	f8c3 c00c 	str.w	ip, [r3, #12]
1000467e:	f8cc 6004 	str.w	r6, [ip, #4]
10004682:	60ae      	str	r6, [r5, #8]
10004684:	615f      	str	r7, [r3, #20]
10004686:	4b13      	ldr	r3, [pc, #76]	@ (100046d4 <xTaskRemoveFromEventList+0xc4>)
10004688:	3401      	adds	r4, #1
1000468a:	681b      	ldr	r3, [r3, #0]
1000468c:	508c      	str	r4, [r1, r2]
1000468e:	6adb      	ldr	r3, [r3, #44]	@ 0x2c
10004690:	4283      	cmp	r3, r0
10004692:	d215      	bcs.n	100046c0 <xTaskRemoveFromEventList+0xb0>
10004694:	bcf0      	pop	{r4, r5, r6, r7}
10004696:	2301      	movs	r3, #1
10004698:	4a0f      	ldr	r2, [pc, #60]	@ (100046d8 <xTaskRemoveFromEventList+0xc8>)
1000469a:	4618      	mov	r0, r3
1000469c:	6013      	str	r3, [r2, #0]
1000469e:	4770      	bx	lr
100046a0:	4a0e      	ldr	r2, [pc, #56]	@ (100046dc <xTaskRemoveFromEventList+0xcc>)
100046a2:	6815      	ldr	r5, [r2, #0]
100046a4:	6851      	ldr	r1, [r2, #4]
100046a6:	3501      	adds	r5, #1
100046a8:	6015      	str	r5, [r2, #0]
100046aa:	688d      	ldr	r5, [r1, #8]
100046ac:	61d9      	str	r1, [r3, #28]
100046ae:	621d      	str	r5, [r3, #32]
100046b0:	606c      	str	r4, [r5, #4]
100046b2:	608c      	str	r4, [r1, #8]
100046b4:	629a      	str	r2, [r3, #40]	@ 0x28
100046b6:	4b07      	ldr	r3, [pc, #28]	@ (100046d4 <xTaskRemoveFromEventList+0xc4>)
100046b8:	681b      	ldr	r3, [r3, #0]
100046ba:	6adb      	ldr	r3, [r3, #44]	@ 0x2c
100046bc:	4283      	cmp	r3, r0
100046be:	d3e9      	bcc.n	10004694 <xTaskRemoveFromEventList+0x84>
100046c0:	bcf0      	pop	{r4, r5, r6, r7}
100046c2:	2000      	movs	r0, #0
100046c4:	4770      	bx	lr
100046c6:	bf00      	nop
100046c8:	20001350 	.word	0x20001350
100046cc:	20001358 	.word	0x20001358
100046d0:	200012c4 	.word	0x200012c4
100046d4:	200012b0 	.word	0x200012b0
100046d8:	20001410 	.word	0x20001410
100046dc:	200013c4 	.word	0x200013c4

100046e0 <vTaskInternalSetTimeOutState>:
100046e0:	4a03      	ldr	r2, [pc, #12]	@ (100046f0 <vTaskInternalSetTimeOutState+0x10>)
100046e2:	4b04      	ldr	r3, [pc, #16]	@ (100046f4 <vTaskInternalSetTimeOutState+0x14>)
100046e4:	6812      	ldr	r2, [r2, #0]
100046e6:	681b      	ldr	r3, [r3, #0]
100046e8:	e9c0 2300 	strd	r2, r3, [r0]
100046ec:	4770      	bx	lr
100046ee:	bf00      	nop
100046f0:	200013bc 	.word	0x200013bc
100046f4:	20001404 	.word	0x20001404

100046f8 <xTaskCheckForTimeOut>:
100046f8:	b5f8      	push	{r3, r4, r5, r6, r7, lr}
100046fa:	460d      	mov	r5, r1
100046fc:	4604      	mov	r4, r0
100046fe:	f000 fb39 	bl	10004d74 <vPortEnterCritical>
10004702:	682b      	ldr	r3, [r5, #0]
10004704:	4a12      	ldr	r2, [pc, #72]	@ (10004750 <xTaskCheckForTimeOut+0x58>)
10004706:	1c58      	adds	r0, r3, #1
10004708:	6811      	ldr	r1, [r2, #0]
1000470a:	d01b      	beq.n	10004744 <xTaskCheckForTimeOut+0x4c>
1000470c:	e9d4 6000 	ldrd	r6, r0, [r4]
10004710:	f8df c040 	ldr.w	ip, [pc, #64]	@ 10004754 <xTaskCheckForTimeOut+0x5c>
10004714:	f8dc 7000 	ldr.w	r7, [ip]
10004718:	42be      	cmp	r6, r7
1000471a:	d008      	beq.n	1000472e <xTaskCheckForTimeOut+0x36>
1000471c:	4288      	cmp	r0, r1
1000471e:	d806      	bhi.n	1000472e <xTaskCheckForTimeOut+0x36>
10004720:	2300      	movs	r3, #0
10004722:	2401      	movs	r4, #1
10004724:	602b      	str	r3, [r5, #0]
10004726:	f000 fb33 	bl	10004d90 <vPortExitCritical>
1000472a:	4620      	mov	r0, r4
1000472c:	bdf8      	pop	{r3, r4, r5, r6, r7, pc}
1000472e:	1a0f      	subs	r7, r1, r0
10004730:	42bb      	cmp	r3, r7
10004732:	d9f5      	bls.n	10004720 <xTaskCheckForTimeOut+0x28>
10004734:	1a5b      	subs	r3, r3, r1
10004736:	f8dc 1000 	ldr.w	r1, [ip]
1000473a:	6812      	ldr	r2, [r2, #0]
1000473c:	4403      	add	r3, r0
1000473e:	602b      	str	r3, [r5, #0]
10004740:	e9c4 1200 	strd	r1, r2, [r4]
10004744:	2400      	movs	r4, #0
10004746:	f000 fb23 	bl	10004d90 <vPortExitCritical>
1000474a:	4620      	mov	r0, r4
1000474c:	bdf8      	pop	{r3, r4, r5, r6, r7, pc}
1000474e:	bf00      	nop
10004750:	20001404 	.word	0x20001404
10004754:	200013bc 	.word	0x200013bc

10004758 <vTaskMissedYield>:
10004758:	2201      	movs	r2, #1
1000475a:	4b01      	ldr	r3, [pc, #4]	@ (10004760 <vTaskMissedYield+0x8>)
1000475c:	601a      	str	r2, [r3, #0]
1000475e:	4770      	bx	lr
10004760:	20001410 	.word	0x20001410

10004764 <xTaskPriorityInherit>:
10004764:	b5f8      	push	{r3, r4, r5, r6, r7, lr}
10004766:	4604      	mov	r4, r0
10004768:	b1c8      	cbz	r0, 1000479e <xTaskPriorityInherit+0x3a>
1000476a:	4d1f      	ldr	r5, [pc, #124]	@ (100047e8 <xTaskPriorityInherit+0x84>)
1000476c:	6ac3      	ldr	r3, [r0, #44]	@ 0x2c
1000476e:	682a      	ldr	r2, [r5, #0]
10004770:	6ad2      	ldr	r2, [r2, #44]	@ 0x2c
10004772:	4293      	cmp	r3, r2
10004774:	d214      	bcs.n	100047a0 <xTaskPriorityInherit+0x3c>
10004776:	6982      	ldr	r2, [r0, #24]
10004778:	2a00      	cmp	r2, #0
1000477a:	db04      	blt.n	10004786 <xTaskPriorityInherit+0x22>
1000477c:	682a      	ldr	r2, [r5, #0]
1000477e:	6ad2      	ldr	r2, [r2, #44]	@ 0x2c
10004780:	f1c2 0206 	rsb	r2, r2, #6
10004784:	6182      	str	r2, [r0, #24]
10004786:	4e19      	ldr	r6, [pc, #100]	@ (100047ec <xTaskPriorityInherit+0x88>)
10004788:	6962      	ldr	r2, [r4, #20]
1000478a:	eb03 0383 	add.w	r3, r3, r3, lsl #2
1000478e:	eb06 0383 	add.w	r3, r6, r3, lsl #2
10004792:	429a      	cmp	r2, r3
10004794:	d00c      	beq.n	100047b0 <xTaskPriorityInherit+0x4c>
10004796:	682b      	ldr	r3, [r5, #0]
10004798:	6adb      	ldr	r3, [r3, #44]	@ 0x2c
1000479a:	62e3      	str	r3, [r4, #44]	@ 0x2c
1000479c:	2001      	movs	r0, #1
1000479e:	bdf8      	pop	{r3, r4, r5, r6, r7, pc}
100047a0:	682b      	ldr	r3, [r5, #0]
100047a2:	6c40      	ldr	r0, [r0, #68]	@ 0x44
100047a4:	6adb      	ldr	r3, [r3, #44]	@ 0x2c
100047a6:	4298      	cmp	r0, r3
100047a8:	bf2c      	ite	cs
100047aa:	2000      	movcs	r0, #0
100047ac:	2001      	movcc	r0, #1
100047ae:	bdf8      	pop	{r3, r4, r5, r6, r7, pc}
100047b0:	1d27      	adds	r7, r4, #4
100047b2:	4638      	mov	r0, r7
100047b4:	f000 fc8c 	bl	100050d0 <uxListRemove>
100047b8:	682b      	ldr	r3, [r5, #0]
100047ba:	4a0d      	ldr	r2, [pc, #52]	@ (100047f0 <xTaskPriorityInherit+0x8c>)
100047bc:	6adb      	ldr	r3, [r3, #44]	@ 0x2c
100047be:	6811      	ldr	r1, [r2, #0]
100047c0:	62e3      	str	r3, [r4, #44]	@ 0x2c
100047c2:	428b      	cmp	r3, r1
100047c4:	bf88      	it	hi
100047c6:	6013      	strhi	r3, [r2, #0]
100047c8:	eb03 0383 	add.w	r3, r3, r3, lsl #2
100047cc:	0098      	lsls	r0, r3, #2
100047ce:	eb06 0383 	add.w	r3, r6, r3, lsl #2
100047d2:	6859      	ldr	r1, [r3, #4]
100047d4:	5832      	ldr	r2, [r6, r0]
100047d6:	688d      	ldr	r5, [r1, #8]
100047d8:	3201      	adds	r2, #1
100047da:	60a1      	str	r1, [r4, #8]
100047dc:	60e5      	str	r5, [r4, #12]
100047de:	606f      	str	r7, [r5, #4]
100047e0:	608f      	str	r7, [r1, #8]
100047e2:	6163      	str	r3, [r4, #20]
100047e4:	5032      	str	r2, [r6, r0]
100047e6:	e7d9      	b.n	1000479c <xTaskPriorityInherit+0x38>
100047e8:	200012b0 	.word	0x200012b0
100047ec:	200012c4 	.word	0x200012c4
100047f0:	20001358 	.word	0x20001358

100047f4 <xTaskPriorityDisinherit>:
100047f4:	b158      	cbz	r0, 1000480e <xTaskPriorityDisinherit+0x1a>
100047f6:	b5f8      	push	{r3, r4, r5, r6, r7, lr}
100047f8:	6ac1      	ldr	r1, [r0, #44]	@ 0x2c
100047fa:	6c83      	ldr	r3, [r0, #72]	@ 0x48
100047fc:	6c42      	ldr	r2, [r0, #68]	@ 0x44
100047fe:	3b01      	subs	r3, #1
10004800:	4291      	cmp	r1, r2
10004802:	4604      	mov	r4, r0
10004804:	6483      	str	r3, [r0, #72]	@ 0x48
10004806:	d000      	beq.n	1000480a <xTaskPriorityDisinherit+0x16>
10004808:	b11b      	cbz	r3, 10004812 <xTaskPriorityDisinherit+0x1e>
1000480a:	2000      	movs	r0, #0
1000480c:	bdf8      	pop	{r3, r4, r5, r6, r7, pc}
1000480e:	2000      	movs	r0, #0
10004810:	4770      	bx	lr
10004812:	1d06      	adds	r6, r0, #4
10004814:	4630      	mov	r0, r6
10004816:	f000 fc5b 	bl	100050d0 <uxListRemove>
1000481a:	6c63      	ldr	r3, [r4, #68]	@ 0x44
1000481c:	4a0e      	ldr	r2, [pc, #56]	@ (10004858 <xTaskPriorityDisinherit+0x64>)
1000481e:	f1c3 0006 	rsb	r0, r3, #6
10004822:	61a0      	str	r0, [r4, #24]
10004824:	2001      	movs	r0, #1
10004826:	6811      	ldr	r1, [r2, #0]
10004828:	62e3      	str	r3, [r4, #44]	@ 0x2c
1000482a:	428b      	cmp	r3, r1
1000482c:	bf88      	it	hi
1000482e:	6013      	strhi	r3, [r2, #0]
10004830:	4a0a      	ldr	r2, [pc, #40]	@ (1000485c <xTaskPriorityDisinherit+0x68>)
10004832:	eb03 0383 	add.w	r3, r3, r3, lsl #2
10004836:	ea4f 0c83 	mov.w	ip, r3, lsl #2
1000483a:	eb02 0383 	add.w	r3, r2, r3, lsl #2
1000483e:	685d      	ldr	r5, [r3, #4]
10004840:	f852 100c 	ldr.w	r1, [r2, ip]
10004844:	68af      	ldr	r7, [r5, #8]
10004846:	4401      	add	r1, r0
10004848:	60a5      	str	r5, [r4, #8]
1000484a:	60e7      	str	r7, [r4, #12]
1000484c:	607e      	str	r6, [r7, #4]
1000484e:	60ae      	str	r6, [r5, #8]
10004850:	6163      	str	r3, [r4, #20]
10004852:	f842 100c 	str.w	r1, [r2, ip]
10004856:	bdf8      	pop	{r3, r4, r5, r6, r7, pc}
10004858:	20001358 	.word	0x20001358
1000485c:	200012c4 	.word	0x200012c4

10004860 <vTaskPriorityDisinheritAfterTimeout>:
10004860:	b160      	cbz	r0, 1000487c <vTaskPriorityDisinheritAfterTimeout+0x1c>
10004862:	6c42      	ldr	r2, [r0, #68]	@ 0x44
10004864:	b5f8      	push	{r3, r4, r5, r6, r7, lr}
10004866:	4291      	cmp	r1, r2
10004868:	bf38      	it	cc
1000486a:	4611      	movcc	r1, r2
1000486c:	6ac3      	ldr	r3, [r0, #44]	@ 0x2c
1000486e:	4604      	mov	r4, r0
10004870:	428b      	cmp	r3, r1
10004872:	d002      	beq.n	1000487a <vTaskPriorityDisinheritAfterTimeout+0x1a>
10004874:	6c82      	ldr	r2, [r0, #72]	@ 0x48
10004876:	2a01      	cmp	r2, #1
10004878:	d001      	beq.n	1000487e <vTaskPriorityDisinheritAfterTimeout+0x1e>
1000487a:	bdf8      	pop	{r3, r4, r5, r6, r7, pc}
1000487c:	4770      	bx	lr
1000487e:	6982      	ldr	r2, [r0, #24]
10004880:	4d13      	ldr	r5, [pc, #76]	@ (100048d0 <vTaskPriorityDisinheritAfterTimeout+0x70>)
10004882:	2a00      	cmp	r2, #0
10004884:	eb03 0383 	add.w	r3, r3, r3, lsl #2
10004888:	6942      	ldr	r2, [r0, #20]
1000488a:	62c1      	str	r1, [r0, #44]	@ 0x2c
1000488c:	eb05 0383 	add.w	r3, r5, r3, lsl #2
10004890:	bfa4      	itt	ge
10004892:	f1c1 0106 	rsbge	r1, r1, #6
10004896:	6181      	strge	r1, [r0, #24]
10004898:	429a      	cmp	r2, r3
1000489a:	d1ee      	bne.n	1000487a <vTaskPriorityDisinheritAfterTimeout+0x1a>
1000489c:	1d06      	adds	r6, r0, #4
1000489e:	4630      	mov	r0, r6
100048a0:	f000 fc16 	bl	100050d0 <uxListRemove>
100048a4:	4a0b      	ldr	r2, [pc, #44]	@ (100048d4 <vTaskPriorityDisinheritAfterTimeout+0x74>)
100048a6:	6ae3      	ldr	r3, [r4, #44]	@ 0x2c
100048a8:	6811      	ldr	r1, [r2, #0]
100048aa:	428b      	cmp	r3, r1
100048ac:	bf88      	it	hi
100048ae:	6013      	strhi	r3, [r2, #0]
100048b0:	eb03 0383 	add.w	r3, r3, r3, lsl #2
100048b4:	0098      	lsls	r0, r3, #2
100048b6:	eb05 0383 	add.w	r3, r5, r3, lsl #2
100048ba:	6859      	ldr	r1, [r3, #4]
100048bc:	582a      	ldr	r2, [r5, r0]
100048be:	688f      	ldr	r7, [r1, #8]
100048c0:	3201      	adds	r2, #1
100048c2:	60a1      	str	r1, [r4, #8]
100048c4:	60e7      	str	r7, [r4, #12]
100048c6:	607e      	str	r6, [r7, #4]
100048c8:	608e      	str	r6, [r1, #8]
100048ca:	6163      	str	r3, [r4, #20]
100048cc:	502a      	str	r2, [r5, r0]
100048ce:	bdf8      	pop	{r3, r4, r5, r6, r7, pc}
100048d0:	200012c4 	.word	0x200012c4
100048d4:	20001358 	.word	0x20001358

100048d8 <pvTaskIncrementMutexHeldCount>:
100048d8:	4b03      	ldr	r3, [pc, #12]	@ (100048e8 <pvTaskIncrementMutexHeldCount+0x10>)
100048da:	6818      	ldr	r0, [r3, #0]
100048dc:	b110      	cbz	r0, 100048e4 <pvTaskIncrementMutexHeldCount+0xc>
100048de:	6c83      	ldr	r3, [r0, #72]	@ 0x48
100048e0:	3301      	adds	r3, #1
100048e2:	6483      	str	r3, [r0, #72]	@ 0x48
100048e4:	4770      	bx	lr
100048e6:	bf00      	nop
100048e8:	200012b0 	.word	0x200012b0

100048ec <prvTimerTask>:
100048ec:	e92d 4ff0 	stmdb	sp!, {r4, r5, r6, r7, r8, r9, sl, fp, lr}
100048f0:	4fb7      	ldr	r7, [pc, #732]	@ (10004bd0 <prvTimerTask+0x2e4>)
100048f2:	f8df b2e4 	ldr.w	fp, [pc, #740]	@ 10004bd8 <prvTimerTask+0x2ec>
100048f6:	f8df 82e4 	ldr.w	r8, [pc, #740]	@ 10004bdc <prvTimerTask+0x2f0>
100048fa:	4db6      	ldr	r5, [pc, #728]	@ (10004bd4 <prvTimerTask+0x2e8>)
100048fc:	b087      	sub	sp, #28
100048fe:	683b      	ldr	r3, [r7, #0]
10004900:	681c      	ldr	r4, [r3, #0]
10004902:	2c00      	cmp	r4, #0
10004904:	f040 811d 	bne.w	10004b42 <prvTimerTask+0x256>
10004908:	f7ff fc5e 	bl	100041c8 <vTaskSuspendAll>
1000490c:	f7ff fd66 	bl	100043dc <xTaskGetTickCount>
10004910:	f8db 3000 	ldr.w	r3, [fp]
10004914:	4681      	mov	r9, r0
10004916:	4283      	cmp	r3, r0
10004918:	d848      	bhi.n	100049ac <prvTimerTask+0xc0>
1000491a:	f8d8 3000 	ldr.w	r3, [r8]
1000491e:	f8cb 0000 	str.w	r0, [fp]
10004922:	681a      	ldr	r2, [r3, #0]
10004924:	fab2 f282 	clz	r2, r2
10004928:	0952      	lsrs	r2, r2, #5
1000492a:	6828      	ldr	r0, [r5, #0]
1000492c:	eba4 0109 	sub.w	r1, r4, r9
10004930:	f7ff f93e 	bl	10003bb0 <vQueueWaitForMessageRestricted>
10004934:	f7ff fc50 	bl	100041d8 <xTaskResumeAll>
10004938:	2800      	cmp	r0, #0
1000493a:	f000 8124 	beq.w	10004b86 <prvTimerTask+0x29a>
1000493e:	2300      	movs	r3, #0
10004940:	e9cd 3302 	strd	r3, r3, [sp, #8]
10004944:	e9cd 3304 	strd	r3, r3, [sp, #16]
10004948:	2200      	movs	r2, #0
1000494a:	6828      	ldr	r0, [r5, #0]
1000494c:	a902      	add	r1, sp, #8
1000494e:	f7fe fdcb 	bl	100034e8 <xQueueReceive>
10004952:	2800      	cmp	r0, #0
10004954:	d0d3      	beq.n	100048fe <prvTimerTask+0x12>
10004956:	9b02      	ldr	r3, [sp, #8]
10004958:	9804      	ldr	r0, [sp, #16]
1000495a:	2b00      	cmp	r3, #0
1000495c:	f2c0 80e9 	blt.w	10004b32 <prvTimerTask+0x246>
10004960:	f8dd a010 	ldr.w	sl, [sp, #16]
10004964:	f8da 3014 	ldr.w	r3, [sl, #20]
10004968:	b11b      	cbz	r3, 10004972 <prvTimerTask+0x86>
1000496a:	f10a 0004 	add.w	r0, sl, #4
1000496e:	f000 fbaf 	bl	100050d0 <uxListRemove>
10004972:	f7ff fd33 	bl	100043dc <xTaskGetTickCount>
10004976:	f8db 3000 	ldr.w	r3, [fp]
1000497a:	9001      	str	r0, [sp, #4]
1000497c:	4298      	cmp	r0, r3
1000497e:	d343      	bcc.n	10004a08 <prvTimerTask+0x11c>
10004980:	e9dd 2301 	ldrd	r2, r3, [sp, #4]
10004984:	3b01      	subs	r3, #1
10004986:	f8cb 2000 	str.w	r2, [fp]
1000498a:	2b08      	cmp	r3, #8
1000498c:	d8dc      	bhi.n	10004948 <prvTimerTask+0x5c>
1000498e:	e8df f003 	tbb	[pc, r3]
10004992:	6161      	.short	0x6161
10004994:	61c7a5c0 	.word	0x61c7a5c0
10004998:	c061      	.short	0xc061
1000499a:	a5          	.byte	0xa5
1000499b:	00          	.byte	0x00
1000499c:	f022 0201 	bic.w	r2, r2, #1
100049a0:	f88a 2024 	strb.w	r2, [sl, #36]	@ 0x24
100049a4:	4650      	mov	r0, sl
100049a6:	f8da 3020 	ldr.w	r3, [sl, #32]
100049aa:	4798      	blx	r3
100049ac:	683b      	ldr	r3, [r7, #0]
100049ae:	681a      	ldr	r2, [r3, #0]
100049b0:	2a00      	cmp	r2, #0
100049b2:	f000 80d8 	beq.w	10004b66 <prvTimerTask+0x27a>
100049b6:	68da      	ldr	r2, [r3, #12]
100049b8:	f8d2 a00c 	ldr.w	sl, [r2, #12]
100049bc:	6814      	ldr	r4, [r2, #0]
100049be:	f10a 0604 	add.w	r6, sl, #4
100049c2:	4630      	mov	r0, r6
100049c4:	f000 fb84 	bl	100050d0 <uxListRemove>
100049c8:	f89a 2024 	ldrb.w	r2, [sl, #36]	@ 0x24
100049cc:	0751      	lsls	r1, r2, #29
100049ce:	d5e5      	bpl.n	1000499c <prvTimerTask+0xb0>
100049d0:	e003      	b.n	100049da <prvTimerTask+0xee>
100049d2:	4650      	mov	r0, sl
100049d4:	f8da 2020 	ldr.w	r2, [sl, #32]
100049d8:	4790      	blx	r2
100049da:	f8da 2018 	ldr.w	r2, [sl, #24]
100049de:	f8ca a010 	str.w	sl, [sl, #16]
100049e2:	1911      	adds	r1, r2, r4
100049e4:	18a4      	adds	r4, r4, r2
100049e6:	f8ca 1004 	str.w	r1, [sl, #4]
100049ea:	d3f2      	bcc.n	100049d2 <prvTimerTask+0xe6>
100049ec:	4631      	mov	r1, r6
100049ee:	f8d8 0000 	ldr.w	r0, [r8]
100049f2:	f000 fb55 	bl	100050a0 <vListInsert>
100049f6:	e7d5      	b.n	100049a4 <prvTimerTask+0xb8>
100049f8:	f021 0101 	bic.w	r1, r1, #1
100049fc:	f889 1024 	strb.w	r1, [r9, #36]	@ 0x24
10004a00:	4648      	mov	r0, r9
10004a02:	f8d9 3020 	ldr.w	r3, [r9, #32]
10004a06:	4798      	blx	r3
10004a08:	683b      	ldr	r3, [r7, #0]
10004a0a:	6819      	ldr	r1, [r3, #0]
10004a0c:	2900      	cmp	r1, #0
10004a0e:	f000 80b4 	beq.w	10004b7a <prvTimerTask+0x28e>
10004a12:	68d9      	ldr	r1, [r3, #12]
10004a14:	f8d1 900c 	ldr.w	r9, [r1, #12]
10004a18:	680c      	ldr	r4, [r1, #0]
10004a1a:	f109 0604 	add.w	r6, r9, #4
10004a1e:	4630      	mov	r0, r6
10004a20:	f000 fb56 	bl	100050d0 <uxListRemove>
10004a24:	f899 1024 	ldrb.w	r1, [r9, #36]	@ 0x24
10004a28:	0748      	lsls	r0, r1, #29
10004a2a:	d5e5      	bpl.n	100049f8 <prvTimerTask+0x10c>
10004a2c:	e003      	b.n	10004a36 <prvTimerTask+0x14a>
10004a2e:	4648      	mov	r0, r9
10004a30:	f8d9 1020 	ldr.w	r1, [r9, #32]
10004a34:	4788      	blx	r1
10004a36:	f8d9 1018 	ldr.w	r1, [r9, #24]
10004a3a:	f8c9 9010 	str.w	r9, [r9, #16]
10004a3e:	1908      	adds	r0, r1, r4
10004a40:	1864      	adds	r4, r4, r1
10004a42:	f8c9 0004 	str.w	r0, [r9, #4]
10004a46:	d3f2      	bcc.n	10004a2e <prvTimerTask+0x142>
10004a48:	4631      	mov	r1, r6
10004a4a:	f8d8 0000 	ldr.w	r0, [r8]
10004a4e:	f000 fb27 	bl	100050a0 <vListInsert>
10004a52:	e7d5      	b.n	10004a00 <prvTimerTask+0x114>
10004a54:	f89a 0024 	ldrb.w	r0, [sl, #36]	@ 0x24
10004a58:	9903      	ldr	r1, [sp, #12]
10004a5a:	f8da 4018 	ldr.w	r4, [sl, #24]
10004a5e:	9a01      	ldr	r2, [sp, #4]
10004a60:	190b      	adds	r3, r1, r4
10004a62:	f040 0601 	orr.w	r6, r0, #1
10004a66:	f88a 6024 	strb.w	r6, [sl, #36]	@ 0x24
10004a6a:	bf2c      	ite	cs
10004a6c:	2601      	movcs	r6, #1
10004a6e:	2600      	movcc	r6, #0
10004a70:	4293      	cmp	r3, r2
10004a72:	f8ca 3004 	str.w	r3, [sl, #4]
10004a76:	f8ca a010 	str.w	sl, [sl, #16]
10004a7a:	f200 8087 	bhi.w	10004b8c <prvTimerTask+0x2a0>
10004a7e:	1a51      	subs	r1, r2, r1
10004a80:	428c      	cmp	r4, r1
10004a82:	d83f      	bhi.n	10004b04 <prvTimerTask+0x218>
10004a84:	0741      	lsls	r1, r0, #29
10004a86:	d412      	bmi.n	10004aae <prvTimerTask+0x1c2>
10004a88:	f020 0001 	bic.w	r0, r0, #1
10004a8c:	f88a 0024 	strb.w	r0, [sl, #36]	@ 0x24
10004a90:	4650      	mov	r0, sl
10004a92:	f8da 3020 	ldr.w	r3, [sl, #32]
10004a96:	4798      	blx	r3
10004a98:	e756      	b.n	10004948 <prvTimerTask+0x5c>
10004a9a:	428c      	cmp	r4, r1
10004a9c:	f200 80c6 	bhi.w	10004c2c <prvTimerTask+0x340>
10004aa0:	f8da 3020 	ldr.w	r3, [sl, #32]
10004aa4:	4650      	mov	r0, sl
10004aa6:	4798      	blx	r3
10004aa8:	4633      	mov	r3, r6
10004aaa:	f8da 4018 	ldr.w	r4, [sl, #24]
10004aae:	9a01      	ldr	r2, [sp, #4]
10004ab0:	18e6      	adds	r6, r4, r3
10004ab2:	bf2c      	ite	cs
10004ab4:	2001      	movcs	r0, #1
10004ab6:	2000      	movcc	r0, #0
10004ab8:	42b2      	cmp	r2, r6
10004aba:	eba2 0103 	sub.w	r1, r2, r3
10004abe:	f8ca 6004 	str.w	r6, [sl, #4]
10004ac2:	f8ca a010 	str.w	sl, [sl, #16]
10004ac6:	d2e8      	bcs.n	10004a9a <prvTimerTask+0x1ae>
10004ac8:	429a      	cmp	r2, r3
10004aca:	d201      	bcs.n	10004ad0 <prvTimerTask+0x1e4>
10004acc:	2800      	cmp	r0, #0
10004ace:	d0e7      	beq.n	10004aa0 <prvTimerTask+0x1b4>
10004ad0:	6838      	ldr	r0, [r7, #0]
10004ad2:	f10a 0104 	add.w	r1, sl, #4
10004ad6:	f000 fae3 	bl	100050a0 <vListInsert>
10004ada:	e7d9      	b.n	10004a90 <prvTimerTask+0x1a4>
10004adc:	9903      	ldr	r1, [sp, #12]
10004ade:	9a01      	ldr	r2, [sp, #4]
10004ae0:	f89a 3024 	ldrb.w	r3, [sl, #36]	@ 0x24
10004ae4:	1888      	adds	r0, r1, r2
10004ae6:	f043 0301 	orr.w	r3, r3, #1
10004aea:	4290      	cmp	r0, r2
10004aec:	f88a 3024 	strb.w	r3, [sl, #36]	@ 0x24
10004af0:	f8ca 1018 	str.w	r1, [sl, #24]
10004af4:	f8ca 0004 	str.w	r0, [sl, #4]
10004af8:	f8ca a010 	str.w	sl, [sl, #16]
10004afc:	d84b      	bhi.n	10004b96 <prvTimerTask+0x2aa>
10004afe:	2900      	cmp	r1, #0
10004b00:	f43f af22 	beq.w	10004948 <prvTimerTask+0x5c>
10004b04:	f8d8 0000 	ldr.w	r0, [r8]
10004b08:	f10a 0104 	add.w	r1, sl, #4
10004b0c:	f000 fac8 	bl	100050a0 <vListInsert>
10004b10:	e71a      	b.n	10004948 <prvTimerTask+0x5c>
10004b12:	f89a 3024 	ldrb.w	r3, [sl, #36]	@ 0x24
10004b16:	f023 0301 	bic.w	r3, r3, #1
10004b1a:	f88a 3024 	strb.w	r3, [sl, #36]	@ 0x24
10004b1e:	e713      	b.n	10004948 <prvTimerTask+0x5c>
10004b20:	f89a 3024 	ldrb.w	r3, [sl, #36]	@ 0x24
10004b24:	079a      	lsls	r2, r3, #30
10004b26:	d577      	bpl.n	10004c18 <prvTimerTask+0x32c>
10004b28:	f023 0301 	bic.w	r3, r3, #1
10004b2c:	f88a 3024 	strb.w	r3, [sl, #36]	@ 0x24
10004b30:	e70a      	b.n	10004948 <prvTimerTask+0x5c>
10004b32:	9b03      	ldr	r3, [sp, #12]
10004b34:	9905      	ldr	r1, [sp, #20]
10004b36:	4798      	blx	r3
10004b38:	9b02      	ldr	r3, [sp, #8]
10004b3a:	2b00      	cmp	r3, #0
10004b3c:	f6ff af04 	blt.w	10004948 <prvTimerTask+0x5c>
10004b40:	e70e      	b.n	10004960 <prvTimerTask+0x74>
10004b42:	68db      	ldr	r3, [r3, #12]
10004b44:	681c      	ldr	r4, [r3, #0]
10004b46:	f7ff fb3f 	bl	100041c8 <vTaskSuspendAll>
10004b4a:	f7ff fc47 	bl	100043dc <xTaskGetTickCount>
10004b4e:	f8db 3000 	ldr.w	r3, [fp]
10004b52:	4681      	mov	r9, r0
10004b54:	4283      	cmp	r3, r0
10004b56:	f63f af29 	bhi.w	100049ac <prvTimerTask+0xc0>
10004b5a:	4284      	cmp	r4, r0
10004b5c:	f8cb 0000 	str.w	r0, [fp]
10004b60:	d91f      	bls.n	10004ba2 <prvTimerTask+0x2b6>
10004b62:	2200      	movs	r2, #0
10004b64:	e6e1      	b.n	1000492a <prvTimerTask+0x3e>
10004b66:	f8d8 2000 	ldr.w	r2, [r8]
10004b6a:	f8cb 9000 	str.w	r9, [fp]
10004b6e:	603a      	str	r2, [r7, #0]
10004b70:	f8c8 3000 	str.w	r3, [r8]
10004b74:	f7ff fb30 	bl	100041d8 <xTaskResumeAll>
10004b78:	e6e1      	b.n	1000493e <prvTimerTask+0x52>
10004b7a:	f8d8 1000 	ldr.w	r1, [r8]
10004b7e:	f8c8 3000 	str.w	r3, [r8]
10004b82:	6039      	str	r1, [r7, #0]
10004b84:	e6fc      	b.n	10004980 <prvTimerTask+0x94>
10004b86:	f000 f8e9 	bl	10004d5c <vPortYield>
10004b8a:	e6d8      	b.n	1000493e <prvTimerTask+0x52>
10004b8c:	4291      	cmp	r1, r2
10004b8e:	d902      	bls.n	10004b96 <prvTimerTask+0x2aa>
10004b90:	2e00      	cmp	r6, #0
10004b92:	f43f af77 	beq.w	10004a84 <prvTimerTask+0x198>
10004b96:	6838      	ldr	r0, [r7, #0]
10004b98:	f10a 0104 	add.w	r1, sl, #4
10004b9c:	f000 fa80 	bl	100050a0 <vListInsert>
10004ba0:	e6d2      	b.n	10004948 <prvTimerTask+0x5c>
10004ba2:	f7ff fb19 	bl	100041d8 <xTaskResumeAll>
10004ba6:	683b      	ldr	r3, [r7, #0]
10004ba8:	68db      	ldr	r3, [r3, #12]
10004baa:	68de      	ldr	r6, [r3, #12]
10004bac:	1d33      	adds	r3, r6, #4
10004bae:	4618      	mov	r0, r3
10004bb0:	9301      	str	r3, [sp, #4]
10004bb2:	f000 fa8d 	bl	100050d0 <uxListRemove>
10004bb6:	f896 2024 	ldrb.w	r2, [r6, #36]	@ 0x24
10004bba:	0753      	lsls	r3, r2, #29
10004bbc:	d416      	bmi.n	10004bec <prvTimerTask+0x300>
10004bbe:	f022 0201 	bic.w	r2, r2, #1
10004bc2:	f886 2024 	strb.w	r2, [r6, #36]	@ 0x24
10004bc6:	4630      	mov	r0, r6
10004bc8:	6a33      	ldr	r3, [r6, #32]
10004bca:	4798      	blx	r3
10004bcc:	e6b7      	b.n	1000493e <prvTimerTask+0x52>
10004bce:	bf00      	nop
10004bd0:	200012b4 	.word	0x200012b4
10004bd4:	20001408 	.word	0x20001408
10004bd8:	200013b4 	.word	0x200013b4
10004bdc:	200012c0 	.word	0x200012c0
10004be0:	4281      	cmp	r1, r0
10004be2:	d81d      	bhi.n	10004c20 <prvTimerTask+0x334>
10004be4:	4630      	mov	r0, r6
10004be6:	6a31      	ldr	r1, [r6, #32]
10004be8:	4788      	blx	r1
10004bea:	4654      	mov	r4, sl
10004bec:	69b1      	ldr	r1, [r6, #24]
10004bee:	eba9 0004 	sub.w	r0, r9, r4
10004bf2:	eb14 0a01 	adds.w	sl, r4, r1
10004bf6:	bf2c      	ite	cs
10004bf8:	2301      	movcs	r3, #1
10004bfa:	2300      	movcc	r3, #0
10004bfc:	45ca      	cmp	sl, r9
10004bfe:	f8c6 a004 	str.w	sl, [r6, #4]
10004c02:	6136      	str	r6, [r6, #16]
10004c04:	d9ec      	bls.n	10004be0 <prvTimerTask+0x2f4>
10004c06:	454c      	cmp	r4, r9
10004c08:	d901      	bls.n	10004c0e <prvTimerTask+0x322>
10004c0a:	2b00      	cmp	r3, #0
10004c0c:	d0ea      	beq.n	10004be4 <prvTimerTask+0x2f8>
10004c0e:	9901      	ldr	r1, [sp, #4]
10004c10:	6838      	ldr	r0, [r7, #0]
10004c12:	f000 fa45 	bl	100050a0 <vListInsert>
10004c16:	e7d6      	b.n	10004bc6 <prvTimerTask+0x2da>
10004c18:	4650      	mov	r0, sl
10004c1a:	f000 f85d 	bl	10004cd8 <vPortFree>
10004c1e:	e693      	b.n	10004948 <prvTimerTask+0x5c>
10004c20:	9901      	ldr	r1, [sp, #4]
10004c22:	f8d8 0000 	ldr.w	r0, [r8]
10004c26:	f000 fa3b 	bl	100050a0 <vListInsert>
10004c2a:	e7cc      	b.n	10004bc6 <prvTimerTask+0x2da>
10004c2c:	f8d8 0000 	ldr.w	r0, [r8]
10004c30:	f10a 0104 	add.w	r1, sl, #4
10004c34:	f000 fa34 	bl	100050a0 <vListInsert>
10004c38:	e72a      	b.n	10004a90 <prvTimerTask+0x1a4>
10004c3a:	bf00      	nop

10004c3c <xTimerCreateTimerTask>:
10004c3c:	b5f0      	push	{r4, r5, r6, r7, lr}
10004c3e:	4c17      	ldr	r4, [pc, #92]	@ (10004c9c <xTimerCreateTimerTask+0x60>)
10004c40:	b083      	sub	sp, #12
10004c42:	f000 f897 	bl	10004d74 <vPortEnterCritical>
10004c46:	6825      	ldr	r5, [r4, #0]
10004c48:	b17d      	cbz	r5, 10004c6a <xTimerCreateTimerTask+0x2e>
10004c4a:	f000 f8a1 	bl	10004d90 <vPortExitCritical>
10004c4e:	6820      	ldr	r0, [r4, #0]
10004c50:	b148      	cbz	r0, 10004c66 <xTimerCreateTimerTask+0x2a>
10004c52:	2403      	movs	r4, #3
10004c54:	4812      	ldr	r0, [pc, #72]	@ (10004ca0 <xTimerCreateTimerTask+0x64>)
10004c56:	2300      	movs	r3, #0
10004c58:	9001      	str	r0, [sp, #4]
10004c5a:	2280      	movs	r2, #128	@ 0x80
10004c5c:	4911      	ldr	r1, [pc, #68]	@ (10004ca4 <xTimerCreateTimerTask+0x68>)
10004c5e:	4812      	ldr	r0, [pc, #72]	@ (10004ca8 <xTimerCreateTimerTask+0x6c>)
10004c60:	9400      	str	r4, [sp, #0]
10004c62:	f7ff f971 	bl	10003f48 <xTaskCreate>
10004c66:	b003      	add	sp, #12
10004c68:	bdf0      	pop	{r4, r5, r6, r7, pc}
10004c6a:	4e10      	ldr	r6, [pc, #64]	@ (10004cac <xTimerCreateTimerTask+0x70>)
10004c6c:	4f10      	ldr	r7, [pc, #64]	@ (10004cb0 <xTimerCreateTimerTask+0x74>)
10004c6e:	4630      	mov	r0, r6
10004c70:	f000 f9f8 	bl	10005064 <vListInitialise>
10004c74:	4638      	mov	r0, r7
10004c76:	f000 f9f5 	bl	10005064 <vListInitialise>
10004c7a:	4a0e      	ldr	r2, [pc, #56]	@ (10004cb4 <xTimerCreateTimerTask+0x78>)
10004c7c:	4b0e      	ldr	r3, [pc, #56]	@ (10004cb8 <xTimerCreateTimerTask+0x7c>)
10004c7e:	6017      	str	r7, [r2, #0]
10004c80:	2110      	movs	r1, #16
10004c82:	462a      	mov	r2, r5
10004c84:	200a      	movs	r0, #10
10004c86:	601e      	str	r6, [r3, #0]
10004c88:	f7fe fa7e 	bl	10003188 <xQueueGenericCreate>
10004c8c:	6020      	str	r0, [r4, #0]
10004c8e:	2800      	cmp	r0, #0
10004c90:	d0db      	beq.n	10004c4a <xTimerCreateTimerTask+0xe>
10004c92:	490a      	ldr	r1, [pc, #40]	@ (10004cbc <xTimerCreateTimerTask+0x80>)
10004c94:	f7fe fecc 	bl	10003a30 <vQueueAddToRegistry>
10004c98:	e7d7      	b.n	10004c4a <xTimerCreateTimerTask+0xe>
10004c9a:	bf00      	nop
10004c9c:	20001408 	.word	0x20001408
10004ca0:	2000140c 	.word	0x2000140c
10004ca4:	100060c8 	.word	0x100060c8
10004ca8:	100048ed 	.word	0x100048ed
10004cac:	2000135c 	.word	0x2000135c
10004cb0:	20001370 	.word	0x20001370
10004cb4:	200012c0 	.word	0x200012c0
10004cb8:	200012b4 	.word	0x200012b4
10004cbc:	100060c0 	.word	0x100060c0

10004cc0 <pvPortMalloc>:
10004cc0:	b510      	push	{r4, lr}
10004cc2:	4604      	mov	r4, r0
10004cc4:	f7ff fa80 	bl	100041c8 <vTaskSuspendAll>
10004cc8:	4620      	mov	r0, r4
10004cca:	f7fc fbf9 	bl	100014c0 <__wrap_malloc>
10004cce:	4604      	mov	r4, r0
10004cd0:	f7ff fa82 	bl	100041d8 <xTaskResumeAll>
10004cd4:	4620      	mov	r0, r4
10004cd6:	bd10      	pop	{r4, pc}

10004cd8 <vPortFree>:
10004cd8:	b150      	cbz	r0, 10004cf0 <vPortFree+0x18>
10004cda:	b510      	push	{r4, lr}
10004cdc:	4604      	mov	r4, r0
10004cde:	f7ff fa73 	bl	100041c8 <vTaskSuspendAll>
10004ce2:	4620      	mov	r0, r4
10004ce4:	f7fc fbfe 	bl	100014e4 <__wrap_free>
10004ce8:	e8bd 4010 	ldmia.w	sp!, {r4, lr}
10004cec:	f7ff ba74 	b.w	100041d8 <xTaskResumeAll>
10004cf0:	4770      	bx	lr
10004cf2:	bf00      	nop

10004cf4 <prvTaskExitError>:
10004cf4:	2300      	movs	r3, #0
10004cf6:	b500      	push	{lr}
10004cf8:	b083      	sub	sp, #12
10004cfa:	9301      	str	r3, [sp, #4]
10004cfc:	f000 f944 	bl	10004f88 <ulSetInterruptMask>
10004d00:	9b01      	ldr	r3, [sp, #4]
10004d02:	2b00      	cmp	r3, #0
10004d04:	d0fc      	beq.n	10004d00 <prvTaskExitError+0xc>
10004d06:	b003      	add	sp, #12
10004d08:	f85d fb04 	ldr.w	pc, [sp], #4

10004d0c <isr_systick>:
10004d0c:	b510      	push	{r4, lr}
10004d0e:	f000 f93b 	bl	10004f88 <ulSetInterruptMask>
10004d12:	4604      	mov	r4, r0
10004d14:	f7ff fb68 	bl	100043e8 <xTaskIncrementTick>
10004d18:	b128      	cbz	r0, 10004d26 <isr_systick+0x1a>
10004d1a:	f04f 23e0 	mov.w	r3, #3758153728	@ 0xe000e000
10004d1e:	f04f 5280 	mov.w	r2, #268435456	@ 0x10000000
10004d22:	f8c3 2d04 	str.w	r2, [r3, #3332]	@ 0xd04
10004d26:	4620      	mov	r0, r4
10004d28:	e8bd 4010 	ldmia.w	sp!, {r4, lr}
10004d2c:	f000 b938 	b.w	10004fa0 <vClearInterruptMask>

10004d30 <vPortSetupTimerInterrupt>:
10004d30:	b510      	push	{r4, lr}
10004d32:	2204      	movs	r2, #4
10004d34:	f04f 24e0 	mov.w	r4, #3758153728	@ 0xe000e000
10004d38:	2300      	movs	r3, #0
10004d3a:	6122      	str	r2, [r4, #16]
10004d3c:	2005      	movs	r0, #5
10004d3e:	61a3      	str	r3, [r4, #24]
10004d40:	f7fc f8c6 	bl	10000ed0 <clock_get_hz>
10004d44:	2107      	movs	r1, #7
10004d46:	4b04      	ldr	r3, [pc, #16]	@ (10004d58 <vPortSetupTimerInterrupt+0x28>)
10004d48:	fba3 2300 	umull	r2, r3, r3, r0
10004d4c:	099b      	lsrs	r3, r3, #6
10004d4e:	3b01      	subs	r3, #1
10004d50:	6163      	str	r3, [r4, #20]
10004d52:	6121      	str	r1, [r4, #16]
10004d54:	bd10      	pop	{r4, pc}
10004d56:	bf00      	nop
10004d58:	10624dd3 	.word	0x10624dd3

10004d5c <vPortYield>:
10004d5c:	f04f 23e0 	mov.w	r3, #3758153728	@ 0xe000e000
10004d60:	f04f 5280 	mov.w	r2, #268435456	@ 0x10000000
10004d64:	f8c3 2d04 	str.w	r2, [r3, #3332]	@ 0xd04
10004d68:	f3bf 8f4f 	dsb	sy
10004d6c:	f3bf 8f6f 	isb	sy
10004d70:	4770      	bx	lr
10004d72:	bf00      	nop

10004d74 <vPortEnterCritical>:
10004d74:	b508      	push	{r3, lr}
10004d76:	f000 f907 	bl	10004f88 <ulSetInterruptMask>
10004d7a:	4a04      	ldr	r2, [pc, #16]	@ (10004d8c <vPortEnterCritical+0x18>)
10004d7c:	6813      	ldr	r3, [r2, #0]
10004d7e:	3301      	adds	r3, #1
10004d80:	6013      	str	r3, [r2, #0]
10004d82:	f3bf 8f4f 	dsb	sy
10004d86:	f3bf 8f6f 	isb	sy
10004d8a:	bd08      	pop	{r3, pc}
10004d8c:	20000948 	.word	0x20000948

10004d90 <vPortExitCritical>:
10004d90:	4b04      	ldr	r3, [pc, #16]	@ (10004da4 <vPortExitCritical+0x14>)
10004d92:	681a      	ldr	r2, [r3, #0]
10004d94:	3a01      	subs	r2, #1
10004d96:	601a      	str	r2, [r3, #0]
10004d98:	6818      	ldr	r0, [r3, #0]
10004d9a:	b100      	cbz	r0, 10004d9e <vPortExitCritical+0xe>
10004d9c:	4770      	bx	lr
10004d9e:	f000 b8ff 	b.w	10004fa0 <vClearInterruptMask>
10004da2:	bf00      	nop
10004da4:	20000948 	.word	0x20000948

10004da8 <vPortSVCHandler_C>:
10004da8:	6983      	ldr	r3, [r0, #24]
10004daa:	f813 3c02 	ldrb.w	r3, [r3, #-2]
10004dae:	2b66      	cmp	r3, #102	@ 0x66
10004db0:	d000      	beq.n	10004db4 <vPortSVCHandler_C+0xc>
10004db2:	4770      	bx	lr
10004db4:	f04f 23e0 	mov.w	r3, #3758153728	@ 0xe000e000
10004db8:	f8d3 2d88 	ldr.w	r2, [r3, #3464]	@ 0xd88
10004dbc:	f442 0270 	orr.w	r2, r2, #15728640	@ 0xf00000
10004dc0:	f8c3 2d88 	str.w	r2, [r3, #3464]	@ 0xd88
10004dc4:	f8d3 2f34 	ldr.w	r2, [r3, #3892]	@ 0xf34
10004dc8:	f042 4240 	orr.w	r2, r2, #3221225472	@ 0xc0000000
10004dcc:	f8c3 2f34 	str.w	r2, [r3, #3892]	@ 0xf34
10004dd0:	f000 b8bc 	b.w	10004f4c <vRestoreContextOfFirstTask>

10004dd4 <pxPortInitialiseStack>:
10004dd4:	e92d 4ff0 	stmdb	sp!, {r4, r5, r6, r7, r8, r9, sl, fp, lr}
10004dd8:	f04f 3e11 	mov.w	lr, #286331153	@ 0x11111111
10004ddc:	f04f 7480 	mov.w	r4, #16777216	@ 0x1000000
10004de0:	e940 e309 	strd	lr, r3, [r0, #-36]	@ 0x24
10004de4:	f04f 3307 	mov.w	r3, #117901063	@ 0x7070707
10004de8:	f840 4c04 	str.w	r4, [r0, #-4]
10004dec:	4c16      	ldr	r4, [pc, #88]	@ (10004e48 <pxPortInitialiseStack+0x74>)
10004dee:	f840 3c34 	str.w	r3, [r0, #-52]
10004df2:	e940 4203 	strd	r4, r2, [r0, #-12]
10004df6:	f04f 3305 	mov.w	r3, #84215045	@ 0x5050505
10004dfa:	f04f 3206 	mov.w	r2, #101058054	@ 0x6060606
10004dfe:	f04f 3b12 	mov.w	fp, #303174162	@ 0x12121212
10004e02:	e940 320f 	strd	r3, r2, [r0, #-60]	@ 0x3c
10004e06:	f04f 3a03 	mov.w	sl, #50529027	@ 0x3030303
10004e0a:	f04f 3902 	mov.w	r9, #33686018	@ 0x2020202
10004e0e:	f04f 3801 	mov.w	r8, #16843009	@ 0x1010101
10004e12:	f04f 3710 	mov.w	r7, #269488144	@ 0x10101010
10004e16:	f04f 3609 	mov.w	r6, #151587081	@ 0x9090909
10004e1a:	f04f 3508 	mov.w	r5, #134744072	@ 0x8080808
10004e1e:	f04f 3404 	mov.w	r4, #67372036	@ 0x4040404
10004e22:	f06f 0302 	mvn.w	r3, #2
10004e26:	e940 ab05 	strd	sl, fp, [r0, #-20]
10004e2a:	e940 8907 	strd	r8, r9, [r0, #-28]
10004e2e:	e940 670b 	strd	r6, r7, [r0, #-44]	@ 0x2c
10004e32:	f840 5c30 	str.w	r5, [r0, #-48]
10004e36:	f840 4c40 	str.w	r4, [r0, #-64]
10004e3a:	f840 3c44 	str.w	r3, [r0, #-68]
10004e3e:	f840 1d48 	str.w	r1, [r0, #-72]!
10004e42:	e8bd 8ff0 	ldmia.w	sp!, {r4, r5, r6, r7, r8, r9, sl, fp, pc}
10004e46:	bf00      	nop
10004e48:	10004cf5 	.word	0x10004cf5

10004e4c <xPortStartScheduler>:
10004e4c:	f04f 23e0 	mov.w	r3, #3758153728	@ 0xe000e000
10004e50:	f04f 427f 	mov.w	r2, #4278190080	@ 0xff000000
10004e54:	2100      	movs	r1, #0
10004e56:	b510      	push	{r4, lr}
10004e58:	b084      	sub	sp, #16
10004e5a:	9102      	str	r1, [sp, #8]
10004e5c:	f8c3 2d1c 	str.w	r2, [r3, #3356]	@ 0xd1c
10004e60:	f8d3 3d1c 	ldr.w	r3, [r3, #3356]	@ 0xd1c
10004e64:	0e1b      	lsrs	r3, r3, #24
10004e66:	f88d 3007 	strb.w	r3, [sp, #7]
10004e6a:	f89d 3007 	ldrb.w	r3, [sp, #7]
10004e6e:	f89d 3007 	ldrb.w	r3, [sp, #7]
10004e72:	061a      	lsls	r2, r3, #24
10004e74:	d50c      	bpl.n	10004e90 <xPortStartScheduler+0x44>
10004e76:	9b02      	ldr	r3, [sp, #8]
10004e78:	3301      	adds	r3, #1
10004e7a:	9302      	str	r3, [sp, #8]
10004e7c:	f89d 3007 	ldrb.w	r3, [sp, #7]
10004e80:	005b      	lsls	r3, r3, #1
10004e82:	b2db      	uxtb	r3, r3
10004e84:	f88d 3007 	strb.w	r3, [sp, #7]
10004e88:	f89d 3007 	ldrb.w	r3, [sp, #7]
10004e8c:	061b      	lsls	r3, r3, #24
10004e8e:	d4f2      	bmi.n	10004e76 <xPortStartScheduler+0x2a>
10004e90:	9b02      	ldr	r3, [sp, #8]
10004e92:	2b08      	cmp	r3, #8
10004e94:	d03a      	beq.n	10004f0c <xPortStartScheduler+0xc0>
10004e96:	9a02      	ldr	r2, [sp, #8]
10004e98:	f1c2 0207 	rsb	r2, r2, #7
10004e9c:	0212      	lsls	r2, r2, #8
10004e9e:	f402 62e0 	and.w	r2, r2, #1792	@ 0x700
10004ea2:	f04f 23e0 	mov.w	r3, #3758153728	@ 0xe000e000
10004ea6:	2400      	movs	r4, #0
10004ea8:	4919      	ldr	r1, [pc, #100]	@ (10004f10 <xPortStartScheduler+0xc4>)
10004eaa:	200e      	movs	r0, #14
10004eac:	600a      	str	r2, [r1, #0]
10004eae:	f8d3 2d20 	ldr.w	r2, [r3, #3360]	@ 0xd20
10004eb2:	4918      	ldr	r1, [pc, #96]	@ (10004f14 <xPortStartScheduler+0xc8>)
10004eb4:	f442 027f 	orr.w	r2, r2, #16711680	@ 0xff0000
10004eb8:	f8c3 2d20 	str.w	r2, [r3, #3360]	@ 0xd20
10004ebc:	f8d3 2d20 	ldr.w	r2, [r3, #3360]	@ 0xd20
10004ec0:	f042 427f 	orr.w	r2, r2, #4278190080	@ 0xff000000
10004ec4:	f8c3 2d20 	str.w	r2, [r3, #3360]	@ 0xd20
10004ec8:	f8c3 4d1c 	str.w	r4, [r3, #3356]	@ 0xd1c
10004ecc:	f7fd ffec 	bl	10002ea8 <exception_set_exclusive_handler>
10004ed0:	4911      	ldr	r1, [pc, #68]	@ (10004f18 <xPortStartScheduler+0xcc>)
10004ed2:	200f      	movs	r0, #15
10004ed4:	f7fd ffe8 	bl	10002ea8 <exception_set_exclusive_handler>
10004ed8:	4910      	ldr	r1, [pc, #64]	@ (10004f1c <xPortStartScheduler+0xd0>)
10004eda:	200b      	movs	r0, #11
10004edc:	f7fd ffe4 	bl	10002ea8 <exception_set_exclusive_handler>
10004ee0:	f7ff ff26 	bl	10004d30 <vPortSetupTimerInterrupt>
10004ee4:	f04f 4250 	mov.w	r2, #3489660928	@ 0xd0000000
10004ee8:	490d      	ldr	r1, [pc, #52]	@ (10004f20 <xPortStartScheduler+0xd4>)
10004eea:	4b0e      	ldr	r3, [pc, #56]	@ (10004f24 <xPortStartScheduler+0xd8>)
10004eec:	600c      	str	r4, [r1, #0]
10004eee:	6812      	ldr	r2, [r2, #0]
10004ef0:	701a      	strb	r2, [r3, #0]
10004ef2:	f000 f841 	bl	10004f78 <vStartFirstTask>
10004ef6:	f7ff fa87 	bl	10004408 <vTaskSwitchContext>
10004efa:	9403      	str	r4, [sp, #12]
10004efc:	f000 f844 	bl	10004f88 <ulSetInterruptMask>
10004f00:	9b03      	ldr	r3, [sp, #12]
10004f02:	2b00      	cmp	r3, #0
10004f04:	d0fc      	beq.n	10004f00 <xPortStartScheduler+0xb4>
10004f06:	2000      	movs	r0, #0
10004f08:	b004      	add	sp, #16
10004f0a:	bd10      	pop	{r4, pc}
10004f0c:	2200      	movs	r2, #0
10004f0e:	e7c8      	b.n	10004ea2 <xPortStartScheduler+0x56>
10004f10:	20001344 	.word	0x20001344
10004f14:	10004fb1 	.word	0x10004fb1
10004f18:	10004d0d 	.word	0x10004d0d
10004f1c:	10005031 	.word	0x10005031
10004f20:	20000948 	.word	0x20000948
10004f24:	20000944 	.word	0x20000944

10004f28 <prvRuntimeInitializer>:
10004f28:	b508      	push	{r3, lr}
10004f2a:	f7fb faef 	bl	1000050c <next_striped_spin_lock_num>
10004f2e:	4b04      	ldr	r3, [pc, #16]	@ (10004f40 <prvRuntimeInitializer+0x18>)
10004f30:	4a04      	ldr	r2, [pc, #16]	@ (10004f44 <prvRuntimeInitializer+0x1c>)
10004f32:	4403      	add	r3, r0
10004f34:	6013      	str	r3, [r2, #0]
10004f36:	f000 f887 	bl	10005048 <xEventGroupCreate>
10004f3a:	4b03      	ldr	r3, [pc, #12]	@ (10004f48 <prvRuntimeInitializer+0x20>)
10004f3c:	6018      	str	r0, [r3, #0]
10004f3e:	bd08      	pop	{r3, pc}
10004f40:	200011f0 	.word	0x200011f0
10004f44:	200012ac 	.word	0x200012ac
10004f48:	200013ac 	.word	0x200013ac

10004f4c <vRestoreContextOfFirstTask>:
10004f4c:	4a09      	ldr	r2, [pc, #36]	@ (10004f74 <vRestoreContextOfFirstTask+0x28>)
10004f4e:	6811      	ldr	r1, [r2, #0]
10004f50:	6808      	ldr	r0, [r1, #0]
10004f52:	c806      	ldmia	r0!, {r1, r2}
10004f54:	f381 880b 	msr	PSPLIM, r1
10004f58:	2102      	movs	r1, #2
10004f5a:	f381 8814 	msr	CONTROL, r1
10004f5e:	3020      	adds	r0, #32
10004f60:	f380 8809 	msr	PSP, r0
10004f64:	f3bf 8f6f 	isb	sy
10004f68:	f04f 0000 	mov.w	r0, #0
10004f6c:	f380 8811 	msr	BASEPRI, r0
10004f70:	4710      	bx	r2
10004f72:	0000      	.short	0x0000
10004f74:	200012b0 	.word	0x200012b0

10004f78 <vStartFirstTask>:
10004f78:	b662      	cpsie	i
10004f7a:	b661      	cpsie	f
10004f7c:	f3bf 8f4f 	dsb	sy
10004f80:	f3bf 8f6f 	isb	sy
10004f84:	df66      	svc	102	@ 0x66
10004f86:	bf00      	nop

10004f88 <ulSetInterruptMask>:
10004f88:	f3ef 8011 	mrs	r0, BASEPRI
10004f8c:	f04f 0110 	mov.w	r1, #16
10004f90:	f381 8811 	msr	BASEPRI, r1
10004f94:	f3bf 8f4f 	dsb	sy
10004f98:	f3bf 8f6f 	isb	sy
10004f9c:	4770      	bx	lr
10004f9e:	bf00      	nop

10004fa0 <vClearInterruptMask>:
10004fa0:	f380 8811 	msr	BASEPRI, r0
10004fa4:	f3bf 8f4f 	dsb	sy
10004fa8:	f3bf 8f6f 	isb	sy
10004fac:	4770      	bx	lr
10004fae:	bf00      	nop

10004fb0 <isr_pendsv>:
10004fb0:	f3ef 8109 	mrs	r1, PSP
10004fb4:	f01e 0f10 	tst.w	lr, #16
10004fb8:	bf08      	it	eq
10004fba:	ed21 8a10 	vstmdbeq	r1!, {s16-s31}
10004fbe:	f3ef 820b 	mrs	r2, PSPLIM
10004fc2:	4673      	mov	r3, lr
10004fc4:	e921 0ffc 	stmdb	r1!, {r2, r3, r4, r5, r6, r7, r8, r9, sl, fp}
10004fc8:	fc55 4408 	dcp_pxmd r4, r5
10004fcc:	fc57 6409 	dcp_pymd r6, r7
10004fd0:	fc59 840a 	dcp_pefd r8, r9
10004fd4:	e901 03f0 	stmdb	r1, {r4, r5, r6, r7, r8, r9}
10004fd8:	4a14      	ldr	r2, [pc, #80]	@ (1000502c <isr_pendsv+0x7c>)
10004fda:	6813      	ldr	r3, [r2, #0]
10004fdc:	6019      	str	r1, [r3, #0]
10004fde:	f04f 0110 	mov.w	r1, #16
10004fe2:	f381 8811 	msr	BASEPRI, r1
10004fe6:	f3bf 8f4f 	dsb	sy
10004fea:	f3bf 8f6f 	isb	sy
10004fee:	f7ff fa0b 	bl	10004408 <vTaskSwitchContext>
10004ff2:	f04f 0000 	mov.w	r0, #0
10004ff6:	f380 8811 	msr	BASEPRI, r0
10004ffa:	4a0c      	ldr	r2, [pc, #48]	@ (1000502c <isr_pendsv+0x7c>)
10004ffc:	6811      	ldr	r1, [r2, #0]
10004ffe:	6808      	ldr	r0, [r1, #0]
10005000:	3818      	subs	r0, #24
10005002:	e8b0 03f0 	ldmia.w	r0!, {r4, r5, r6, r7, r8, r9}
10005006:	ec45 4400 	dcp_wxmd r4, r5
1000500a:	ec47 6401 	dcp_wymd r6, r7
1000500e:	ec49 8402 	dcp_wefd r8, r9
10005012:	e8b0 0ffc 	ldmia.w	r0!, {r2, r3, r4, r5, r6, r7, r8, r9, sl, fp}
10005016:	f013 0f10 	tst.w	r3, #16
1000501a:	bf08      	it	eq
1000501c:	ecb0 8a10 	vldmiaeq	r0!, {s16-s31}
10005020:	f382 880b 	msr	PSPLIM, r2
10005024:	f380 8809 	msr	PSP, r0
10005028:	4718      	bx	r3
1000502a:	0000      	.short	0x0000
1000502c:	200012b0 	.word	0x200012b0

10005030 <isr_svcall>:
10005030:	f01e 0f04 	tst.w	lr, #4
10005034:	bf0c      	ite	eq
10005036:	f3ef 8008 	mrseq	r0, MSP
1000503a:	f3ef 8009 	mrsne	r0, PSP
1000503e:	4901      	ldr	r1, [pc, #4]	@ (10005044 <isr_svcall+0x14>)
10005040:	4708      	bx	r1
10005042:	0000      	.short	0x0000
10005044:	10004da9 	.word	0x10004da9

10005048 <xEventGroupCreate>:
10005048:	b510      	push	{r4, lr}
1000504a:	2018      	movs	r0, #24
1000504c:	f7ff fe38 	bl	10004cc0 <pvPortMalloc>
10005050:	4604      	mov	r4, r0
10005052:	b120      	cbz	r0, 1000505e <xEventGroupCreate+0x16>
10005054:	2300      	movs	r3, #0
10005056:	f840 3b04 	str.w	r3, [r0], #4
1000505a:	f000 f803 	bl	10005064 <vListInitialise>
1000505e:	4620      	mov	r0, r4
10005060:	bd10      	pop	{r4, pc}
10005062:	bf00      	nop

10005064 <vListInitialise>:
10005064:	f04f 31ff 	mov.w	r1, #4294967295
10005068:	2200      	movs	r2, #0
1000506a:	f100 0308 	add.w	r3, r0, #8
1000506e:	e9c0 3101 	strd	r3, r1, [r0, #4]
10005072:	e9c0 3303 	strd	r3, r3, [r0, #12]
10005076:	6002      	str	r2, [r0, #0]
10005078:	4770      	bx	lr
1000507a:	bf00      	nop

1000507c <vListInitialiseItem>:
1000507c:	2300      	movs	r3, #0
1000507e:	6103      	str	r3, [r0, #16]
10005080:	4770      	bx	lr
10005082:	bf00      	nop

10005084 <vListInsertEnd>:
10005084:	b410      	push	{r4}
10005086:	e9d0 3200 	ldrd	r3, r2, [r0]
1000508a:	6894      	ldr	r4, [r2, #8]
1000508c:	3301      	adds	r3, #1
1000508e:	e9c1 2401 	strd	r2, r4, [r1, #4]
10005092:	6061      	str	r1, [r4, #4]
10005094:	6091      	str	r1, [r2, #8]
10005096:	f85d 4b04 	ldr.w	r4, [sp], #4
1000509a:	6108      	str	r0, [r1, #16]
1000509c:	6003      	str	r3, [r0, #0]
1000509e:	4770      	bx	lr

100050a0 <vListInsert>:
100050a0:	b430      	push	{r4, r5}
100050a2:	680d      	ldr	r5, [r1, #0]
100050a4:	1c6b      	adds	r3, r5, #1
100050a6:	d010      	beq.n	100050ca <vListInsert+0x2a>
100050a8:	f100 0308 	add.w	r3, r0, #8
100050ac:	461c      	mov	r4, r3
100050ae:	685b      	ldr	r3, [r3, #4]
100050b0:	681a      	ldr	r2, [r3, #0]
100050b2:	42aa      	cmp	r2, r5
100050b4:	d9fa      	bls.n	100050ac <vListInsert+0xc>
100050b6:	6802      	ldr	r2, [r0, #0]
100050b8:	604b      	str	r3, [r1, #4]
100050ba:	3201      	adds	r2, #1
100050bc:	6099      	str	r1, [r3, #8]
100050be:	608c      	str	r4, [r1, #8]
100050c0:	6061      	str	r1, [r4, #4]
100050c2:	6108      	str	r0, [r1, #16]
100050c4:	bc30      	pop	{r4, r5}
100050c6:	6002      	str	r2, [r0, #0]
100050c8:	4770      	bx	lr
100050ca:	6904      	ldr	r4, [r0, #16]
100050cc:	6863      	ldr	r3, [r4, #4]
100050ce:	e7f2      	b.n	100050b6 <vListInsert+0x16>

100050d0 <uxListRemove>:
100050d0:	4603      	mov	r3, r0
100050d2:	6902      	ldr	r2, [r0, #16]
100050d4:	b410      	push	{r4}
100050d6:	6854      	ldr	r4, [r2, #4]
100050d8:	6840      	ldr	r0, [r0, #4]
100050da:	6899      	ldr	r1, [r3, #8]
100050dc:	429c      	cmp	r4, r3
100050de:	6081      	str	r1, [r0, #8]
100050e0:	6048      	str	r0, [r1, #4]
100050e2:	bf08      	it	eq
100050e4:	6051      	streq	r1, [r2, #4]
100050e6:	2100      	movs	r1, #0
100050e8:	6810      	ldr	r0, [r2, #0]
100050ea:	f85d 4b04 	ldr.w	r4, [sp], #4
100050ee:	3801      	subs	r0, #1
100050f0:	6119      	str	r1, [r3, #16]
100050f2:	6010      	str	r0, [r2, #0]
100050f4:	4770      	bx	lr
100050f6:	bf00      	nop

100050f8 <lcd_send_byte>:
100050f8:	e92d 47f0 	stmdb	sp!, {r4, r5, r6, r7, r8, r9, sl, lr}
100050fc:	4684      	mov	ip, r0
100050fe:	460c      	mov	r4, r1
10005100:	2500      	movs	r5, #0
10005102:	f02c 080f 	bic.w	r8, ip, #15
10005106:	b264      	sxtb	r4, r4
10005108:	ea44 0808 	orr.w	r8, r4, r8
1000510c:	4f38      	ldr	r7, [pc, #224]	@ (100051f0 <lcd_send_byte+0xf8>)
1000510e:	4e39      	ldr	r6, [pc, #228]	@ (100051f4 <lcd_send_byte+0xfc>)
10005110:	fa4f f888 	sxtb.w	r8, r8
10005114:	b084      	sub	sp, #16
10005116:	f048 0a08 	orr.w	sl, r8, #8
1000511a:	7839      	ldrb	r1, [r7, #0]
1000511c:	f10d 020f 	add.w	r2, sp, #15
10005120:	2301      	movs	r3, #1
10005122:	6830      	ldr	r0, [r6, #0]
10005124:	fa5f fa8a 	uxtb.w	sl, sl
10005128:	9500      	str	r5, [sp, #0]
1000512a:	ea44 140c 	orr.w	r4, r4, ip, lsl #4
1000512e:	f88d a00f 	strb.w	sl, [sp, #15]
10005132:	f7fd ffdd 	bl	100030f0 <i2c_write_blocking>
10005136:	f44f 7016 	mov.w	r0, #600	@ 0x258
1000513a:	2100      	movs	r1, #0
1000513c:	f7fb fd54 	bl	10000be8 <sleep_us>
10005140:	9500      	str	r5, [sp, #0]
10005142:	f10d 020f 	add.w	r2, sp, #15
10005146:	2301      	movs	r3, #1
10005148:	7839      	ldrb	r1, [r7, #0]
1000514a:	6830      	ldr	r0, [r6, #0]
1000514c:	f048 080c 	orr.w	r8, r8, #12
10005150:	f88d 800f 	strb.w	r8, [sp, #15]
10005154:	f7fd ffcc 	bl	100030f0 <i2c_write_blocking>
10005158:	f44f 7016 	mov.w	r0, #600	@ 0x258
1000515c:	2100      	movs	r1, #0
1000515e:	f7fb fd43 	bl	10000be8 <sleep_us>
10005162:	9500      	str	r5, [sp, #0]
10005164:	f10d 020f 	add.w	r2, sp, #15
10005168:	2301      	movs	r3, #1
1000516a:	7839      	ldrb	r1, [r7, #0]
1000516c:	6830      	ldr	r0, [r6, #0]
1000516e:	b264      	sxtb	r4, r4
10005170:	f88d a00f 	strb.w	sl, [sp, #15]
10005174:	f7fd ffbc 	bl	100030f0 <i2c_write_blocking>
10005178:	f44f 7016 	mov.w	r0, #600	@ 0x258
1000517c:	2100      	movs	r1, #0
1000517e:	f7fb fd33 	bl	10000be8 <sleep_us>
10005182:	f044 0908 	orr.w	r9, r4, #8
10005186:	9500      	str	r5, [sp, #0]
10005188:	f10d 020f 	add.w	r2, sp, #15
1000518c:	2301      	movs	r3, #1
1000518e:	7839      	ldrb	r1, [r7, #0]
10005190:	fa5f f989 	uxtb.w	r9, r9
10005194:	6830      	ldr	r0, [r6, #0]
10005196:	f88d 900f 	strb.w	r9, [sp, #15]
1000519a:	f7fd ffa9 	bl	100030f0 <i2c_write_blocking>
1000519e:	f44f 7016 	mov.w	r0, #600	@ 0x258
100051a2:	2100      	movs	r1, #0
100051a4:	f7fb fd20 	bl	10000be8 <sleep_us>
100051a8:	9500      	str	r5, [sp, #0]
100051aa:	f10d 020f 	add.w	r2, sp, #15
100051ae:	2301      	movs	r3, #1
100051b0:	7839      	ldrb	r1, [r7, #0]
100051b2:	6830      	ldr	r0, [r6, #0]
100051b4:	f044 040c 	orr.w	r4, r4, #12
100051b8:	f88d 400f 	strb.w	r4, [sp, #15]
100051bc:	f7fd ff98 	bl	100030f0 <i2c_write_blocking>
100051c0:	f44f 7016 	mov.w	r0, #600	@ 0x258
100051c4:	2100      	movs	r1, #0
100051c6:	f7fb fd0f 	bl	10000be8 <sleep_us>
100051ca:	7839      	ldrb	r1, [r7, #0]
100051cc:	6830      	ldr	r0, [r6, #0]
100051ce:	2301      	movs	r3, #1
100051d0:	f10d 020f 	add.w	r2, sp, #15
100051d4:	9500      	str	r5, [sp, #0]
100051d6:	f88d 900f 	strb.w	r9, [sp, #15]
100051da:	f7fd ff89 	bl	100030f0 <i2c_write_blocking>
100051de:	f44f 7016 	mov.w	r0, #600	@ 0x258
100051e2:	2100      	movs	r1, #0
100051e4:	b004      	add	sp, #16
100051e6:	e8bd 47f0 	ldmia.w	sp!, {r4, r5, r6, r7, r8, r9, sl, lr}
100051ea:	f7fb bcfd 	b.w	10000be8 <sleep_us>
100051ee:	bf00      	nop
100051f0:	20001414 	.word	0x20001414
100051f4:	2000126c 	.word	0x2000126c

100051f8 <lcd_clear>:
100051f8:	2100      	movs	r1, #0
100051fa:	2001      	movs	r0, #1
100051fc:	f7ff bf7c 	b.w	100050f8 <lcd_send_byte>

10005200 <lcd_set_cursor>:
10005200:	b510      	push	{r4, lr}
10005202:	4684      	mov	ip, r0
10005204:	b084      	sub	sp, #16
10005206:	468e      	mov	lr, r1
10005208:	4b08      	ldr	r3, [pc, #32]	@ (1000522c <lcd_set_cursor+0x2c>)
1000520a:	ac04      	add	r4, sp, #16
1000520c:	cb0f      	ldmia	r3, {r0, r1, r2, r3}
1000520e:	e904 000f 	stmdb	r4, {r0, r1, r2, r3}
10005212:	2100      	movs	r1, #0
10005214:	eb04 0c8c 	add.w	ip, r4, ip, lsl #2
10005218:	f85c 0c10 	ldr.w	r0, [ip, #-16]
1000521c:	3080      	adds	r0, #128	@ 0x80
1000521e:	4470      	add	r0, lr
10005220:	b2c0      	uxtb	r0, r0
10005222:	b004      	add	sp, #16
10005224:	e8bd 4010 	ldmia.w	sp!, {r4, lr}
10005228:	f7ff bf66 	b.w	100050f8 <lcd_send_byte>
1000522c:	10006188 	.word	0x10006188

10005230 <lcd_string>:
10005230:	b510      	push	{r4, lr}
10005232:	4604      	mov	r4, r0
10005234:	7800      	ldrb	r0, [r0, #0]
10005236:	b130      	cbz	r0, 10005246 <lcd_string+0x16>
10005238:	2101      	movs	r1, #1
1000523a:	f7ff ff5d 	bl	100050f8 <lcd_send_byte>
1000523e:	f814 0f01 	ldrb.w	r0, [r4, #1]!
10005242:	2800      	cmp	r0, #0
10005244:	d1f8      	bne.n	10005238 <lcd_string+0x8>
10005246:	bd10      	pop	{r4, pc}

10005248 <lcd_init>:
10005248:	b538      	push	{r3, r4, r5, lr}
1000524a:	460a      	mov	r2, r1
1000524c:	4605      	mov	r5, r0
1000524e:	4b13      	ldr	r3, [pc, #76]	@ (1000529c <lcd_init+0x54>)
10005250:	4c13      	ldr	r4, [pc, #76]	@ (100052a0 <lcd_init+0x58>)
10005252:	2100      	movs	r1, #0
10005254:	2003      	movs	r0, #3
10005256:	701a      	strb	r2, [r3, #0]
10005258:	6025      	str	r5, [r4, #0]
1000525a:	f7ff ff4d 	bl	100050f8 <lcd_send_byte>
1000525e:	2100      	movs	r1, #0
10005260:	2003      	movs	r0, #3
10005262:	f7ff ff49 	bl	100050f8 <lcd_send_byte>
10005266:	2100      	movs	r1, #0
10005268:	2003      	movs	r0, #3
1000526a:	f7ff ff45 	bl	100050f8 <lcd_send_byte>
1000526e:	2100      	movs	r1, #0
10005270:	2002      	movs	r0, #2
10005272:	f7ff ff41 	bl	100050f8 <lcd_send_byte>
10005276:	2100      	movs	r1, #0
10005278:	2006      	movs	r0, #6
1000527a:	f7ff ff3d 	bl	100050f8 <lcd_send_byte>
1000527e:	2100      	movs	r1, #0
10005280:	2028      	movs	r0, #40	@ 0x28
10005282:	f7ff ff39 	bl	100050f8 <lcd_send_byte>
10005286:	2100      	movs	r1, #0
10005288:	200c      	movs	r0, #12
1000528a:	f7ff ff35 	bl	100050f8 <lcd_send_byte>
1000528e:	e8bd 4038 	ldmia.w	sp!, {r3, r4, r5, lr}
10005292:	2100      	movs	r1, #0
10005294:	2001      	movs	r0, #1
10005296:	f7ff bf2f 	b.w	100050f8 <lcd_send_byte>
1000529a:	bf00      	nop
1000529c:	20001414 	.word	0x20001414
100052a0:	2000126c 	.word	0x2000126c

100052a4 <bmp280_init>:
100052a4:	b530      	push	{r4, r5, lr}
100052a6:	2400      	movs	r4, #0
100052a8:	f249 4cf5 	movw	ip, #38133	@ 0x94f5
100052ac:	4d0b      	ldr	r5, [pc, #44]	@ (100052dc <bmp280_init+0x38>)
100052ae:	b085      	sub	sp, #20
100052b0:	aa03      	add	r2, sp, #12
100052b2:	9400      	str	r4, [sp, #0]
100052b4:	2302      	movs	r3, #2
100052b6:	2176      	movs	r1, #118	@ 0x76
100052b8:	6028      	str	r0, [r5, #0]
100052ba:	f8ad c00c 	strh.w	ip, [sp, #12]
100052be:	f7fd ff17 	bl	100030f0 <i2c_write_blocking>
100052c2:	f642 7cf4 	movw	ip, #12276	@ 0x2ff4
100052c6:	6828      	ldr	r0, [r5, #0]
100052c8:	2302      	movs	r3, #2
100052ca:	2176      	movs	r1, #118	@ 0x76
100052cc:	aa03      	add	r2, sp, #12
100052ce:	9400      	str	r4, [sp, #0]
100052d0:	f8ad c00c 	strh.w	ip, [sp, #12]
100052d4:	f7fd ff0c 	bl	100030f0 <i2c_write_blocking>
100052d8:	b005      	add	sp, #20
100052da:	bd30      	pop	{r4, r5, pc}
100052dc:	20001264 	.word	0x20001264

100052e0 <bmp280_get_calib_params>:
100052e0:	2301      	movs	r3, #1
100052e2:	2288      	movs	r2, #136	@ 0x88
100052e4:	b570      	push	{r4, r5, r6, lr}
100052e6:	2500      	movs	r5, #0
100052e8:	b08a      	sub	sp, #40	@ 0x28
100052ea:	4e16      	ldr	r6, [pc, #88]	@ (10005344 <bmp280_get_calib_params+0x64>)
100052ec:	9300      	str	r3, [sp, #0]
100052ee:	4604      	mov	r4, r0
100052f0:	f88d 200f 	strb.w	r2, [sp, #15]
100052f4:	2176      	movs	r1, #118	@ 0x76
100052f6:	f10d 020f 	add.w	r2, sp, #15
100052fa:	6830      	ldr	r0, [r6, #0]
100052fc:	e9cd 5504 	strd	r5, r5, [sp, #16]
10005300:	e9cd 5506 	strd	r5, r5, [sp, #24]
10005304:	e9cd 5508 	strd	r5, r5, [sp, #32]
10005308:	f7fd fef2 	bl	100030f0 <i2c_write_blocking>
1000530c:	6830      	ldr	r0, [r6, #0]
1000530e:	aa04      	add	r2, sp, #16
10005310:	2318      	movs	r3, #24
10005312:	2176      	movs	r1, #118	@ 0x76
10005314:	9500      	str	r5, [sp, #0]
10005316:	f7fd fef3 	bl	10003100 <i2c_read_blocking>
1000531a:	9907      	ldr	r1, [sp, #28]
1000531c:	f8bd 2010 	ldrh.w	r2, [sp, #16]
10005320:	f8dd 3012 	ldr.w	r3, [sp, #18]
10005324:	f8bd 0016 	ldrh.w	r0, [sp, #22]
10005328:	60e1      	str	r1, [r4, #12]
1000532a:	9906      	ldr	r1, [sp, #24]
1000532c:	8022      	strh	r2, [r4, #0]
1000532e:	f8c4 3002 	str.w	r3, [r4, #2]
10005332:	80e0      	strh	r0, [r4, #6]
10005334:	e9dd 2308 	ldrd	r2, r3, [sp, #32]
10005338:	60a1      	str	r1, [r4, #8]
1000533a:	6122      	str	r2, [r4, #16]
1000533c:	6163      	str	r3, [r4, #20]
1000533e:	b00a      	add	sp, #40	@ 0x28
10005340:	bd70      	pop	{r4, r5, r6, pc}
10005342:	bf00      	nop
10005344:	20001264 	.word	0x20001264

10005348 <bmp280_read_raw>:
10005348:	2301      	movs	r3, #1
1000534a:	f04f 0cf7 	mov.w	ip, #247	@ 0xf7
1000534e:	b570      	push	{r4, r5, r6, lr}
10005350:	4e17      	ldr	r6, [pc, #92]	@ (100053b0 <bmp280_read_raw+0x68>)
10005352:	b086      	sub	sp, #24
10005354:	4604      	mov	r4, r0
10005356:	460d      	mov	r5, r1
10005358:	6830      	ldr	r0, [r6, #0]
1000535a:	f10d 020f 	add.w	r2, sp, #15
1000535e:	9300      	str	r3, [sp, #0]
10005360:	2176      	movs	r1, #118	@ 0x76
10005362:	f88d c00f 	strb.w	ip, [sp, #15]
10005366:	f7fd fec3 	bl	100030f0 <i2c_write_blocking>
1000536a:	2200      	movs	r2, #0
1000536c:	6830      	ldr	r0, [r6, #0]
1000536e:	2306      	movs	r3, #6
10005370:	9200      	str	r2, [sp, #0]
10005372:	2176      	movs	r1, #118	@ 0x76
10005374:	aa04      	add	r2, sp, #16
10005376:	f7fd fec3 	bl	10003100 <i2c_read_blocking>
1000537a:	f89d 2011 	ldrb.w	r2, [sp, #17]
1000537e:	f89d 1010 	ldrb.w	r1, [sp, #16]
10005382:	0112      	lsls	r2, r2, #4
10005384:	ea42 3201 	orr.w	r2, r2, r1, lsl #12
10005388:	f89d 1012 	ldrb.w	r1, [sp, #18]
1000538c:	f89d 3014 	ldrb.w	r3, [sp, #20]
10005390:	ea42 1211 	orr.w	r2, r2, r1, lsr #4
10005394:	f89d 1013 	ldrb.w	r1, [sp, #19]
10005398:	011b      	lsls	r3, r3, #4
1000539a:	ea43 3301 	orr.w	r3, r3, r1, lsl #12
1000539e:	f89d 1015 	ldrb.w	r1, [sp, #21]
100053a2:	602a      	str	r2, [r5, #0]
100053a4:	ea43 1311 	orr.w	r3, r3, r1, lsr #4
100053a8:	6023      	str	r3, [r4, #0]
100053aa:	b006      	add	sp, #24
100053ac:	bd70      	pop	{r4, r5, r6, pc}
100053ae:	bf00      	nop
100053b0:	20001264 	.word	0x20001264

100053b4 <bmp280_convert_temp>:
100053b4:	880a      	ldrh	r2, [r1, #0]
100053b6:	b508      	push	{r3, lr}
100053b8:	ebc2 1320 	rsb	r3, r2, r0, asr #4
100053bc:	fb03 f303 	mul.w	r3, r3, r3
100053c0:	f9b1 c004 	ldrsh.w	ip, [r1, #4]
100053c4:	0052      	lsls	r2, r2, #1
100053c6:	f9b1 1002 	ldrsh.w	r1, [r1, #2]
100053ca:	ebc2 02e0 	rsb	r2, r2, r0, asr #3
100053ce:	1318      	asrs	r0, r3, #12
100053d0:	fb0c f000 	mul.w	r0, ip, r0
100053d4:	fb01 f202 	mul.w	r2, r1, r2
100053d8:	1380      	asrs	r0, r0, #14
100053da:	eb00 20e2 	add.w	r0, r0, r2, asr #11
100053de:	eb00 0080 	add.w	r0, r0, r0, lsl #2
100053e2:	3080      	adds	r0, #128	@ 0x80
100053e4:	1200      	asrs	r0, r0, #8
100053e6:	f7fb ffc5 	bl	10001374 <__wrap___aeabi_i2d>
100053ea:	2200      	movs	r2, #0
100053ec:	4b02      	ldr	r3, [pc, #8]	@ (100053f8 <bmp280_convert_temp+0x44>)
100053ee:	f7fb ff65 	bl	100012bc <__wrap___aeabi_ddiv>
100053f2:	f7fb ffb1 	bl	10001358 <__wrap___aeabi_d2f>
100053f6:	bd08      	pop	{r3, pc}
100053f8:	40590000 	.word	0x40590000

100053fc <bmp280_convert_pressure>:
100053fc:	4684      	mov	ip, r0
100053fe:	8810      	ldrh	r0, [r2, #0]
10005400:	b510      	push	{r4, lr}
10005402:	ebc0 1321 	rsb	r3, r0, r1, asr #4
10005406:	fb03 f303 	mul.w	r3, r3, r3
1000540a:	0040      	lsls	r0, r0, #1
1000540c:	ebc0 00e1 	rsb	r0, r0, r1, asr #3
10005410:	f9b2 1002 	ldrsh.w	r1, [r2, #2]
10005414:	131b      	asrs	r3, r3, #12
10005416:	fb01 f000 	mul.w	r0, r1, r0
1000541a:	f9b2 1004 	ldrsh.w	r1, [r2, #4]
1000541e:	f9b2 e00a 	ldrsh.w	lr, [r2, #10]
10005422:	fb01 f303 	mul.w	r3, r1, r3
10005426:	139b      	asrs	r3, r3, #14
10005428:	eb03 23e0 	add.w	r3, r3, r0, asr #11
1000542c:	105b      	asrs	r3, r3, #1
1000542e:	f5a3 417a 	sub.w	r1, r3, #64000	@ 0xfa00
10005432:	108b      	asrs	r3, r1, #2
10005434:	fb03 f403 	mul.w	r4, r3, r3
10005438:	f9b2 3008 	ldrsh.w	r3, [r2, #8]
1000543c:	1360      	asrs	r0, r4, #13
1000543e:	fb01 f303 	mul.w	r3, r1, r3
10005442:	fb00 f00e 	mul.w	r0, r0, lr
10005446:	105b      	asrs	r3, r3, #1
10005448:	eb03 03e0 	add.w	r3, r3, r0, asr #3
1000544c:	149b      	asrs	r3, r3, #18
1000544e:	88d0      	ldrh	r0, [r2, #6]
10005450:	f503 4300 	add.w	r3, r3, #32768	@ 0x8000
10005454:	fb00 f303 	mul.w	r3, r0, r3
10005458:	13d8      	asrs	r0, r3, #15
1000545a:	d03a      	beq.n	100054d2 <bmp280_convert_pressure+0xd6>
1000545c:	f9b2 300e 	ldrsh.w	r3, [r2, #14]
10005460:	ea4f 2ee4 	mov.w	lr, r4, asr #11
10005464:	fb01 f303 	mul.w	r3, r1, r3
10005468:	f9b2 1010 	ldrsh.w	r1, [r2, #16]
1000546c:	005b      	lsls	r3, r3, #1
1000546e:	fb01 330e 	mla	r3, r1, lr, r3
10005472:	f9b2 100c 	ldrsh.w	r1, [r2, #12]
10005476:	0409      	lsls	r1, r1, #16
10005478:	eb01 03a3 	add.w	r3, r1, r3, asr #2
1000547c:	4915      	ldr	r1, [pc, #84]	@ (100054d4 <bmp280_convert_pressure+0xd8>)
1000547e:	eb0c 3c23 	add.w	ip, ip, r3, asr #12
10005482:	fb01 fc0c 	mul.w	ip, r1, ip
10005486:	f10c 4c43 	add.w	ip, ip, #3271557120	@ 0xc3000000
1000548a:	f50c 0ca0 	add.w	ip, ip, #5242880	@ 0x500000
1000548e:	f1bc 0f00 	cmp.w	ip, #0
10005492:	bfb3      	iteet	lt
10005494:	fbbc fcf0 	udivlt	ip, ip, r0
10005498:	ea4f 0c4c 	movge.w	ip, ip, lsl #1
1000549c:	fbbc fcf0 	udivge	ip, ip, r0
100054a0:	ea4f 0c4c 	movlt.w	ip, ip, lsl #1
100054a4:	ea4f 03dc 	mov.w	r3, ip, lsr #3
100054a8:	fb03 f303 	mul.w	r3, r3, r3
100054ac:	f9b2 0016 	ldrsh.w	r0, [r2, #22]
100054b0:	f9b2 1014 	ldrsh.w	r1, [r2, #20]
100054b4:	0b5b      	lsrs	r3, r3, #13
100054b6:	fb00 f303 	mul.w	r3, r0, r3
100054ba:	ea4f 009c 	mov.w	r0, ip, lsr #2
100054be:	fb01 f000 	mul.w	r0, r1, r0
100054c2:	f9b2 2012 	ldrsh.w	r2, [r2, #18]
100054c6:	1340      	asrs	r0, r0, #13
100054c8:	eb00 3023 	add.w	r0, r0, r3, asr #12
100054cc:	4410      	add	r0, r2
100054ce:	eb0c 1020 	add.w	r0, ip, r0, asr #4
100054d2:	bd10      	pop	{r4, pc}
100054d4:	fffff3cb 	.word	0xfffff3cb

100054d8 <malloc>:
100054d8:	4b02      	ldr	r3, [pc, #8]	@ (100054e4 <malloc+0xc>)
100054da:	4601      	mov	r1, r0
100054dc:	6818      	ldr	r0, [r3, #0]
100054de:	f000 b80b 	b.w	100054f8 <_malloc_r>
100054e2:	bf00      	nop
100054e4:	20000d60 	.word	0x20000d60

100054e8 <free>:
100054e8:	4b02      	ldr	r3, [pc, #8]	@ (100054f4 <free+0xc>)
100054ea:	4601      	mov	r1, r0
100054ec:	6818      	ldr	r0, [r3, #0]
100054ee:	f000 bc43 	b.w	10005d78 <_free_r>
100054f2:	bf00      	nop
100054f4:	20000d60 	.word	0x20000d60

100054f8 <_malloc_r>:
100054f8:	f101 030b 	add.w	r3, r1, #11
100054fc:	2b16      	cmp	r3, #22
100054fe:	e92d 4ff0 	stmdb	sp!, {r4, r5, r6, r7, r8, r9, sl, fp, lr}
10005502:	4607      	mov	r7, r0
10005504:	b083      	sub	sp, #12
10005506:	d823      	bhi.n	10005550 <_malloc_r+0x58>
10005508:	2910      	cmp	r1, #16
1000550a:	f200 80af 	bhi.w	1000566c <_malloc_r+0x174>
1000550e:	f000 faaf 	bl	10005a70 <__malloc_lock>
10005512:	2510      	movs	r5, #16
10005514:	2318      	movs	r3, #24
10005516:	2002      	movs	r0, #2
10005518:	4eba      	ldr	r6, [pc, #744]	@ (10005804 <_malloc_r+0x30c>)
1000551a:	4433      	add	r3, r6
1000551c:	685c      	ldr	r4, [r3, #4]
1000551e:	f1a3 0208 	sub.w	r2, r3, #8
10005522:	4294      	cmp	r4, r2
10005524:	f000 8156 	beq.w	100057d4 <_malloc_r+0x2dc>
10005528:	6863      	ldr	r3, [r4, #4]
1000552a:	4638      	mov	r0, r7
1000552c:	f023 0303 	bic.w	r3, r3, #3
10005530:	e9d4 1202 	ldrd	r1, r2, [r4, #8]
10005534:	4423      	add	r3, r4
10005536:	60ca      	str	r2, [r1, #12]
10005538:	6091      	str	r1, [r2, #8]
1000553a:	685a      	ldr	r2, [r3, #4]
1000553c:	3408      	adds	r4, #8
1000553e:	f042 0201 	orr.w	r2, r2, #1
10005542:	605a      	str	r2, [r3, #4]
10005544:	f000 fa9a 	bl	10005a7c <__malloc_unlock>
10005548:	4620      	mov	r0, r4
1000554a:	b003      	add	sp, #12
1000554c:	e8bd 8ff0 	ldmia.w	sp!, {r4, r5, r6, r7, r8, r9, sl, fp, pc}
10005550:	2b00      	cmp	r3, #0
10005552:	f023 0507 	bic.w	r5, r3, #7
10005556:	f2c0 8089 	blt.w	1000566c <_malloc_r+0x174>
1000555a:	42a9      	cmp	r1, r5
1000555c:	f200 8086 	bhi.w	1000566c <_malloc_r+0x174>
10005560:	f000 fa86 	bl	10005a70 <__malloc_lock>
10005564:	f5b5 7ffc 	cmp.w	r5, #504	@ 0x1f8
10005568:	f0c0 827b 	bcc.w	10005a62 <_malloc_r+0x56a>
1000556c:	0a6b      	lsrs	r3, r5, #9
1000556e:	f000 8084 	beq.w	1000567a <_malloc_r+0x182>
10005572:	2b04      	cmp	r3, #4
10005574:	f200 8162 	bhi.w	1000583c <_malloc_r+0x344>
10005578:	09ab      	lsrs	r3, r5, #6
1000557a:	f103 0039 	add.w	r0, r3, #57	@ 0x39
1000557e:	f103 0e38 	add.w	lr, r3, #56	@ 0x38
10005582:	00c3      	lsls	r3, r0, #3
10005584:	4e9f      	ldr	r6, [pc, #636]	@ (10005804 <_malloc_r+0x30c>)
10005586:	4433      	add	r3, r6
10005588:	f1a3 0c08 	sub.w	ip, r3, #8
1000558c:	685c      	ldr	r4, [r3, #4]
1000558e:	45a4      	cmp	ip, r4
10005590:	d107      	bne.n	100055a2 <_malloc_r+0xaa>
10005592:	e00d      	b.n	100055b0 <_malloc_r+0xb8>
10005594:	2a00      	cmp	r2, #0
10005596:	68e1      	ldr	r1, [r4, #12]
10005598:	f280 8116 	bge.w	100057c8 <_malloc_r+0x2d0>
1000559c:	458c      	cmp	ip, r1
1000559e:	460c      	mov	r4, r1
100055a0:	d006      	beq.n	100055b0 <_malloc_r+0xb8>
100055a2:	6863      	ldr	r3, [r4, #4]
100055a4:	f023 0303 	bic.w	r3, r3, #3
100055a8:	1b5a      	subs	r2, r3, r5
100055aa:	2a0f      	cmp	r2, #15
100055ac:	ddf2      	ble.n	10005594 <_malloc_r+0x9c>
100055ae:	4670      	mov	r0, lr
100055b0:	f8df 8268 	ldr.w	r8, [pc, #616]	@ 1000581c <_malloc_r+0x324>
100055b4:	6934      	ldr	r4, [r6, #16]
100055b6:	4544      	cmp	r4, r8
100055b8:	f000 80f2 	beq.w	100057a0 <_malloc_r+0x2a8>
100055bc:	6863      	ldr	r3, [r4, #4]
100055be:	f023 0c03 	bic.w	ip, r3, #3
100055c2:	ebac 0305 	sub.w	r3, ip, r5
100055c6:	2b0f      	cmp	r3, #15
100055c8:	f300 8174 	bgt.w	100058b4 <_malloc_r+0x3bc>
100055cc:	2b00      	cmp	r3, #0
100055ce:	e9c6 8804 	strd	r8, r8, [r6, #16]
100055d2:	f280 8163 	bge.w	1000589c <_malloc_r+0x3a4>
100055d6:	f5bc 7f00 	cmp.w	ip, #512	@ 0x200
100055da:	f8d6 e004 	ldr.w	lr, [r6, #4]
100055de:	f080 80ff 	bcs.w	100057e0 <_malloc_r+0x2e8>
100055e2:	ea4f 03dc 	mov.w	r3, ip, lsr #3
100055e6:	2201      	movs	r2, #1
100055e8:	ea4f 1c5c 	mov.w	ip, ip, lsr #5
100055ec:	3301      	adds	r3, #1
100055ee:	fa02 f20c 	lsl.w	r2, r2, ip
100055f2:	f856 1033 	ldr.w	r1, [r6, r3, lsl #3]
100055f6:	ea4e 0e02 	orr.w	lr, lr, r2
100055fa:	eb06 02c3 	add.w	r2, r6, r3, lsl #3
100055fe:	3a08      	subs	r2, #8
10005600:	f8c6 e004 	str.w	lr, [r6, #4]
10005604:	e9c4 1202 	strd	r1, r2, [r4, #8]
10005608:	f846 4033 	str.w	r4, [r6, r3, lsl #3]
1000560c:	60cc      	str	r4, [r1, #12]
1000560e:	1083      	asrs	r3, r0, #2
10005610:	f04f 0c01 	mov.w	ip, #1
10005614:	fa0c fc03 	lsl.w	ip, ip, r3
10005618:	45f4      	cmp	ip, lr
1000561a:	d834      	bhi.n	10005686 <_malloc_r+0x18e>
1000561c:	ea1c 0f0e 	tst.w	ip, lr
10005620:	d107      	bne.n	10005632 <_malloc_r+0x13a>
10005622:	f020 0003 	bic.w	r0, r0, #3
10005626:	ea4f 0c4c 	mov.w	ip, ip, lsl #1
1000562a:	3004      	adds	r0, #4
1000562c:	ea1c 0f0e 	tst.w	ip, lr
10005630:	d0f9      	beq.n	10005626 <_malloc_r+0x12e>
10005632:	eb06 0ac0 	add.w	sl, r6, r0, lsl #3
10005636:	4681      	mov	r9, r0
10005638:	46d6      	mov	lr, sl
1000563a:	f8de 300c 	ldr.w	r3, [lr, #12]
1000563e:	e00b      	b.n	10005658 <_malloc_r+0x160>
10005640:	685a      	ldr	r2, [r3, #4]
10005642:	461c      	mov	r4, r3
10005644:	68db      	ldr	r3, [r3, #12]
10005646:	f022 0203 	bic.w	r2, r2, #3
1000564a:	1b51      	subs	r1, r2, r5
1000564c:	290f      	cmp	r1, #15
1000564e:	f300 8101 	bgt.w	10005854 <_malloc_r+0x35c>
10005652:	2900      	cmp	r1, #0
10005654:	f280 8115 	bge.w	10005882 <_malloc_r+0x38a>
10005658:	459e      	cmp	lr, r3
1000565a:	d1f1      	bne.n	10005640 <_malloc_r+0x148>
1000565c:	f109 0901 	add.w	r9, r9, #1
10005660:	f10e 0e08 	add.w	lr, lr, #8
10005664:	f019 0f03 	tst.w	r9, #3
10005668:	d1e7      	bne.n	1000563a <_malloc_r+0x142>
1000566a:	e158      	b.n	1000591e <_malloc_r+0x426>
1000566c:	230c      	movs	r3, #12
1000566e:	603b      	str	r3, [r7, #0]
10005670:	2400      	movs	r4, #0
10005672:	4620      	mov	r0, r4
10005674:	b003      	add	sp, #12
10005676:	e8bd 8ff0 	ldmia.w	sp!, {r4, r5, r6, r7, r8, r9, sl, fp, pc}
1000567a:	f44f 7300 	mov.w	r3, #512	@ 0x200
1000567e:	2040      	movs	r0, #64	@ 0x40
10005680:	f04f 0e3f 	mov.w	lr, #63	@ 0x3f
10005684:	e77e      	b.n	10005584 <_malloc_r+0x8c>
10005686:	68b4      	ldr	r4, [r6, #8]
10005688:	6863      	ldr	r3, [r4, #4]
1000568a:	f023 0903 	bic.w	r9, r3, #3
1000568e:	45a9      	cmp	r9, r5
10005690:	eba9 0305 	sub.w	r3, r9, r5
10005694:	d302      	bcc.n	1000569c <_malloc_r+0x1a4>
10005696:	2b0f      	cmp	r3, #15
10005698:	f300 8085 	bgt.w	100057a6 <_malloc_r+0x2ae>
1000569c:	4b5a      	ldr	r3, [pc, #360]	@ (10005808 <_malloc_r+0x310>)
1000569e:	2008      	movs	r0, #8
100056a0:	681b      	ldr	r3, [r3, #0]
100056a2:	f103 0810 	add.w	r8, r3, #16
100056a6:	eb04 0309 	add.w	r3, r4, r9
100056aa:	9300      	str	r3, [sp, #0]
100056ac:	f000 fa56 	bl	10005b5c <sysconf>
100056b0:	4a56      	ldr	r2, [pc, #344]	@ (1000580c <_malloc_r+0x314>)
100056b2:	44a8      	add	r8, r5
100056b4:	4683      	mov	fp, r0
100056b6:	6813      	ldr	r3, [r2, #0]
100056b8:	3301      	adds	r3, #1
100056ba:	d005      	beq.n	100056c8 <_malloc_r+0x1d0>
100056bc:	f108 38ff 	add.w	r8, r8, #4294967295
100056c0:	4243      	negs	r3, r0
100056c2:	4480      	add	r8, r0
100056c4:	ea03 0808 	and.w	r8, r3, r8
100056c8:	4641      	mov	r1, r8
100056ca:	4638      	mov	r0, r7
100056cc:	f000 fa2a 	bl	10005b24 <_sbrk_r>
100056d0:	f1b0 3fff 	cmp.w	r0, #4294967295
100056d4:	4682      	mov	sl, r0
100056d6:	4a4d      	ldr	r2, [pc, #308]	@ (1000580c <_malloc_r+0x314>)
100056d8:	f000 8107 	beq.w	100058ea <_malloc_r+0x3f2>
100056dc:	eb04 0309 	add.w	r3, r4, r9
100056e0:	4283      	cmp	r3, r0
100056e2:	f200 8100 	bhi.w	100058e6 <_malloc_r+0x3ee>
100056e6:	4b4a      	ldr	r3, [pc, #296]	@ (10005810 <_malloc_r+0x318>)
100056e8:	f10b 3cff 	add.w	ip, fp, #4294967295
100056ec:	6818      	ldr	r0, [r3, #0]
100056ee:	4440      	add	r0, r8
100056f0:	6018      	str	r0, [r3, #0]
100056f2:	f000 8164 	beq.w	100059be <_malloc_r+0x4c6>
100056f6:	6811      	ldr	r1, [r2, #0]
100056f8:	3101      	adds	r1, #1
100056fa:	f000 816c 	beq.w	100059d6 <_malloc_r+0x4de>
100056fe:	eb04 0209 	add.w	r2, r4, r9
10005702:	ebaa 0202 	sub.w	r2, sl, r2
10005706:	4402      	add	r2, r0
10005708:	601a      	str	r2, [r3, #0]
1000570a:	f01a 0207 	ands.w	r2, sl, #7
1000570e:	e9cd 2300 	strd	r2, r3, [sp]
10005712:	f000 8127 	beq.w	10005964 <_malloc_r+0x46c>
10005716:	f1c2 0208 	rsb	r2, r2, #8
1000571a:	4638      	mov	r0, r7
1000571c:	4492      	add	sl, r2
1000571e:	445a      	add	r2, fp
10005720:	44d0      	add	r8, sl
10005722:	ea08 010c 	and.w	r1, r8, ip
10005726:	1a52      	subs	r2, r2, r1
10005728:	ea02 0b0c 	and.w	fp, r2, ip
1000572c:	4659      	mov	r1, fp
1000572e:	f000 f9f9 	bl	10005b24 <_sbrk_r>
10005732:	1c42      	adds	r2, r0, #1
10005734:	9b01      	ldr	r3, [sp, #4]
10005736:	f000 816a 	beq.w	10005a0e <_malloc_r+0x516>
1000573a:	eba0 000a 	sub.w	r0, r0, sl
1000573e:	eb00 080b 	add.w	r8, r0, fp
10005742:	6818      	ldr	r0, [r3, #0]
10005744:	f048 0201 	orr.w	r2, r8, #1
10005748:	42b4      	cmp	r4, r6
1000574a:	f8c6 a008 	str.w	sl, [r6, #8]
1000574e:	4458      	add	r0, fp
10005750:	f8ca 2004 	str.w	r2, [sl, #4]
10005754:	6018      	str	r0, [r3, #0]
10005756:	d017      	beq.n	10005788 <_malloc_r+0x290>
10005758:	f1b9 0f0f 	cmp.w	r9, #15
1000575c:	f240 813e 	bls.w	100059dc <_malloc_r+0x4e4>
10005760:	6861      	ldr	r1, [r4, #4]
10005762:	f1a9 020c 	sub.w	r2, r9, #12
10005766:	f04f 0c05 	mov.w	ip, #5
1000576a:	f022 0207 	bic.w	r2, r2, #7
1000576e:	f001 0101 	and.w	r1, r1, #1
10005772:	4311      	orrs	r1, r2
10005774:	2a0f      	cmp	r2, #15
10005776:	6061      	str	r1, [r4, #4]
10005778:	eb04 0102 	add.w	r1, r4, r2
1000577c:	e9c1 cc01 	strd	ip, ip, [r1, #4]
10005780:	f200 814d 	bhi.w	10005a1e <_malloc_r+0x526>
10005784:	f8da 2004 	ldr.w	r2, [sl, #4]
10005788:	4b22      	ldr	r3, [pc, #136]	@ (10005814 <_malloc_r+0x31c>)
1000578a:	4654      	mov	r4, sl
1000578c:	6819      	ldr	r1, [r3, #0]
1000578e:	4281      	cmp	r1, r0
10005790:	bf38      	it	cc
10005792:	6018      	strcc	r0, [r3, #0]
10005794:	4b20      	ldr	r3, [pc, #128]	@ (10005818 <_malloc_r+0x320>)
10005796:	6819      	ldr	r1, [r3, #0]
10005798:	4281      	cmp	r1, r0
1000579a:	bf38      	it	cc
1000579c:	6018      	strcc	r0, [r3, #0]
1000579e:	e0a6      	b.n	100058ee <_malloc_r+0x3f6>
100057a0:	f8d6 e004 	ldr.w	lr, [r6, #4]
100057a4:	e733      	b.n	1000560e <_malloc_r+0x116>
100057a6:	1962      	adds	r2, r4, r5
100057a8:	f045 0501 	orr.w	r5, r5, #1
100057ac:	f043 0301 	orr.w	r3, r3, #1
100057b0:	3408      	adds	r4, #8
100057b2:	f844 5c04 	str.w	r5, [r4, #-4]
100057b6:	4638      	mov	r0, r7
100057b8:	60b2      	str	r2, [r6, #8]
100057ba:	6053      	str	r3, [r2, #4]
100057bc:	f000 f95e 	bl	10005a7c <__malloc_unlock>
100057c0:	4620      	mov	r0, r4
100057c2:	b003      	add	sp, #12
100057c4:	e8bd 8ff0 	ldmia.w	sp!, {r4, r5, r6, r7, r8, r9, sl, fp, pc}
100057c8:	68a2      	ldr	r2, [r4, #8]
100057ca:	4423      	add	r3, r4
100057cc:	4638      	mov	r0, r7
100057ce:	60d1      	str	r1, [r2, #12]
100057d0:	608a      	str	r2, [r1, #8]
100057d2:	e6b2      	b.n	1000553a <_malloc_r+0x42>
100057d4:	68dc      	ldr	r4, [r3, #12]
100057d6:	42a3      	cmp	r3, r4
100057d8:	f47f aea6 	bne.w	10005528 <_malloc_r+0x30>
100057dc:	3002      	adds	r0, #2
100057de:	e6e7      	b.n	100055b0 <_malloc_r+0xb8>
100057e0:	f5bc 6f20 	cmp.w	ip, #2560	@ 0xa00
100057e4:	ea4f 225c 	mov.w	r2, ip, lsr #9
100057e8:	d376      	bcc.n	100058d8 <_malloc_r+0x3e0>
100057ea:	2a14      	cmp	r2, #20
100057ec:	f200 80cd 	bhi.w	1000598a <_malloc_r+0x492>
100057f0:	f102 035c 	add.w	r3, r2, #92	@ 0x5c
100057f4:	325b      	adds	r2, #91	@ 0x5b
100057f6:	00db      	lsls	r3, r3, #3
100057f8:	18f1      	adds	r1, r6, r3
100057fa:	58f3      	ldr	r3, [r6, r3]
100057fc:	3908      	subs	r1, #8
100057fe:	4299      	cmp	r1, r3
10005800:	d111      	bne.n	10005826 <_malloc_r+0x32e>
10005802:	e0a5      	b.n	10005950 <_malloc_r+0x458>
10005804:	20000958 	.word	0x20000958
10005808:	200010b4 	.word	0x200010b4
1000580c:	2000094c 	.word	0x2000094c
10005810:	20001084 	.word	0x20001084
10005814:	200010ac 	.word	0x200010ac
10005818:	200010b0 	.word	0x200010b0
1000581c:	20000960 	.word	0x20000960
10005820:	689b      	ldr	r3, [r3, #8]
10005822:	4299      	cmp	r1, r3
10005824:	d004      	beq.n	10005830 <_malloc_r+0x338>
10005826:	685a      	ldr	r2, [r3, #4]
10005828:	f022 0203 	bic.w	r2, r2, #3
1000582c:	4562      	cmp	r2, ip
1000582e:	d8f7      	bhi.n	10005820 <_malloc_r+0x328>
10005830:	68d9      	ldr	r1, [r3, #12]
10005832:	e9c4 3102 	strd	r3, r1, [r4, #8]
10005836:	608c      	str	r4, [r1, #8]
10005838:	60dc      	str	r4, [r3, #12]
1000583a:	e6e8      	b.n	1000560e <_malloc_r+0x116>
1000583c:	2b14      	cmp	r3, #20
1000583e:	d963      	bls.n	10005908 <_malloc_r+0x410>
10005840:	2b54      	cmp	r3, #84	@ 0x54
10005842:	f200 80ab 	bhi.w	1000599c <_malloc_r+0x4a4>
10005846:	0b2b      	lsrs	r3, r5, #12
10005848:	f103 006f 	add.w	r0, r3, #111	@ 0x6f
1000584c:	f103 0e6e 	add.w	lr, r3, #110	@ 0x6e
10005850:	00c3      	lsls	r3, r0, #3
10005852:	e697      	b.n	10005584 <_malloc_r+0x8c>
10005854:	f8d4 c008 	ldr.w	ip, [r4, #8]
10005858:	4638      	mov	r0, r7
1000585a:	1967      	adds	r7, r4, r5
1000585c:	f045 0501 	orr.w	r5, r5, #1
10005860:	6065      	str	r5, [r4, #4]
10005862:	f8cc 300c 	str.w	r3, [ip, #12]
10005866:	f8c3 c008 	str.w	ip, [r3, #8]
1000586a:	f041 0301 	orr.w	r3, r1, #1
1000586e:	e9c6 7704 	strd	r7, r7, [r6, #16]
10005872:	e9c7 8802 	strd	r8, r8, [r7, #8]
10005876:	607b      	str	r3, [r7, #4]
10005878:	50a1      	str	r1, [r4, r2]
1000587a:	3408      	adds	r4, #8
1000587c:	f000 f8fe 	bl	10005a7c <__malloc_unlock>
10005880:	e6f7      	b.n	10005672 <_malloc_r+0x17a>
10005882:	4422      	add	r2, r4
10005884:	4638      	mov	r0, r7
10005886:	6851      	ldr	r1, [r2, #4]
10005888:	f041 0101 	orr.w	r1, r1, #1
1000588c:	6051      	str	r1, [r2, #4]
1000588e:	f854 2f08 	ldr.w	r2, [r4, #8]!
10005892:	60d3      	str	r3, [r2, #12]
10005894:	609a      	str	r2, [r3, #8]
10005896:	f000 f8f1 	bl	10005a7c <__malloc_unlock>
1000589a:	e6ea      	b.n	10005672 <_malloc_r+0x17a>
1000589c:	44a4      	add	ip, r4
1000589e:	4638      	mov	r0, r7
100058a0:	3408      	adds	r4, #8
100058a2:	f8dc 3004 	ldr.w	r3, [ip, #4]
100058a6:	f043 0301 	orr.w	r3, r3, #1
100058aa:	f8cc 3004 	str.w	r3, [ip, #4]
100058ae:	f000 f8e5 	bl	10005a7c <__malloc_unlock>
100058b2:	e6de      	b.n	10005672 <_malloc_r+0x17a>
100058b4:	1962      	adds	r2, r4, r5
100058b6:	f043 0101 	orr.w	r1, r3, #1
100058ba:	f045 0501 	orr.w	r5, r5, #1
100058be:	4638      	mov	r0, r7
100058c0:	6065      	str	r5, [r4, #4]
100058c2:	e9c6 2204 	strd	r2, r2, [r6, #16]
100058c6:	e9c2 8802 	strd	r8, r8, [r2, #8]
100058ca:	6051      	str	r1, [r2, #4]
100058cc:	f844 300c 	str.w	r3, [r4, ip]
100058d0:	3408      	adds	r4, #8
100058d2:	f000 f8d3 	bl	10005a7c <__malloc_unlock>
100058d6:	e6cc      	b.n	10005672 <_malloc_r+0x17a>
100058d8:	ea4f 129c 	mov.w	r2, ip, lsr #6
100058dc:	f102 0339 	add.w	r3, r2, #57	@ 0x39
100058e0:	3238      	adds	r2, #56	@ 0x38
100058e2:	00db      	lsls	r3, r3, #3
100058e4:	e788      	b.n	100057f8 <_malloc_r+0x300>
100058e6:	42b4      	cmp	r4, r6
100058e8:	d062      	beq.n	100059b0 <_malloc_r+0x4b8>
100058ea:	68b4      	ldr	r4, [r6, #8]
100058ec:	6862      	ldr	r2, [r4, #4]
100058ee:	f022 0803 	bic.w	r8, r2, #3
100058f2:	45a8      	cmp	r8, r5
100058f4:	eba8 0305 	sub.w	r3, r8, r5
100058f8:	d302      	bcc.n	10005900 <_malloc_r+0x408>
100058fa:	2b0f      	cmp	r3, #15
100058fc:	f73f af53 	bgt.w	100057a6 <_malloc_r+0x2ae>
10005900:	4638      	mov	r0, r7
10005902:	f000 f8bb 	bl	10005a7c <__malloc_unlock>
10005906:	e6b3      	b.n	10005670 <_malloc_r+0x178>
10005908:	f103 005c 	add.w	r0, r3, #92	@ 0x5c
1000590c:	f103 0e5b 	add.w	lr, r3, #91	@ 0x5b
10005910:	00c3      	lsls	r3, r0, #3
10005912:	e637      	b.n	10005584 <_malloc_r+0x8c>
10005914:	f85a 3908 	ldr.w	r3, [sl], #-8
10005918:	4553      	cmp	r3, sl
1000591a:	f040 80a0 	bne.w	10005a5e <_malloc_r+0x566>
1000591e:	f010 0f03 	tst.w	r0, #3
10005922:	f100 30ff 	add.w	r0, r0, #4294967295
10005926:	d1f5      	bne.n	10005914 <_malloc_r+0x41c>
10005928:	6873      	ldr	r3, [r6, #4]
1000592a:	ea23 030c 	bic.w	r3, r3, ip
1000592e:	6073      	str	r3, [r6, #4]
10005930:	ea4f 0c4c 	mov.w	ip, ip, lsl #1
10005934:	f10c 32ff 	add.w	r2, ip, #4294967295
10005938:	429a      	cmp	r2, r3
1000593a:	d304      	bcc.n	10005946 <_malloc_r+0x44e>
1000593c:	e6a3      	b.n	10005686 <_malloc_r+0x18e>
1000593e:	ea4f 0c4c 	mov.w	ip, ip, lsl #1
10005942:	f109 0904 	add.w	r9, r9, #4
10005946:	ea1c 0f03 	tst.w	ip, r3
1000594a:	d0f8      	beq.n	1000593e <_malloc_r+0x446>
1000594c:	4648      	mov	r0, r9
1000594e:	e670      	b.n	10005632 <_malloc_r+0x13a>
10005950:	1092      	asrs	r2, r2, #2
10005952:	f04f 0c01 	mov.w	ip, #1
10005956:	fa0c f202 	lsl.w	r2, ip, r2
1000595a:	ea4e 0e02 	orr.w	lr, lr, r2
1000595e:	f8c6 e004 	str.w	lr, [r6, #4]
10005962:	e766      	b.n	10005832 <_malloc_r+0x33a>
10005964:	eb0a 0208 	add.w	r2, sl, r8
10005968:	4638      	mov	r0, r7
1000596a:	ea02 020c 	and.w	r2, r2, ip
1000596e:	ebab 0b02 	sub.w	fp, fp, r2
10005972:	ea0b 0b0c 	and.w	fp, fp, ip
10005976:	4659      	mov	r1, fp
10005978:	f000 f8d4 	bl	10005b24 <_sbrk_r>
1000597c:	1c43      	adds	r3, r0, #1
1000597e:	9b01      	ldr	r3, [sp, #4]
10005980:	f47f aedb 	bne.w	1000573a <_malloc_r+0x242>
10005984:	f8dd b000 	ldr.w	fp, [sp]
10005988:	e6db      	b.n	10005742 <_malloc_r+0x24a>
1000598a:	2a54      	cmp	r2, #84	@ 0x54
1000598c:	d82a      	bhi.n	100059e4 <_malloc_r+0x4ec>
1000598e:	ea4f 321c 	mov.w	r2, ip, lsr #12
10005992:	f102 036f 	add.w	r3, r2, #111	@ 0x6f
10005996:	326e      	adds	r2, #110	@ 0x6e
10005998:	00db      	lsls	r3, r3, #3
1000599a:	e72d      	b.n	100057f8 <_malloc_r+0x300>
1000599c:	f5b3 7faa 	cmp.w	r3, #340	@ 0x154
100059a0:	d82a      	bhi.n	100059f8 <_malloc_r+0x500>
100059a2:	0beb      	lsrs	r3, r5, #15
100059a4:	f103 0078 	add.w	r0, r3, #120	@ 0x78
100059a8:	f103 0e77 	add.w	lr, r3, #119	@ 0x77
100059ac:	00c3      	lsls	r3, r0, #3
100059ae:	e5e9      	b.n	10005584 <_malloc_r+0x8c>
100059b0:	4b2e      	ldr	r3, [pc, #184]	@ (10005a6c <_malloc_r+0x574>)
100059b2:	f10b 3cff 	add.w	ip, fp, #4294967295
100059b6:	6818      	ldr	r0, [r3, #0]
100059b8:	4440      	add	r0, r8
100059ba:	6018      	str	r0, [r3, #0]
100059bc:	e69b      	b.n	100056f6 <_malloc_r+0x1fe>
100059be:	ea1a 0f0c 	tst.w	sl, ip
100059c2:	f47f ae98 	bne.w	100056f6 <_malloc_r+0x1fe>
100059c6:	44c8      	add	r8, r9
100059c8:	f8d6 a008 	ldr.w	sl, [r6, #8]
100059cc:	f048 0201 	orr.w	r2, r8, #1
100059d0:	f8ca 2004 	str.w	r2, [sl, #4]
100059d4:	e6d8      	b.n	10005788 <_malloc_r+0x290>
100059d6:	f8c2 a000 	str.w	sl, [r2]
100059da:	e696      	b.n	1000570a <_malloc_r+0x212>
100059dc:	2301      	movs	r3, #1
100059de:	f8ca 3004 	str.w	r3, [sl, #4]
100059e2:	e78d      	b.n	10005900 <_malloc_r+0x408>
100059e4:	f5b2 7faa 	cmp.w	r2, #340	@ 0x154
100059e8:	d824      	bhi.n	10005a34 <_malloc_r+0x53c>
100059ea:	ea4f 32dc 	mov.w	r2, ip, lsr #15
100059ee:	f102 0378 	add.w	r3, r2, #120	@ 0x78
100059f2:	3277      	adds	r2, #119	@ 0x77
100059f4:	00db      	lsls	r3, r3, #3
100059f6:	e6ff      	b.n	100057f8 <_malloc_r+0x300>
100059f8:	f240 5254 	movw	r2, #1364	@ 0x554
100059fc:	4293      	cmp	r3, r2
100059fe:	d824      	bhi.n	10005a4a <_malloc_r+0x552>
10005a00:	0cab      	lsrs	r3, r5, #18
10005a02:	f103 007d 	add.w	r0, r3, #125	@ 0x7d
10005a06:	f103 0e7c 	add.w	lr, r3, #124	@ 0x7c
10005a0a:	00c3      	lsls	r3, r0, #3
10005a0c:	e5ba      	b.n	10005584 <_malloc_r+0x8c>
10005a0e:	9a00      	ldr	r2, [sp, #0]
10005a10:	f04f 0b00 	mov.w	fp, #0
10005a14:	3a08      	subs	r2, #8
10005a16:	4490      	add	r8, r2
10005a18:	eba8 080a 	sub.w	r8, r8, sl
10005a1c:	e691      	b.n	10005742 <_malloc_r+0x24a>
10005a1e:	4638      	mov	r0, r7
10005a20:	f104 0108 	add.w	r1, r4, #8
10005a24:	9300      	str	r3, [sp, #0]
10005a26:	f000 f9a7 	bl	10005d78 <_free_r>
10005a2a:	9b00      	ldr	r3, [sp, #0]
10005a2c:	f8d6 a008 	ldr.w	sl, [r6, #8]
10005a30:	6818      	ldr	r0, [r3, #0]
10005a32:	e6a7      	b.n	10005784 <_malloc_r+0x28c>
10005a34:	f240 5354 	movw	r3, #1364	@ 0x554
10005a38:	429a      	cmp	r2, r3
10005a3a:	d80c      	bhi.n	10005a56 <_malloc_r+0x55e>
10005a3c:	ea4f 429c 	mov.w	r2, ip, lsr #18
10005a40:	f102 037d 	add.w	r3, r2, #125	@ 0x7d
10005a44:	327c      	adds	r2, #124	@ 0x7c
10005a46:	00db      	lsls	r3, r3, #3
10005a48:	e6d6      	b.n	100057f8 <_malloc_r+0x300>
10005a4a:	f44f 737e 	mov.w	r3, #1016	@ 0x3f8
10005a4e:	207f      	movs	r0, #127	@ 0x7f
10005a50:	f04f 0e7e 	mov.w	lr, #126	@ 0x7e
10005a54:	e596      	b.n	10005584 <_malloc_r+0x8c>
10005a56:	f44f 737e 	mov.w	r3, #1016	@ 0x3f8
10005a5a:	227e      	movs	r2, #126	@ 0x7e
10005a5c:	e6cc      	b.n	100057f8 <_malloc_r+0x300>
10005a5e:	6873      	ldr	r3, [r6, #4]
10005a60:	e766      	b.n	10005930 <_malloc_r+0x438>
10005a62:	08e8      	lsrs	r0, r5, #3
10005a64:	f105 0308 	add.w	r3, r5, #8
10005a68:	e556      	b.n	10005518 <_malloc_r+0x20>
10005a6a:	bf00      	nop
10005a6c:	20001084 	.word	0x20001084

10005a70 <__malloc_lock>:
10005a70:	4801      	ldr	r0, [pc, #4]	@ (10005a78 <__malloc_lock+0x8>)
10005a72:	f000 b86f 	b.w	10005b54 <__retarget_lock_acquire_recursive>
10005a76:	bf00      	nop
10005a78:	20001080 	.word	0x20001080

10005a7c <__malloc_unlock>:
10005a7c:	4801      	ldr	r0, [pc, #4]	@ (10005a84 <__malloc_unlock+0x8>)
10005a7e:	f000 b86b 	b.w	10005b58 <__retarget_lock_release_recursive>
10005a82:	bf00      	nop
10005a84:	20001080 	.word	0x20001080

10005a88 <memset>:
10005a88:	0783      	lsls	r3, r0, #30
10005a8a:	b530      	push	{r4, r5, lr}
10005a8c:	d046      	beq.n	10005b1c <memset+0x94>
10005a8e:	1884      	adds	r4, r0, r2
10005a90:	4684      	mov	ip, r0
10005a92:	e004      	b.n	10005a9e <memset+0x16>
10005a94:	f803 1b01 	strb.w	r1, [r3], #1
10005a98:	079d      	lsls	r5, r3, #30
10005a9a:	d004      	beq.n	10005aa6 <memset+0x1e>
10005a9c:	469c      	mov	ip, r3
10005a9e:	45a4      	cmp	ip, r4
10005aa0:	4663      	mov	r3, ip
10005aa2:	d1f7      	bne.n	10005a94 <memset+0xc>
10005aa4:	bd30      	pop	{r4, r5, pc}
10005aa6:	3a01      	subs	r2, #1
10005aa8:	4402      	add	r2, r0
10005aaa:	eba2 020c 	sub.w	r2, r2, ip
10005aae:	2a03      	cmp	r2, #3
10005ab0:	d929      	bls.n	10005b06 <memset+0x7e>
10005ab2:	b2cc      	uxtb	r4, r1
10005ab4:	2a0f      	cmp	r2, #15
10005ab6:	eb04 2404 	add.w	r4, r4, r4, lsl #8
10005aba:	eb04 4404 	add.w	r4, r4, r4, lsl #16
10005abe:	d92f      	bls.n	10005b20 <memset+0x98>
10005ac0:	f1a2 0c10 	sub.w	ip, r2, #16
10005ac4:	f103 0510 	add.w	r5, r3, #16
10005ac8:	f02c 0c0f 	bic.w	ip, ip, #15
10005acc:	44ac      	add	ip, r5
10005ace:	e9c3 4400 	strd	r4, r4, [r3]
10005ad2:	e9c3 4402 	strd	r4, r4, [r3, #8]
10005ad6:	3310      	adds	r3, #16
10005ad8:	4563      	cmp	r3, ip
10005ada:	d1f8      	bne.n	10005ace <memset+0x46>
10005adc:	f012 0f0c 	tst.w	r2, #12
10005ae0:	f002 0e0f 	and.w	lr, r2, #15
10005ae4:	d018      	beq.n	10005b18 <memset+0x90>
10005ae6:	f02e 0c03 	bic.w	ip, lr, #3
10005aea:	f1ae 0504 	sub.w	r5, lr, #4
10005aee:	461a      	mov	r2, r3
10005af0:	449c      	add	ip, r3
10005af2:	f842 4b04 	str.w	r4, [r2], #4
10005af6:	4562      	cmp	r2, ip
10005af8:	d1fb      	bne.n	10005af2 <memset+0x6a>
10005afa:	f025 0403 	bic.w	r4, r5, #3
10005afe:	3304      	adds	r3, #4
10005b00:	f00e 0203 	and.w	r2, lr, #3
10005b04:	4423      	add	r3, r4
10005b06:	2a00      	cmp	r2, #0
10005b08:	d0cc      	beq.n	10005aa4 <memset+0x1c>
10005b0a:	b2c9      	uxtb	r1, r1
10005b0c:	441a      	add	r2, r3
10005b0e:	f803 1b01 	strb.w	r1, [r3], #1
10005b12:	4293      	cmp	r3, r2
10005b14:	d1fb      	bne.n	10005b0e <memset+0x86>
10005b16:	bd30      	pop	{r4, r5, pc}
10005b18:	4672      	mov	r2, lr
10005b1a:	e7f4      	b.n	10005b06 <memset+0x7e>
10005b1c:	4603      	mov	r3, r0
10005b1e:	e7c6      	b.n	10005aae <memset+0x26>
10005b20:	4696      	mov	lr, r2
10005b22:	e7e0      	b.n	10005ae6 <memset+0x5e>

10005b24 <_sbrk_r>:
10005b24:	b538      	push	{r3, r4, r5, lr}
10005b26:	2200      	movs	r2, #0
10005b28:	4d06      	ldr	r5, [pc, #24]	@ (10005b44 <_sbrk_r+0x20>)
10005b2a:	4604      	mov	r4, r0
10005b2c:	4608      	mov	r0, r1
10005b2e:	602a      	str	r2, [r5, #0]
10005b30:	f7fd f85a 	bl	10002be8 <_sbrk>
10005b34:	1c43      	adds	r3, r0, #1
10005b36:	d000      	beq.n	10005b3a <_sbrk_r+0x16>
10005b38:	bd38      	pop	{r3, r4, r5, pc}
10005b3a:	682b      	ldr	r3, [r5, #0]
10005b3c:	2b00      	cmp	r3, #0
10005b3e:	d0fb      	beq.n	10005b38 <_sbrk_r+0x14>
10005b40:	6023      	str	r3, [r4, #0]
10005b42:	bd38      	pop	{r3, r4, r5, pc}
10005b44:	20001258 	.word	0x20001258

10005b48 <__errno>:
10005b48:	4b01      	ldr	r3, [pc, #4]	@ (10005b50 <__errno+0x8>)
10005b4a:	6818      	ldr	r0, [r3, #0]
10005b4c:	4770      	bx	lr
10005b4e:	bf00      	nop
10005b50:	20000d60 	.word	0x20000d60

10005b54 <__retarget_lock_acquire_recursive>:
10005b54:	4770      	bx	lr
10005b56:	bf00      	nop

10005b58 <__retarget_lock_release_recursive>:
10005b58:	4770      	bx	lr
10005b5a:	bf00      	nop

10005b5c <sysconf>:
10005b5c:	2808      	cmp	r0, #8
10005b5e:	d102      	bne.n	10005b66 <sysconf+0xa>
10005b60:	f44f 5080 	mov.w	r0, #4096	@ 0x1000
10005b64:	4770      	bx	lr
10005b66:	b508      	push	{r3, lr}
10005b68:	f7ff ffee 	bl	10005b48 <__errno>
10005b6c:	2216      	movs	r2, #22
10005b6e:	4603      	mov	r3, r0
10005b70:	f04f 30ff 	mov.w	r0, #4294967295
10005b74:	601a      	str	r2, [r3, #0]
10005b76:	bd08      	pop	{r3, pc}

10005b78 <memcpy>:
10005b78:	4684      	mov	ip, r0
10005b7a:	ea41 0300 	orr.w	r3, r1, r0
10005b7e:	f013 0303 	ands.w	r3, r3, #3
10005b82:	d149      	bne.n	10005c18 <memcpy+0xa0>
10005b84:	3a40      	subs	r2, #64	@ 0x40
10005b86:	d323      	bcc.n	10005bd0 <memcpy+0x58>
10005b88:	680b      	ldr	r3, [r1, #0]
10005b8a:	6003      	str	r3, [r0, #0]
10005b8c:	684b      	ldr	r3, [r1, #4]
10005b8e:	6043      	str	r3, [r0, #4]
10005b90:	688b      	ldr	r3, [r1, #8]
10005b92:	6083      	str	r3, [r0, #8]
10005b94:	68cb      	ldr	r3, [r1, #12]
10005b96:	60c3      	str	r3, [r0, #12]
10005b98:	690b      	ldr	r3, [r1, #16]
10005b9a:	6103      	str	r3, [r0, #16]
10005b9c:	694b      	ldr	r3, [r1, #20]
10005b9e:	6143      	str	r3, [r0, #20]
10005ba0:	698b      	ldr	r3, [r1, #24]
10005ba2:	6183      	str	r3, [r0, #24]
10005ba4:	69cb      	ldr	r3, [r1, #28]
10005ba6:	61c3      	str	r3, [r0, #28]
10005ba8:	6a0b      	ldr	r3, [r1, #32]
10005baa:	6203      	str	r3, [r0, #32]
10005bac:	6a4b      	ldr	r3, [r1, #36]	@ 0x24
10005bae:	6243      	str	r3, [r0, #36]	@ 0x24
10005bb0:	6a8b      	ldr	r3, [r1, #40]	@ 0x28
10005bb2:	6283      	str	r3, [r0, #40]	@ 0x28
10005bb4:	6acb      	ldr	r3, [r1, #44]	@ 0x2c
10005bb6:	62c3      	str	r3, [r0, #44]	@ 0x2c
10005bb8:	6b0b      	ldr	r3, [r1, #48]	@ 0x30
10005bba:	6303      	str	r3, [r0, #48]	@ 0x30
10005bbc:	6b4b      	ldr	r3, [r1, #52]	@ 0x34
10005bbe:	6343      	str	r3, [r0, #52]	@ 0x34
10005bc0:	6b8b      	ldr	r3, [r1, #56]	@ 0x38
10005bc2:	6383      	str	r3, [r0, #56]	@ 0x38
10005bc4:	6bcb      	ldr	r3, [r1, #60]	@ 0x3c
10005bc6:	63c3      	str	r3, [r0, #60]	@ 0x3c
10005bc8:	3040      	adds	r0, #64	@ 0x40
10005bca:	3140      	adds	r1, #64	@ 0x40
10005bcc:	3a40      	subs	r2, #64	@ 0x40
10005bce:	d2db      	bcs.n	10005b88 <memcpy+0x10>
10005bd0:	3230      	adds	r2, #48	@ 0x30
10005bd2:	d30b      	bcc.n	10005bec <memcpy+0x74>
10005bd4:	680b      	ldr	r3, [r1, #0]
10005bd6:	6003      	str	r3, [r0, #0]
10005bd8:	684b      	ldr	r3, [r1, #4]
10005bda:	6043      	str	r3, [r0, #4]
10005bdc:	688b      	ldr	r3, [r1, #8]
10005bde:	6083      	str	r3, [r0, #8]
10005be0:	68cb      	ldr	r3, [r1, #12]
10005be2:	60c3      	str	r3, [r0, #12]
10005be4:	3010      	adds	r0, #16
10005be6:	3110      	adds	r1, #16
10005be8:	3a10      	subs	r2, #16
10005bea:	d2f3      	bcs.n	10005bd4 <memcpy+0x5c>
10005bec:	320c      	adds	r2, #12
10005bee:	d305      	bcc.n	10005bfc <memcpy+0x84>
10005bf0:	f851 3b04 	ldr.w	r3, [r1], #4
10005bf4:	f840 3b04 	str.w	r3, [r0], #4
10005bf8:	3a04      	subs	r2, #4
10005bfa:	d2f9      	bcs.n	10005bf0 <memcpy+0x78>
10005bfc:	3204      	adds	r2, #4
10005bfe:	d008      	beq.n	10005c12 <memcpy+0x9a>
10005c00:	07d2      	lsls	r2, r2, #31
10005c02:	bf1c      	itt	ne
10005c04:	f811 3b01 	ldrbne.w	r3, [r1], #1
10005c08:	f800 3b01 	strbne.w	r3, [r0], #1
10005c0c:	d301      	bcc.n	10005c12 <memcpy+0x9a>
10005c0e:	880b      	ldrh	r3, [r1, #0]
10005c10:	8003      	strh	r3, [r0, #0]
10005c12:	4660      	mov	r0, ip
10005c14:	4770      	bx	lr
10005c16:	bf00      	nop
10005c18:	2a08      	cmp	r2, #8
10005c1a:	d313      	bcc.n	10005c44 <memcpy+0xcc>
10005c1c:	078b      	lsls	r3, r1, #30
10005c1e:	d0b1      	beq.n	10005b84 <memcpy+0xc>
10005c20:	f010 0303 	ands.w	r3, r0, #3
10005c24:	d0ae      	beq.n	10005b84 <memcpy+0xc>
10005c26:	f1c3 0304 	rsb	r3, r3, #4
10005c2a:	1ad2      	subs	r2, r2, r3
10005c2c:	07db      	lsls	r3, r3, #31
10005c2e:	bf1c      	itt	ne
10005c30:	f811 3b01 	ldrbne.w	r3, [r1], #1
10005c34:	f800 3b01 	strbne.w	r3, [r0], #1
10005c38:	d3a4      	bcc.n	10005b84 <memcpy+0xc>
10005c3a:	f831 3b02 	ldrh.w	r3, [r1], #2
10005c3e:	f820 3b02 	strh.w	r3, [r0], #2
10005c42:	e79f      	b.n	10005b84 <memcpy+0xc>
10005c44:	3a04      	subs	r2, #4
10005c46:	d3d9      	bcc.n	10005bfc <memcpy+0x84>
10005c48:	3a01      	subs	r2, #1
10005c4a:	f811 3b01 	ldrb.w	r3, [r1], #1
10005c4e:	f800 3b01 	strb.w	r3, [r0], #1
10005c52:	d2f9      	bcs.n	10005c48 <memcpy+0xd0>
10005c54:	780b      	ldrb	r3, [r1, #0]
10005c56:	7003      	strb	r3, [r0, #0]
10005c58:	784b      	ldrb	r3, [r1, #1]
10005c5a:	7043      	strb	r3, [r0, #1]
10005c5c:	788b      	ldrb	r3, [r1, #2]
10005c5e:	7083      	strb	r3, [r0, #2]
10005c60:	4660      	mov	r0, ip
10005c62:	4770      	bx	lr

10005c64 <strlen>:
10005c64:	f020 0103 	bic.w	r1, r0, #3
10005c68:	f010 0003 	ands.w	r0, r0, #3
10005c6c:	f1c0 0000 	rsb	r0, r0, #0
10005c70:	f851 3b04 	ldr.w	r3, [r1], #4
10005c74:	f100 0c04 	add.w	ip, r0, #4
10005c78:	ea4f 0ccc 	mov.w	ip, ip, lsl #3
10005c7c:	f06f 0200 	mvn.w	r2, #0
10005c80:	bf1c      	itt	ne
10005c82:	fa22 f20c 	lsrne.w	r2, r2, ip
10005c86:	4313      	orrne	r3, r2
10005c88:	f04f 0c01 	mov.w	ip, #1
10005c8c:	ea4c 2c0c 	orr.w	ip, ip, ip, lsl #8
10005c90:	ea4c 4c0c 	orr.w	ip, ip, ip, lsl #16
10005c94:	eba3 020c 	sub.w	r2, r3, ip
10005c98:	ea22 0203 	bic.w	r2, r2, r3
10005c9c:	ea12 12cc 	ands.w	r2, r2, ip, lsl #7
10005ca0:	bf04      	itt	eq
10005ca2:	f851 3b04 	ldreq.w	r3, [r1], #4
10005ca6:	3004      	addeq	r0, #4
10005ca8:	d0f4      	beq.n	10005c94 <strlen+0x30>
10005caa:	f1c2 0100 	rsb	r1, r2, #0
10005cae:	ea02 0201 	and.w	r2, r2, r1
10005cb2:	fab2 f282 	clz	r2, r2
10005cb6:	f1c2 021f 	rsb	r2, r2, #31
10005cba:	eb00 00d2 	add.w	r0, r0, r2, lsr #3
10005cbe:	4770      	bx	lr

10005cc0 <_malloc_trim_r>:
10005cc0:	e92d 43f8 	stmdb	sp!, {r3, r4, r5, r6, r7, r8, r9, lr}
10005cc4:	4606      	mov	r6, r0
10005cc6:	f8df 80ac 	ldr.w	r8, [pc, #172]	@ 10005d74 <_malloc_trim_r+0xb4>
10005cca:	2008      	movs	r0, #8
10005ccc:	4689      	mov	r9, r1
10005cce:	f7ff ff45 	bl	10005b5c <sysconf>
10005cd2:	4605      	mov	r5, r0
10005cd4:	4630      	mov	r0, r6
10005cd6:	f7ff fecb 	bl	10005a70 <__malloc_lock>
10005cda:	f8d8 3008 	ldr.w	r3, [r8, #8]
10005cde:	685f      	ldr	r7, [r3, #4]
10005ce0:	f027 0703 	bic.w	r7, r7, #3
10005ce4:	f1a7 0411 	sub.w	r4, r7, #17
10005ce8:	eba4 0409 	sub.w	r4, r4, r9
10005cec:	442c      	add	r4, r5
10005cee:	fbb4 f4f5 	udiv	r4, r4, r5
10005cf2:	3c01      	subs	r4, #1
10005cf4:	fb05 f404 	mul.w	r4, r5, r4
10005cf8:	42a5      	cmp	r5, r4
10005cfa:	dc08      	bgt.n	10005d0e <_malloc_trim_r+0x4e>
10005cfc:	2100      	movs	r1, #0
10005cfe:	4630      	mov	r0, r6
10005d00:	f7ff ff10 	bl	10005b24 <_sbrk_r>
10005d04:	f8d8 3008 	ldr.w	r3, [r8, #8]
10005d08:	443b      	add	r3, r7
10005d0a:	4298      	cmp	r0, r3
10005d0c:	d005      	beq.n	10005d1a <_malloc_trim_r+0x5a>
10005d0e:	4630      	mov	r0, r6
10005d10:	f7ff feb4 	bl	10005a7c <__malloc_unlock>
10005d14:	2000      	movs	r0, #0
10005d16:	e8bd 83f8 	ldmia.w	sp!, {r3, r4, r5, r6, r7, r8, r9, pc}
10005d1a:	4261      	negs	r1, r4
10005d1c:	4630      	mov	r0, r6
10005d1e:	f7ff ff01 	bl	10005b24 <_sbrk_r>
10005d22:	3001      	adds	r0, #1
10005d24:	d00f      	beq.n	10005d46 <_malloc_trim_r+0x86>
10005d26:	1b3f      	subs	r7, r7, r4
10005d28:	4a10      	ldr	r2, [pc, #64]	@ (10005d6c <_malloc_trim_r+0xac>)
10005d2a:	f8d8 3008 	ldr.w	r3, [r8, #8]
10005d2e:	4630      	mov	r0, r6
10005d30:	f047 0701 	orr.w	r7, r7, #1
10005d34:	605f      	str	r7, [r3, #4]
10005d36:	6813      	ldr	r3, [r2, #0]
10005d38:	1b1b      	subs	r3, r3, r4
10005d3a:	6013      	str	r3, [r2, #0]
10005d3c:	f7ff fe9e 	bl	10005a7c <__malloc_unlock>
10005d40:	2001      	movs	r0, #1
10005d42:	e8bd 83f8 	ldmia.w	sp!, {r3, r4, r5, r6, r7, r8, r9, pc}
10005d46:	2100      	movs	r1, #0
10005d48:	4630      	mov	r0, r6
10005d4a:	f7ff feeb 	bl	10005b24 <_sbrk_r>
10005d4e:	f8d8 2008 	ldr.w	r2, [r8, #8]
10005d52:	1a83      	subs	r3, r0, r2
10005d54:	2b0f      	cmp	r3, #15
10005d56:	ddda      	ble.n	10005d0e <_malloc_trim_r+0x4e>
10005d58:	f043 0301 	orr.w	r3, r3, #1
10005d5c:	4903      	ldr	r1, [pc, #12]	@ (10005d6c <_malloc_trim_r+0xac>)
10005d5e:	6053      	str	r3, [r2, #4]
10005d60:	4b03      	ldr	r3, [pc, #12]	@ (10005d70 <_malloc_trim_r+0xb0>)
10005d62:	681b      	ldr	r3, [r3, #0]
10005d64:	1ac0      	subs	r0, r0, r3
10005d66:	6008      	str	r0, [r1, #0]
10005d68:	e7d1      	b.n	10005d0e <_malloc_trim_r+0x4e>
10005d6a:	bf00      	nop
10005d6c:	20001084 	.word	0x20001084
10005d70:	2000094c 	.word	0x2000094c
10005d74:	20000958 	.word	0x20000958

10005d78 <_free_r>:
10005d78:	2900      	cmp	r1, #0
10005d7a:	d05a      	beq.n	10005e32 <_free_r+0xba>
10005d7c:	b5f8      	push	{r3, r4, r5, r6, r7, lr}
10005d7e:	460c      	mov	r4, r1
10005d80:	4607      	mov	r7, r0
10005d82:	f7ff fe75 	bl	10005a70 <__malloc_lock>
10005d86:	4d73      	ldr	r5, [pc, #460]	@ (10005f54 <_free_r+0x1dc>)
10005d88:	f854 cc04 	ldr.w	ip, [r4, #-4]
10005d8c:	f1a4 0208 	sub.w	r2, r4, #8
10005d90:	68a8      	ldr	r0, [r5, #8]
10005d92:	f02c 0301 	bic.w	r3, ip, #1
10005d96:	f00c 0e01 	and.w	lr, ip, #1
10005d9a:	18d1      	adds	r1, r2, r3
10005d9c:	684e      	ldr	r6, [r1, #4]
10005d9e:	4288      	cmp	r0, r1
10005da0:	f026 0603 	bic.w	r6, r6, #3
10005da4:	d07c      	beq.n	10005ea0 <_free_r+0x128>
10005da6:	1988      	adds	r0, r1, r6
10005da8:	604e      	str	r6, [r1, #4]
10005daa:	6840      	ldr	r0, [r0, #4]
10005dac:	f000 0001 	and.w	r0, r0, #1
10005db0:	f1be 0f00 	cmp.w	lr, #0
10005db4:	d12e      	bne.n	10005e14 <_free_r+0x9c>
10005db6:	f854 4c08 	ldr.w	r4, [r4, #-8]
10005dba:	f105 0c08 	add.w	ip, r5, #8
10005dbe:	1b12      	subs	r2, r2, r4
10005dc0:	4423      	add	r3, r4
10005dc2:	6894      	ldr	r4, [r2, #8]
10005dc4:	4564      	cmp	r4, ip
10005dc6:	d060      	beq.n	10005e8a <_free_r+0x112>
10005dc8:	f8d2 e00c 	ldr.w	lr, [r2, #12]
10005dcc:	f8c4 e00c 	str.w	lr, [r4, #12]
10005dd0:	f8ce 4008 	str.w	r4, [lr, #8]
10005dd4:	2800      	cmp	r0, #0
10005dd6:	d07d      	beq.n	10005ed4 <_free_r+0x15c>
10005dd8:	f043 0001 	orr.w	r0, r3, #1
10005ddc:	6050      	str	r0, [r2, #4]
10005dde:	600b      	str	r3, [r1, #0]
10005de0:	f5b3 7f00 	cmp.w	r3, #512	@ 0x200
10005de4:	d22e      	bcs.n	10005e44 <_free_r+0xcc>
10005de6:	0958      	lsrs	r0, r3, #5
10005de8:	08d9      	lsrs	r1, r3, #3
10005dea:	2301      	movs	r3, #1
10005dec:	4083      	lsls	r3, r0
10005dee:	6868      	ldr	r0, [r5, #4]
10005df0:	3101      	adds	r1, #1
10005df2:	4303      	orrs	r3, r0
10005df4:	f855 0031 	ldr.w	r0, [r5, r1, lsl #3]
10005df8:	606b      	str	r3, [r5, #4]
10005dfa:	eb05 03c1 	add.w	r3, r5, r1, lsl #3
10005dfe:	3b08      	subs	r3, #8
10005e00:	e9c2 0302 	strd	r0, r3, [r2, #8]
10005e04:	f845 2031 	str.w	r2, [r5, r1, lsl #3]
10005e08:	60c2      	str	r2, [r0, #12]
10005e0a:	4638      	mov	r0, r7
10005e0c:	e8bd 40f8 	ldmia.w	sp!, {r3, r4, r5, r6, r7, lr}
10005e10:	f7ff be34 	b.w	10005a7c <__malloc_unlock>
10005e14:	b970      	cbnz	r0, 10005e34 <_free_r+0xbc>
10005e16:	4433      	add	r3, r6
10005e18:	f105 0c08 	add.w	ip, r5, #8
10005e1c:	6888      	ldr	r0, [r1, #8]
10005e1e:	f043 0401 	orr.w	r4, r3, #1
10005e22:	4560      	cmp	r0, ip
10005e24:	d06e      	beq.n	10005f04 <_free_r+0x18c>
10005e26:	68c9      	ldr	r1, [r1, #12]
10005e28:	60c1      	str	r1, [r0, #12]
10005e2a:	6088      	str	r0, [r1, #8]
10005e2c:	6054      	str	r4, [r2, #4]
10005e2e:	50d3      	str	r3, [r2, r3]
10005e30:	e7d6      	b.n	10005de0 <_free_r+0x68>
10005e32:	4770      	bx	lr
10005e34:	f04c 0101 	orr.w	r1, ip, #1
10005e38:	f5b3 7f00 	cmp.w	r3, #512	@ 0x200
10005e3c:	f844 1c04 	str.w	r1, [r4, #-4]
10005e40:	50d3      	str	r3, [r2, r3]
10005e42:	d3d0      	bcc.n	10005de6 <_free_r+0x6e>
10005e44:	f5b3 6f20 	cmp.w	r3, #2560	@ 0xa00
10005e48:	ea4f 2153 	mov.w	r1, r3, lsr #9
10005e4c:	d244      	bcs.n	10005ed8 <_free_r+0x160>
10005e4e:	0999      	lsrs	r1, r3, #6
10005e50:	f101 0039 	add.w	r0, r1, #57	@ 0x39
10005e54:	f101 0438 	add.w	r4, r1, #56	@ 0x38
10005e58:	00c1      	lsls	r1, r0, #3
10005e5a:	1868      	adds	r0, r5, r1
10005e5c:	5869      	ldr	r1, [r5, r1]
10005e5e:	3808      	subs	r0, #8
10005e60:	4288      	cmp	r0, r1
10005e62:	d103      	bne.n	10005e6c <_free_r+0xf4>
10005e64:	e055      	b.n	10005f12 <_free_r+0x19a>
10005e66:	6889      	ldr	r1, [r1, #8]
10005e68:	4288      	cmp	r0, r1
10005e6a:	d004      	beq.n	10005e76 <_free_r+0xfe>
10005e6c:	684c      	ldr	r4, [r1, #4]
10005e6e:	f024 0403 	bic.w	r4, r4, #3
10005e72:	429c      	cmp	r4, r3
10005e74:	d8f7      	bhi.n	10005e66 <_free_r+0xee>
10005e76:	68c8      	ldr	r0, [r1, #12]
10005e78:	e9c2 1002 	strd	r1, r0, [r2, #8]
10005e7c:	6082      	str	r2, [r0, #8]
10005e7e:	4638      	mov	r0, r7
10005e80:	60ca      	str	r2, [r1, #12]
10005e82:	e8bd 40f8 	ldmia.w	sp!, {r3, r4, r5, r6, r7, lr}
10005e86:	f7ff bdf9 	b.w	10005a7c <__malloc_unlock>
10005e8a:	bb80      	cbnz	r0, 10005eee <_free_r+0x176>
10005e8c:	441e      	add	r6, r3
10005e8e:	e9d1 1302 	ldrd	r1, r3, [r1, #8]
10005e92:	60cb      	str	r3, [r1, #12]
10005e94:	6099      	str	r1, [r3, #8]
10005e96:	f046 0301 	orr.w	r3, r6, #1
10005e9a:	6053      	str	r3, [r2, #4]
10005e9c:	5196      	str	r6, [r2, r6]
10005e9e:	e7b4      	b.n	10005e0a <_free_r+0x92>
10005ea0:	441e      	add	r6, r3
10005ea2:	f1be 0f00 	cmp.w	lr, #0
10005ea6:	d107      	bne.n	10005eb8 <_free_r+0x140>
10005ea8:	f854 3c08 	ldr.w	r3, [r4, #-8]
10005eac:	1ad2      	subs	r2, r2, r3
10005eae:	441e      	add	r6, r3
10005eb0:	e9d2 1302 	ldrd	r1, r3, [r2, #8]
10005eb4:	60cb      	str	r3, [r1, #12]
10005eb6:	6099      	str	r1, [r3, #8]
10005eb8:	f046 0301 	orr.w	r3, r6, #1
10005ebc:	6053      	str	r3, [r2, #4]
10005ebe:	4b26      	ldr	r3, [pc, #152]	@ (10005f58 <_free_r+0x1e0>)
10005ec0:	60aa      	str	r2, [r5, #8]
10005ec2:	681b      	ldr	r3, [r3, #0]
10005ec4:	42b3      	cmp	r3, r6
10005ec6:	d8a0      	bhi.n	10005e0a <_free_r+0x92>
10005ec8:	4b24      	ldr	r3, [pc, #144]	@ (10005f5c <_free_r+0x1e4>)
10005eca:	4638      	mov	r0, r7
10005ecc:	6819      	ldr	r1, [r3, #0]
10005ece:	f7ff fef7 	bl	10005cc0 <_malloc_trim_r>
10005ed2:	e79a      	b.n	10005e0a <_free_r+0x92>
10005ed4:	4433      	add	r3, r6
10005ed6:	e7a1      	b.n	10005e1c <_free_r+0xa4>
10005ed8:	2914      	cmp	r1, #20
10005eda:	d90d      	bls.n	10005ef8 <_free_r+0x180>
10005edc:	2954      	cmp	r1, #84	@ 0x54
10005ede:	d81f      	bhi.n	10005f20 <_free_r+0x1a8>
10005ee0:	0b19      	lsrs	r1, r3, #12
10005ee2:	f101 006f 	add.w	r0, r1, #111	@ 0x6f
10005ee6:	f101 046e 	add.w	r4, r1, #110	@ 0x6e
10005eea:	00c1      	lsls	r1, r0, #3
10005eec:	e7b5      	b.n	10005e5a <_free_r+0xe2>
10005eee:	f043 0001 	orr.w	r0, r3, #1
10005ef2:	6050      	str	r0, [r2, #4]
10005ef4:	600b      	str	r3, [r1, #0]
10005ef6:	e788      	b.n	10005e0a <_free_r+0x92>
10005ef8:	f101 005c 	add.w	r0, r1, #92	@ 0x5c
10005efc:	f101 045b 	add.w	r4, r1, #91	@ 0x5b
10005f00:	00c1      	lsls	r1, r0, #3
10005f02:	e7aa      	b.n	10005e5a <_free_r+0xe2>
10005f04:	e9c5 2204 	strd	r2, r2, [r5, #16]
10005f08:	e9c2 cc02 	strd	ip, ip, [r2, #8]
10005f0c:	6054      	str	r4, [r2, #4]
10005f0e:	50d3      	str	r3, [r2, r3]
10005f10:	e77b      	b.n	10005e0a <_free_r+0x92>
10005f12:	10a4      	asrs	r4, r4, #2
10005f14:	2301      	movs	r3, #1
10005f16:	40a3      	lsls	r3, r4
10005f18:	686c      	ldr	r4, [r5, #4]
10005f1a:	4323      	orrs	r3, r4
10005f1c:	606b      	str	r3, [r5, #4]
10005f1e:	e7ab      	b.n	10005e78 <_free_r+0x100>
10005f20:	f5b1 7faa 	cmp.w	r1, #340	@ 0x154
10005f24:	d806      	bhi.n	10005f34 <_free_r+0x1bc>
10005f26:	0bd9      	lsrs	r1, r3, #15
10005f28:	f101 0078 	add.w	r0, r1, #120	@ 0x78
10005f2c:	f101 0477 	add.w	r4, r1, #119	@ 0x77
10005f30:	00c1      	lsls	r1, r0, #3
10005f32:	e792      	b.n	10005e5a <_free_r+0xe2>
10005f34:	f240 5054 	movw	r0, #1364	@ 0x554
10005f38:	4281      	cmp	r1, r0
10005f3a:	d806      	bhi.n	10005f4a <_free_r+0x1d2>
10005f3c:	0c99      	lsrs	r1, r3, #18
10005f3e:	f101 007d 	add.w	r0, r1, #125	@ 0x7d
10005f42:	f101 047c 	add.w	r4, r1, #124	@ 0x7c
10005f46:	00c1      	lsls	r1, r0, #3
10005f48:	e787      	b.n	10005e5a <_free_r+0xe2>
10005f4a:	f44f 717e 	mov.w	r1, #1016	@ 0x3f8
10005f4e:	247e      	movs	r4, #126	@ 0x7e
10005f50:	e783      	b.n	10005e5a <_free_r+0xe2>
10005f52:	bf00      	nop
10005f54:	20000958 	.word	0x20000958
10005f58:	20000950 	.word	0x20000950
10005f5c:	200010b4 	.word	0x200010b4

10005f60 <_fini>:
10005f60:	b5f8      	push	{r3, r4, r5, r6, r7, lr}
10005f62:	bf00      	nop
10005f64:	0000      	movs	r0, r0
	...

10005f68 <____aeabi_f2d_veneer>:
10005f68:	f85f f000 	ldr.w	pc, [pc]	@ 10005f6c <____aeabi_f2d_veneer+0x4>
10005f6c:	200004e9 	.word	0x200004e9

10005f70 <____aeabi_uldivmod_veneer>:
10005f70:	f85f f000 	ldr.w	pc, [pc]	@ 10005f74 <____aeabi_uldivmod_veneer+0x4>
10005f74:	20000599 	.word	0x20000599

10005f78 <__mutex_exit_veneer>:
10005f78:	f85f f000 	ldr.w	pc, [pc]	@ 10005f7c <__mutex_exit_veneer+0x4>
10005f7c:	200001e5 	.word	0x200001e5

10005f80 <__mutex_try_enter_block_until_veneer>:
10005f80:	f85f f000 	ldr.w	pc, [pc]	@ 10005f84 <__mutex_try_enter_block_until_veneer+0x4>
10005f84:	2000017d 	.word	0x2000017d

10005f88 <__pre_init_runtime_init_bootrom_reset>:
10005f88:	100010b5                                ....

10005f8c <__pre_init_runtime_init_early_resets>:
10005f8c:	10001029                                )...

10005f90 <__pre_init_runtime_init_usb_power_down>:
10005f90:	1000105d                                ]...

10005f94 <__pre_init_runtime_init_clocks>:
10005f94:	10001101                                ....

10005f98 <__pre_init_runtime_init_post_clock_resets>:
10005f98:	10001095                                ....

10005f9c <__pre_init_runtime_init_boot_locks_reset>:
10005f9c:	10000fad                                ....

10005fa0 <__pre_init_runtime_init_spin_locks_reset>:
10005fa0:	100010dd                                ....

10005fa4 <__pre_init_runtime_init_bootrom_locking_enable>:
10005fa4:	10000f99                                ....

10005fa8 <__pre_init_runtime_init_mutex>:
10005fa8:	10000625                                %...

10005fac <__pre_init_runtime_init_install_ram_vector_table>:
10005fac:	100010e1                                ....

10005fb0 <__pre_init_runtime_init_default_alarm_pool>:
10005fb0:	100009a1                                ....

10005fb4 <__pre_init_first_per_core_initializer>:
10005fb4:	10000ff9                                ....

10005fb8 <__pre_init_runtime_init_per_core_bootrom_reset>:
10005fb8:	100010c9                                ....

10005fbc <__pre_init_runtime_init_per_core_enable_coprocessors>:
10005fbc:	10001079                                y...

10005fc0 <__pre_init_spinlock_set_extexclall>:
10005fc0:	10000525                                %...

10005fc4 <__pre_init_runtime_init_per_core_irq_priorities>:
10005fc4:	1000054d                                M...

10005fc8 <__frame_dummy_init_array_entry>:
10005fc8:	10000219 10004f29                       ....)O..

Disassembly of section .data:

20000110 <mutex_enter_block_until>:
20000110:	f04f 4150 	mov.w	r1, #3489660928	@ 0xd0000000
20000114:	e92d 41f0 	stmdb	sp!, {r4, r5, r6, r7, r8, lr}
20000118:	2700      	movs	r7, #0
2000011a:	4604      	mov	r4, r0
2000011c:	4616      	mov	r6, r2
2000011e:	461d      	mov	r5, r3
20000120:	f8d1 8000 	ldr.w	r8, [r1]
20000124:	e008      	b.n	20000138 <mutex_enter_block_until+0x28>
20000126:	e8c1 7f8f 	stlb	r7, [r1]
2000012a:	f38c 8810 	msr	PRIMASK, ip
2000012e:	4630      	mov	r0, r6
20000130:	4629      	mov	r1, r5
20000132:	f000 fbf1 	bl	20000918 <__best_effort_wfe_or_timeout_veneer>
20000136:	b9e8      	cbnz	r0, 20000174 <mutex_enter_block_until+0x64>
20000138:	6821      	ldr	r1, [r4, #0]
2000013a:	f3ef 8c10 	mrs	ip, PRIMASK
2000013e:	b672      	cpsid	i
20000140:	e8d1 2fcf 	ldaexb	r2, [r1]
20000144:	2301      	movs	r3, #1
20000146:	2a00      	cmp	r2, #0
20000148:	d1fa      	bne.n	20000140 <mutex_enter_block_until+0x30>
2000014a:	e8c1 3f42 	strexb	r2, r3, [r1]
2000014e:	2a00      	cmp	r2, #0
20000150:	d1f6      	bne.n	20000140 <mutex_enter_block_until+0x30>
20000152:	f3bf 8f5f 	dmb	sy
20000156:	f994 3004 	ldrsb.w	r3, [r4, #4]
2000015a:	6821      	ldr	r1, [r4, #0]
2000015c:	2b00      	cmp	r3, #0
2000015e:	dae2      	bge.n	20000126 <mutex_enter_block_until+0x16>
20000160:	2300      	movs	r3, #0
20000162:	f884 8004 	strb.w	r8, [r4, #4]
20000166:	e8c1 3f8f 	stlb	r3, [r1]
2000016a:	f38c 8810 	msr	PRIMASK, ip
2000016e:	2001      	movs	r0, #1
20000170:	e8bd 81f0 	ldmia.w	sp!, {r4, r5, r6, r7, r8, pc}
20000174:	2000      	movs	r0, #0
20000176:	e8bd 81f0 	ldmia.w	sp!, {r4, r5, r6, r7, r8, pc}
2000017a:	bf00      	nop

2000017c <mutex_try_enter_block_until>:
2000017c:	b530      	push	{r4, r5, lr}
2000017e:	6804      	ldr	r4, [r0, #0]
20000180:	f3ef 8c10 	mrs	ip, PRIMASK
20000184:	b672      	cpsid	i
20000186:	e8d4 efcf 	ldaexb	lr, [r4]
2000018a:	2501      	movs	r5, #1
2000018c:	f1be 0f00 	cmp.w	lr, #0
20000190:	d1f9      	bne.n	20000186 <mutex_try_enter_block_until+0xa>
20000192:	e8c4 5f4e 	strexb	lr, r5, [r4]
20000196:	f1be 0f00 	cmp.w	lr, #0
2000019a:	d1f4      	bne.n	20000186 <mutex_try_enter_block_until+0xa>
2000019c:	f3bf 8f5f 	dmb	sy
200001a0:	f990 4004 	ldrsb.w	r4, [r0, #4]
200001a4:	6805      	ldr	r5, [r0, #0]
200001a6:	2c00      	cmp	r4, #0
200001a8:	db10      	blt.n	200001cc <mutex_try_enter_block_until+0x50>
200001aa:	2100      	movs	r1, #0
200001ac:	e8c5 1f8f 	stlb	r1, [r5]
200001b0:	f38c 8810 	msr	PRIMASK, ip
200001b4:	f04f 4550 	mov.w	r5, #3489660928	@ 0xd0000000
200001b8:	f995 5000 	ldrsb.w	r5, [r5]
200001bc:	42a5      	cmp	r5, r4
200001be:	d101      	bne.n	200001c4 <mutex_try_enter_block_until+0x48>
200001c0:	4608      	mov	r0, r1
200001c2:	bd30      	pop	{r4, r5, pc}
200001c4:	e8bd 4030 	ldmia.w	sp!, {r4, r5, lr}
200001c8:	f7ff bfa2 	b.w	20000110 <mutex_enter_block_until>
200001cc:	f04f 4250 	mov.w	r2, #3489660928	@ 0xd0000000
200001d0:	6812      	ldr	r2, [r2, #0]
200001d2:	2300      	movs	r3, #0
200001d4:	7102      	strb	r2, [r0, #4]
200001d6:	e8c5 3f8f 	stlb	r3, [r5]
200001da:	f38c 8810 	msr	PRIMASK, ip
200001de:	2001      	movs	r0, #1
200001e0:	bd30      	pop	{r4, r5, pc}
200001e2:	bf00      	nop

200001e4 <mutex_exit>:
200001e4:	6803      	ldr	r3, [r0, #0]
200001e6:	f3ef 8210 	mrs	r2, PRIMASK
200001ea:	b672      	cpsid	i
200001ec:	e8d3 cfcf 	ldaexb	ip, [r3]
200001f0:	2101      	movs	r1, #1
200001f2:	f1bc 0f00 	cmp.w	ip, #0
200001f6:	d1f9      	bne.n	200001ec <mutex_exit+0x8>
200001f8:	e8c3 1f4c 	strexb	ip, r1, [r3]
200001fc:	f1bc 0f00 	cmp.w	ip, #0
20000200:	d1f4      	bne.n	200001ec <mutex_exit+0x8>
20000202:	f3bf 8f5f 	dmb	sy
20000206:	f04f 0cff 	mov.w	ip, #255	@ 0xff
2000020a:	2300      	movs	r3, #0
2000020c:	6801      	ldr	r1, [r0, #0]
2000020e:	f880 c004 	strb.w	ip, [r0, #4]
20000212:	e8c1 3f8f 	stlb	r3, [r1]
20000216:	f382 8810 	msr	PRIMASK, r2
2000021a:	bf40      	sev
2000021c:	4770      	bx	lr
2000021e:	bf00      	nop

20000220 <__aeabi_drsub>:
20000220:	f081 4100 	eor.w	r1, r1, #2147483648	@ 0x80000000
20000224:	e002      	b.n	2000022c <__adddf3>
20000226:	bf00      	nop

20000228 <__aeabi_dsub>:
20000228:	f083 4300 	eor.w	r3, r3, #2147483648	@ 0x80000000

2000022c <__adddf3>:
2000022c:	b530      	push	{r4, r5, lr}
2000022e:	ea4f 0441 	mov.w	r4, r1, lsl #1
20000232:	ea4f 0543 	mov.w	r5, r3, lsl #1
20000236:	ea94 0f05 	teq	r4, r5
2000023a:	bf08      	it	eq
2000023c:	ea90 0f02 	teqeq	r0, r2
20000240:	bf1f      	itttt	ne
20000242:	ea54 0c00 	orrsne.w	ip, r4, r0
20000246:	ea55 0c02 	orrsne.w	ip, r5, r2
2000024a:	ea7f 5c64 	mvnsne.w	ip, r4, asr #21
2000024e:	ea7f 5c65 	mvnsne.w	ip, r5, asr #21
20000252:	f000 80e2 	beq.w	2000041a <__adddf3+0x1ee>
20000256:	ea4f 5454 	mov.w	r4, r4, lsr #21
2000025a:	ebd4 5555 	rsbs	r5, r4, r5, lsr #21
2000025e:	bfb8      	it	lt
20000260:	426d      	neglt	r5, r5
20000262:	dd0c      	ble.n	2000027e <__adddf3+0x52>
20000264:	442c      	add	r4, r5
20000266:	ea80 0202 	eor.w	r2, r0, r2
2000026a:	ea81 0303 	eor.w	r3, r1, r3
2000026e:	ea82 0000 	eor.w	r0, r2, r0
20000272:	ea83 0101 	eor.w	r1, r3, r1
20000276:	ea80 0202 	eor.w	r2, r0, r2
2000027a:	ea81 0303 	eor.w	r3, r1, r3
2000027e:	2d36      	cmp	r5, #54	@ 0x36
20000280:	bf88      	it	hi
20000282:	bd30      	pophi	{r4, r5, pc}
20000284:	f011 4f00 	tst.w	r1, #2147483648	@ 0x80000000
20000288:	ea4f 3101 	mov.w	r1, r1, lsl #12
2000028c:	f44f 1c80 	mov.w	ip, #1048576	@ 0x100000
20000290:	ea4c 3111 	orr.w	r1, ip, r1, lsr #12
20000294:	d002      	beq.n	2000029c <__adddf3+0x70>
20000296:	4240      	negs	r0, r0
20000298:	eb61 0141 	sbc.w	r1, r1, r1, lsl #1
2000029c:	f013 4f00 	tst.w	r3, #2147483648	@ 0x80000000
200002a0:	ea4f 3303 	mov.w	r3, r3, lsl #12
200002a4:	ea4c 3313 	orr.w	r3, ip, r3, lsr #12
200002a8:	d002      	beq.n	200002b0 <__adddf3+0x84>
200002aa:	4252      	negs	r2, r2
200002ac:	eb63 0343 	sbc.w	r3, r3, r3, lsl #1
200002b0:	ea94 0f05 	teq	r4, r5
200002b4:	f000 80a7 	beq.w	20000406 <__adddf3+0x1da>
200002b8:	f1a4 0401 	sub.w	r4, r4, #1
200002bc:	f1d5 0e20 	rsbs	lr, r5, #32
200002c0:	db0d      	blt.n	200002de <__adddf3+0xb2>
200002c2:	fa02 fc0e 	lsl.w	ip, r2, lr
200002c6:	fa22 f205 	lsr.w	r2, r2, r5
200002ca:	1880      	adds	r0, r0, r2
200002cc:	f141 0100 	adc.w	r1, r1, #0
200002d0:	fa03 f20e 	lsl.w	r2, r3, lr
200002d4:	1880      	adds	r0, r0, r2
200002d6:	fa43 f305 	asr.w	r3, r3, r5
200002da:	4159      	adcs	r1, r3
200002dc:	e00e      	b.n	200002fc <__adddf3+0xd0>
200002de:	f1a5 0520 	sub.w	r5, r5, #32
200002e2:	f10e 0e20 	add.w	lr, lr, #32
200002e6:	2a01      	cmp	r2, #1
200002e8:	fa03 fc0e 	lsl.w	ip, r3, lr
200002ec:	bf28      	it	cs
200002ee:	f04c 0c02 	orrcs.w	ip, ip, #2
200002f2:	fa43 f305 	asr.w	r3, r3, r5
200002f6:	18c0      	adds	r0, r0, r3
200002f8:	eb51 71e3 	adcs.w	r1, r1, r3, asr #31
200002fc:	f001 4500 	and.w	r5, r1, #2147483648	@ 0x80000000
20000300:	d507      	bpl.n	20000312 <__adddf3+0xe6>
20000302:	f04f 0e00 	mov.w	lr, #0
20000306:	f1dc 0c00 	rsbs	ip, ip, #0
2000030a:	eb7e 0000 	sbcs.w	r0, lr, r0
2000030e:	eb6e 0101 	sbc.w	r1, lr, r1
20000312:	f5b1 1f80 	cmp.w	r1, #1048576	@ 0x100000
20000316:	d31b      	bcc.n	20000350 <__adddf3+0x124>
20000318:	f5b1 1f00 	cmp.w	r1, #2097152	@ 0x200000
2000031c:	d30c      	bcc.n	20000338 <__adddf3+0x10c>
2000031e:	0849      	lsrs	r1, r1, #1
20000320:	ea5f 0030 	movs.w	r0, r0, rrx
20000324:	ea4f 0c3c 	mov.w	ip, ip, rrx
20000328:	f104 0401 	add.w	r4, r4, #1
2000032c:	ea4f 5244 	mov.w	r2, r4, lsl #21
20000330:	f512 0f80 	cmn.w	r2, #4194304	@ 0x400000
20000334:	f080 809a 	bcs.w	2000046c <__adddf3+0x240>
20000338:	f1bc 4f00 	cmp.w	ip, #2147483648	@ 0x80000000
2000033c:	bf08      	it	eq
2000033e:	ea5f 0c50 	movseq.w	ip, r0, lsr #1
20000342:	f150 0000 	adcs.w	r0, r0, #0
20000346:	eb41 5104 	adc.w	r1, r1, r4, lsl #20
2000034a:	ea41 0105 	orr.w	r1, r1, r5
2000034e:	bd30      	pop	{r4, r5, pc}
20000350:	ea5f 0c4c 	movs.w	ip, ip, lsl #1
20000354:	4140      	adcs	r0, r0
20000356:	eb41 0101 	adc.w	r1, r1, r1
2000035a:	3c01      	subs	r4, #1
2000035c:	bf28      	it	cs
2000035e:	f5b1 1f80 	cmpcs.w	r1, #1048576	@ 0x100000
20000362:	d2e9      	bcs.n	20000338 <__adddf3+0x10c>
20000364:	f091 0f00 	teq	r1, #0
20000368:	bf04      	itt	eq
2000036a:	4601      	moveq	r1, r0
2000036c:	2000      	moveq	r0, #0
2000036e:	fab1 f381 	clz	r3, r1
20000372:	bf08      	it	eq
20000374:	3320      	addeq	r3, #32
20000376:	f1a3 030b 	sub.w	r3, r3, #11
2000037a:	f1b3 0220 	subs.w	r2, r3, #32
2000037e:	da0c      	bge.n	2000039a <__adddf3+0x16e>
20000380:	320c      	adds	r2, #12
20000382:	dd08      	ble.n	20000396 <__adddf3+0x16a>
20000384:	f102 0c14 	add.w	ip, r2, #20
20000388:	f1c2 020c 	rsb	r2, r2, #12
2000038c:	fa01 f00c 	lsl.w	r0, r1, ip
20000390:	fa21 f102 	lsr.w	r1, r1, r2
20000394:	e00c      	b.n	200003b0 <__adddf3+0x184>
20000396:	f102 0214 	add.w	r2, r2, #20
2000039a:	bfd8      	it	le
2000039c:	f1c2 0c20 	rsble	ip, r2, #32
200003a0:	fa01 f102 	lsl.w	r1, r1, r2
200003a4:	fa20 fc0c 	lsr.w	ip, r0, ip
200003a8:	bfdc      	itt	le
200003aa:	ea41 010c 	orrle.w	r1, r1, ip
200003ae:	4090      	lslle	r0, r2
200003b0:	1ae4      	subs	r4, r4, r3
200003b2:	bfa2      	ittt	ge
200003b4:	eb01 5104 	addge.w	r1, r1, r4, lsl #20
200003b8:	4329      	orrge	r1, r5
200003ba:	bd30      	popge	{r4, r5, pc}
200003bc:	ea6f 0404 	mvn.w	r4, r4
200003c0:	3c1f      	subs	r4, #31
200003c2:	da1c      	bge.n	200003fe <__adddf3+0x1d2>
200003c4:	340c      	adds	r4, #12
200003c6:	dc0e      	bgt.n	200003e6 <__adddf3+0x1ba>
200003c8:	f104 0414 	add.w	r4, r4, #20
200003cc:	f1c4 0220 	rsb	r2, r4, #32
200003d0:	fa20 f004 	lsr.w	r0, r0, r4
200003d4:	fa01 f302 	lsl.w	r3, r1, r2
200003d8:	ea40 0003 	orr.w	r0, r0, r3
200003dc:	fa21 f304 	lsr.w	r3, r1, r4
200003e0:	ea45 0103 	orr.w	r1, r5, r3
200003e4:	bd30      	pop	{r4, r5, pc}
200003e6:	f1c4 040c 	rsb	r4, r4, #12
200003ea:	f1c4 0220 	rsb	r2, r4, #32
200003ee:	fa20 f002 	lsr.w	r0, r0, r2
200003f2:	fa01 f304 	lsl.w	r3, r1, r4
200003f6:	ea40 0003 	orr.w	r0, r0, r3
200003fa:	4629      	mov	r1, r5
200003fc:	bd30      	pop	{r4, r5, pc}
200003fe:	fa21 f004 	lsr.w	r0, r1, r4
20000402:	4629      	mov	r1, r5
20000404:	bd30      	pop	{r4, r5, pc}
20000406:	f094 0f00 	teq	r4, #0
2000040a:	f483 1380 	eor.w	r3, r3, #1048576	@ 0x100000
2000040e:	bf06      	itte	eq
20000410:	f481 1180 	eoreq.w	r1, r1, #1048576	@ 0x100000
20000414:	3401      	addeq	r4, #1
20000416:	3d01      	subne	r5, #1
20000418:	e74e      	b.n	200002b8 <__adddf3+0x8c>
2000041a:	ea7f 5c64 	mvns.w	ip, r4, asr #21
2000041e:	bf18      	it	ne
20000420:	ea7f 5c65 	mvnsne.w	ip, r5, asr #21
20000424:	d029      	beq.n	2000047a <__adddf3+0x24e>
20000426:	ea94 0f05 	teq	r4, r5
2000042a:	bf08      	it	eq
2000042c:	ea90 0f02 	teqeq	r0, r2
20000430:	d005      	beq.n	2000043e <__adddf3+0x212>
20000432:	ea54 0c00 	orrs.w	ip, r4, r0
20000436:	bf04      	itt	eq
20000438:	4619      	moveq	r1, r3
2000043a:	4610      	moveq	r0, r2
2000043c:	bd30      	pop	{r4, r5, pc}
2000043e:	ea91 0f03 	teq	r1, r3
20000442:	bf1e      	ittt	ne
20000444:	2100      	movne	r1, #0
20000446:	2000      	movne	r0, #0
20000448:	bd30      	popne	{r4, r5, pc}
2000044a:	ea5f 5c54 	movs.w	ip, r4, lsr #21
2000044e:	d105      	bne.n	2000045c <__adddf3+0x230>
20000450:	0040      	lsls	r0, r0, #1
20000452:	4149      	adcs	r1, r1
20000454:	bf28      	it	cs
20000456:	f041 4100 	orrcs.w	r1, r1, #2147483648	@ 0x80000000
2000045a:	bd30      	pop	{r4, r5, pc}
2000045c:	f514 0480 	adds.w	r4, r4, #4194304	@ 0x400000
20000460:	bf3c      	itt	cc
20000462:	f501 1180 	addcc.w	r1, r1, #1048576	@ 0x100000
20000466:	bd30      	popcc	{r4, r5, pc}
20000468:	f001 4500 	and.w	r5, r1, #2147483648	@ 0x80000000
2000046c:	f045 41fe 	orr.w	r1, r5, #2130706432	@ 0x7f000000
20000470:	f441 0170 	orr.w	r1, r1, #15728640	@ 0xf00000
20000474:	f04f 0000 	mov.w	r0, #0
20000478:	bd30      	pop	{r4, r5, pc}
2000047a:	ea7f 5c64 	mvns.w	ip, r4, asr #21
2000047e:	bf1a      	itte	ne
20000480:	4619      	movne	r1, r3
20000482:	4610      	movne	r0, r2
20000484:	ea7f 5c65 	mvnseq.w	ip, r5, asr #21
20000488:	bf1c      	itt	ne
2000048a:	460b      	movne	r3, r1
2000048c:	4602      	movne	r2, r0
2000048e:	ea50 3401 	orrs.w	r4, r0, r1, lsl #12
20000492:	bf06      	itte	eq
20000494:	ea52 3503 	orrseq.w	r5, r2, r3, lsl #12
20000498:	ea91 0f03 	teqeq	r1, r3
2000049c:	f441 2100 	orrne.w	r1, r1, #524288	@ 0x80000
200004a0:	bd30      	pop	{r4, r5, pc}
200004a2:	bf00      	nop

200004a4 <__aeabi_ui2d>:
200004a4:	f090 0f00 	teq	r0, #0
200004a8:	bf04      	itt	eq
200004aa:	2100      	moveq	r1, #0
200004ac:	4770      	bxeq	lr
200004ae:	b530      	push	{r4, r5, lr}
200004b0:	f44f 6480 	mov.w	r4, #1024	@ 0x400
200004b4:	f104 0432 	add.w	r4, r4, #50	@ 0x32
200004b8:	f04f 0500 	mov.w	r5, #0
200004bc:	f04f 0100 	mov.w	r1, #0
200004c0:	e750      	b.n	20000364 <__adddf3+0x138>
200004c2:	bf00      	nop

200004c4 <__aeabi_i2d>:
200004c4:	f090 0f00 	teq	r0, #0
200004c8:	bf04      	itt	eq
200004ca:	2100      	moveq	r1, #0
200004cc:	4770      	bxeq	lr
200004ce:	b530      	push	{r4, r5, lr}
200004d0:	f44f 6480 	mov.w	r4, #1024	@ 0x400
200004d4:	f104 0432 	add.w	r4, r4, #50	@ 0x32
200004d8:	f010 4500 	ands.w	r5, r0, #2147483648	@ 0x80000000
200004dc:	bf48      	it	mi
200004de:	4240      	negmi	r0, r0
200004e0:	f04f 0100 	mov.w	r1, #0
200004e4:	e73e      	b.n	20000364 <__adddf3+0x138>
200004e6:	bf00      	nop

200004e8 <__aeabi_f2d>:
200004e8:	0042      	lsls	r2, r0, #1
200004ea:	ea4f 01e2 	mov.w	r1, r2, asr #3
200004ee:	ea4f 0131 	mov.w	r1, r1, rrx
200004f2:	ea4f 7002 	mov.w	r0, r2, lsl #28
200004f6:	bf1f      	itttt	ne
200004f8:	f012 437f 	andsne.w	r3, r2, #4278190080	@ 0xff000000
200004fc:	f093 4f7f 	teqne	r3, #4278190080	@ 0xff000000
20000500:	f081 5160 	eorne.w	r1, r1, #939524096	@ 0x38000000
20000504:	4770      	bxne	lr
20000506:	f032 427f 	bics.w	r2, r2, #4278190080	@ 0xff000000
2000050a:	bf08      	it	eq
2000050c:	4770      	bxeq	lr
2000050e:	f093 4f7f 	teq	r3, #4278190080	@ 0xff000000
20000512:	bf04      	itt	eq
20000514:	f441 2100 	orreq.w	r1, r1, #524288	@ 0x80000
20000518:	4770      	bxeq	lr
2000051a:	b530      	push	{r4, r5, lr}
2000051c:	f44f 7460 	mov.w	r4, #896	@ 0x380
20000520:	f001 4500 	and.w	r5, r1, #2147483648	@ 0x80000000
20000524:	f021 4100 	bic.w	r1, r1, #2147483648	@ 0x80000000
20000528:	e71c      	b.n	20000364 <__adddf3+0x138>
2000052a:	bf00      	nop

2000052c <__aeabi_ul2d>:
2000052c:	ea50 0201 	orrs.w	r2, r0, r1
20000530:	bf08      	it	eq
20000532:	4770      	bxeq	lr
20000534:	b530      	push	{r4, r5, lr}
20000536:	f04f 0500 	mov.w	r5, #0
2000053a:	e00a      	b.n	20000552 <__aeabi_l2d+0x16>

2000053c <__aeabi_l2d>:
2000053c:	ea50 0201 	orrs.w	r2, r0, r1
20000540:	bf08      	it	eq
20000542:	4770      	bxeq	lr
20000544:	b530      	push	{r4, r5, lr}
20000546:	f011 4500 	ands.w	r5, r1, #2147483648	@ 0x80000000
2000054a:	d502      	bpl.n	20000552 <__aeabi_l2d+0x16>
2000054c:	4240      	negs	r0, r0
2000054e:	eb61 0141 	sbc.w	r1, r1, r1, lsl #1
20000552:	f44f 6480 	mov.w	r4, #1024	@ 0x400
20000556:	f104 0432 	add.w	r4, r4, #50	@ 0x32
2000055a:	ea5f 5c91 	movs.w	ip, r1, lsr #22
2000055e:	f43f aed8 	beq.w	20000312 <__adddf3+0xe6>
20000562:	f04f 0203 	mov.w	r2, #3
20000566:	ea5f 0cdc 	movs.w	ip, ip, lsr #3
2000056a:	bf18      	it	ne
2000056c:	3203      	addne	r2, #3
2000056e:	ea5f 0cdc 	movs.w	ip, ip, lsr #3
20000572:	bf18      	it	ne
20000574:	3203      	addne	r2, #3
20000576:	eb02 02dc 	add.w	r2, r2, ip, lsr #3
2000057a:	f1c2 0320 	rsb	r3, r2, #32
2000057e:	fa00 fc03 	lsl.w	ip, r0, r3
20000582:	fa20 f002 	lsr.w	r0, r0, r2
20000586:	fa01 fe03 	lsl.w	lr, r1, r3
2000058a:	ea40 000e 	orr.w	r0, r0, lr
2000058e:	fa21 f102 	lsr.w	r1, r1, r2
20000592:	4414      	add	r4, r2
20000594:	e6bd      	b.n	20000312 <__adddf3+0xe6>
20000596:	bf00      	nop

20000598 <__aeabi_uldivmod>:
20000598:	b953      	cbnz	r3, 200005b0 <__aeabi_uldivmod+0x18>
2000059a:	b94a      	cbnz	r2, 200005b0 <__aeabi_uldivmod+0x18>
2000059c:	2900      	cmp	r1, #0
2000059e:	bf08      	it	eq
200005a0:	2800      	cmpeq	r0, #0
200005a2:	bf1c      	itt	ne
200005a4:	f04f 31ff 	movne.w	r1, #4294967295
200005a8:	f04f 30ff 	movne.w	r0, #4294967295
200005ac:	f000 b9b2 	b.w	20000914 <__aeabi_idiv0>
200005b0:	f1ad 0c08 	sub.w	ip, sp, #8
200005b4:	e96d ce04 	strd	ip, lr, [sp, #-16]!
200005b8:	f000 f806 	bl	200005c8 <__udivmoddi4>
200005bc:	f8dd e004 	ldr.w	lr, [sp, #4]
200005c0:	e9dd 2302 	ldrd	r2, r3, [sp, #8]
200005c4:	b004      	add	sp, #16
200005c6:	4770      	bx	lr

200005c8 <__udivmoddi4>:
200005c8:	e92d 4ff0 	stmdb	sp!, {r4, r5, r6, r7, r8, r9, sl, fp, lr}
200005cc:	468c      	mov	ip, r1
200005ce:	9e09      	ldr	r6, [sp, #36]	@ 0x24
200005d0:	4604      	mov	r4, r0
200005d2:	460f      	mov	r7, r1
200005d4:	2b00      	cmp	r3, #0
200005d6:	d148      	bne.n	2000066a <__udivmoddi4+0xa2>
200005d8:	428a      	cmp	r2, r1
200005da:	4615      	mov	r5, r2
200005dc:	d95e      	bls.n	2000069c <__udivmoddi4+0xd4>
200005de:	fab2 f382 	clz	r3, r2
200005e2:	b13b      	cbz	r3, 200005f4 <__udivmoddi4+0x2c>
200005e4:	f1c3 0220 	rsb	r2, r3, #32
200005e8:	409f      	lsls	r7, r3
200005ea:	409d      	lsls	r5, r3
200005ec:	409c      	lsls	r4, r3
200005ee:	fa20 f202 	lsr.w	r2, r0, r2
200005f2:	4317      	orrs	r7, r2
200005f4:	ea4f 4e15 	mov.w	lr, r5, lsr #16
200005f8:	fa1f fc85 	uxth.w	ip, r5
200005fc:	0c22      	lsrs	r2, r4, #16
200005fe:	fbb7 f1fe 	udiv	r1, r7, lr
20000602:	fb0e 7711 	mls	r7, lr, r1, r7
20000606:	fb01 f00c 	mul.w	r0, r1, ip
2000060a:	ea42 4207 	orr.w	r2, r2, r7, lsl #16
2000060e:	4290      	cmp	r0, r2
20000610:	d907      	bls.n	20000622 <__udivmoddi4+0x5a>
20000612:	18aa      	adds	r2, r5, r2
20000614:	f101 37ff 	add.w	r7, r1, #4294967295
20000618:	d202      	bcs.n	20000620 <__udivmoddi4+0x58>
2000061a:	4290      	cmp	r0, r2
2000061c:	f200 8158 	bhi.w	200008d0 <__udivmoddi4+0x308>
20000620:	4639      	mov	r1, r7
20000622:	1a12      	subs	r2, r2, r0
20000624:	b2a4      	uxth	r4, r4
20000626:	fbb2 f0fe 	udiv	r0, r2, lr
2000062a:	fb0e 2210 	mls	r2, lr, r0, r2
2000062e:	fb00 fc0c 	mul.w	ip, r0, ip
20000632:	ea44 4402 	orr.w	r4, r4, r2, lsl #16
20000636:	45a4      	cmp	ip, r4
20000638:	d90b      	bls.n	20000652 <__udivmoddi4+0x8a>
2000063a:	192c      	adds	r4, r5, r4
2000063c:	f100 32ff 	add.w	r2, r0, #4294967295
20000640:	bf2c      	ite	cs
20000642:	2701      	movcs	r7, #1
20000644:	2700      	movcc	r7, #0
20000646:	45a4      	cmp	ip, r4
20000648:	d902      	bls.n	20000650 <__udivmoddi4+0x88>
2000064a:	2f00      	cmp	r7, #0
2000064c:	f000 8143 	beq.w	200008d6 <__udivmoddi4+0x30e>
20000650:	4610      	mov	r0, r2
20000652:	ea40 4001 	orr.w	r0, r0, r1, lsl #16
20000656:	eba4 040c 	sub.w	r4, r4, ip
2000065a:	2100      	movs	r1, #0
2000065c:	b11e      	cbz	r6, 20000666 <__udivmoddi4+0x9e>
2000065e:	40dc      	lsrs	r4, r3
20000660:	2300      	movs	r3, #0
20000662:	e9c6 4300 	strd	r4, r3, [r6]
20000666:	e8bd 8ff0 	ldmia.w	sp!, {r4, r5, r6, r7, r8, r9, sl, fp, pc}
2000066a:	428b      	cmp	r3, r1
2000066c:	d906      	bls.n	2000067c <__udivmoddi4+0xb4>
2000066e:	b10e      	cbz	r6, 20000674 <__udivmoddi4+0xac>
20000670:	e9c6 0100 	strd	r0, r1, [r6]
20000674:	2100      	movs	r1, #0
20000676:	4608      	mov	r0, r1
20000678:	e8bd 8ff0 	ldmia.w	sp!, {r4, r5, r6, r7, r8, r9, sl, fp, pc}
2000067c:	fab3 f183 	clz	r1, r3
20000680:	2900      	cmp	r1, #0
20000682:	d151      	bne.n	20000728 <__udivmoddi4+0x160>
20000684:	4563      	cmp	r3, ip
20000686:	f0c0 8116 	bcc.w	200008b6 <__udivmoddi4+0x2ee>
2000068a:	4282      	cmp	r2, r0
2000068c:	f240 8113 	bls.w	200008b6 <__udivmoddi4+0x2ee>
20000690:	4608      	mov	r0, r1
20000692:	2e00      	cmp	r6, #0
20000694:	d0e7      	beq.n	20000666 <__udivmoddi4+0x9e>
20000696:	e9c6 4700 	strd	r4, r7, [r6]
2000069a:	e7e4      	b.n	20000666 <__udivmoddi4+0x9e>
2000069c:	2a00      	cmp	r2, #0
2000069e:	f000 80af 	beq.w	20000800 <__udivmoddi4+0x238>
200006a2:	fab2 f382 	clz	r3, r2
200006a6:	2b00      	cmp	r3, #0
200006a8:	f040 80c2 	bne.w	20000830 <__udivmoddi4+0x268>
200006ac:	1a8a      	subs	r2, r1, r2
200006ae:	ea4f 4e15 	mov.w	lr, r5, lsr #16
200006b2:	b2af      	uxth	r7, r5
200006b4:	2101      	movs	r1, #1
200006b6:	0c20      	lsrs	r0, r4, #16
200006b8:	fbb2 fcfe 	udiv	ip, r2, lr
200006bc:	fb0e 221c 	mls	r2, lr, ip, r2
200006c0:	ea40 4202 	orr.w	r2, r0, r2, lsl #16
200006c4:	fb07 f00c 	mul.w	r0, r7, ip
200006c8:	4290      	cmp	r0, r2
200006ca:	d90e      	bls.n	200006ea <__udivmoddi4+0x122>
200006cc:	18aa      	adds	r2, r5, r2
200006ce:	f10c 38ff 	add.w	r8, ip, #4294967295
200006d2:	bf2c      	ite	cs
200006d4:	f04f 0901 	movcs.w	r9, #1
200006d8:	f04f 0900 	movcc.w	r9, #0
200006dc:	4290      	cmp	r0, r2
200006de:	d903      	bls.n	200006e8 <__udivmoddi4+0x120>
200006e0:	f1b9 0f00 	cmp.w	r9, #0
200006e4:	f000 80f0 	beq.w	200008c8 <__udivmoddi4+0x300>
200006e8:	46c4      	mov	ip, r8
200006ea:	1a12      	subs	r2, r2, r0
200006ec:	b2a4      	uxth	r4, r4
200006ee:	fbb2 f0fe 	udiv	r0, r2, lr
200006f2:	fb0e 2210 	mls	r2, lr, r0, r2
200006f6:	fb00 f707 	mul.w	r7, r0, r7
200006fa:	ea44 4402 	orr.w	r4, r4, r2, lsl #16
200006fe:	42a7      	cmp	r7, r4
20000700:	d90e      	bls.n	20000720 <__udivmoddi4+0x158>
20000702:	192c      	adds	r4, r5, r4
20000704:	f100 32ff 	add.w	r2, r0, #4294967295
20000708:	bf2c      	ite	cs
2000070a:	f04f 0e01 	movcs.w	lr, #1
2000070e:	f04f 0e00 	movcc.w	lr, #0
20000712:	42a7      	cmp	r7, r4
20000714:	d903      	bls.n	2000071e <__udivmoddi4+0x156>
20000716:	f1be 0f00 	cmp.w	lr, #0
2000071a:	f000 80d2 	beq.w	200008c2 <__udivmoddi4+0x2fa>
2000071e:	4610      	mov	r0, r2
20000720:	1be4      	subs	r4, r4, r7
20000722:	ea40 400c 	orr.w	r0, r0, ip, lsl #16
20000726:	e799      	b.n	2000065c <__udivmoddi4+0x94>
20000728:	f1c1 0520 	rsb	r5, r1, #32
2000072c:	408b      	lsls	r3, r1
2000072e:	fa0c f401 	lsl.w	r4, ip, r1
20000732:	fa00 f901 	lsl.w	r9, r0, r1
20000736:	fa22 f705 	lsr.w	r7, r2, r5
2000073a:	fa2c fc05 	lsr.w	ip, ip, r5
2000073e:	408a      	lsls	r2, r1
20000740:	431f      	orrs	r7, r3
20000742:	fa20 f305 	lsr.w	r3, r0, r5
20000746:	0c38      	lsrs	r0, r7, #16
20000748:	4323      	orrs	r3, r4
2000074a:	fa1f fe87 	uxth.w	lr, r7
2000074e:	0c1c      	lsrs	r4, r3, #16
20000750:	fbbc f8f0 	udiv	r8, ip, r0
20000754:	fb00 cc18 	mls	ip, r0, r8, ip
20000758:	ea44 440c 	orr.w	r4, r4, ip, lsl #16
2000075c:	fb08 fc0e 	mul.w	ip, r8, lr
20000760:	45a4      	cmp	ip, r4
20000762:	d90e      	bls.n	20000782 <__udivmoddi4+0x1ba>
20000764:	193c      	adds	r4, r7, r4
20000766:	f108 3aff 	add.w	sl, r8, #4294967295
2000076a:	bf2c      	ite	cs
2000076c:	f04f 0b01 	movcs.w	fp, #1
20000770:	f04f 0b00 	movcc.w	fp, #0
20000774:	45a4      	cmp	ip, r4
20000776:	d903      	bls.n	20000780 <__udivmoddi4+0x1b8>
20000778:	f1bb 0f00 	cmp.w	fp, #0
2000077c:	f000 80b8 	beq.w	200008f0 <__udivmoddi4+0x328>
20000780:	46d0      	mov	r8, sl
20000782:	eba4 040c 	sub.w	r4, r4, ip
20000786:	fa1f fc83 	uxth.w	ip, r3
2000078a:	fbb4 f3f0 	udiv	r3, r4, r0
2000078e:	fb00 4413 	mls	r4, r0, r3, r4
20000792:	fb03 fe0e 	mul.w	lr, r3, lr
20000796:	ea4c 4404 	orr.w	r4, ip, r4, lsl #16
2000079a:	45a6      	cmp	lr, r4
2000079c:	d90e      	bls.n	200007bc <__udivmoddi4+0x1f4>
2000079e:	193c      	adds	r4, r7, r4
200007a0:	f103 30ff 	add.w	r0, r3, #4294967295
200007a4:	bf2c      	ite	cs
200007a6:	f04f 0c01 	movcs.w	ip, #1
200007aa:	f04f 0c00 	movcc.w	ip, #0
200007ae:	45a6      	cmp	lr, r4
200007b0:	d903      	bls.n	200007ba <__udivmoddi4+0x1f2>
200007b2:	f1bc 0f00 	cmp.w	ip, #0
200007b6:	f000 809f 	beq.w	200008f8 <__udivmoddi4+0x330>
200007ba:	4603      	mov	r3, r0
200007bc:	ea43 4008 	orr.w	r0, r3, r8, lsl #16
200007c0:	eba4 040e 	sub.w	r4, r4, lr
200007c4:	fba0 ec02 	umull	lr, ip, r0, r2
200007c8:	4564      	cmp	r4, ip
200007ca:	4673      	mov	r3, lr
200007cc:	46e0      	mov	r8, ip
200007ce:	d302      	bcc.n	200007d6 <__udivmoddi4+0x20e>
200007d0:	d107      	bne.n	200007e2 <__udivmoddi4+0x21a>
200007d2:	45f1      	cmp	r9, lr
200007d4:	d205      	bcs.n	200007e2 <__udivmoddi4+0x21a>
200007d6:	ebbe 0302 	subs.w	r3, lr, r2
200007da:	eb6c 0c07 	sbc.w	ip, ip, r7
200007de:	3801      	subs	r0, #1
200007e0:	46e0      	mov	r8, ip
200007e2:	b15e      	cbz	r6, 200007fc <__udivmoddi4+0x234>
200007e4:	ebb9 0203 	subs.w	r2, r9, r3
200007e8:	eb64 0408 	sbc.w	r4, r4, r8
200007ec:	fa04 f505 	lsl.w	r5, r4, r5
200007f0:	fa22 f301 	lsr.w	r3, r2, r1
200007f4:	40cc      	lsrs	r4, r1
200007f6:	431d      	orrs	r5, r3
200007f8:	e9c6 5400 	strd	r5, r4, [r6]
200007fc:	2100      	movs	r1, #0
200007fe:	e732      	b.n	20000666 <__udivmoddi4+0x9e>
20000800:	0842      	lsrs	r2, r0, #1
20000802:	462f      	mov	r7, r5
20000804:	084b      	lsrs	r3, r1, #1
20000806:	46ac      	mov	ip, r5
20000808:	ea42 72c1 	orr.w	r2, r2, r1, lsl #31
2000080c:	46ae      	mov	lr, r5
2000080e:	07c4      	lsls	r4, r0, #31
20000810:	0c11      	lsrs	r1, r2, #16
20000812:	b292      	uxth	r2, r2
20000814:	ea41 4103 	orr.w	r1, r1, r3, lsl #16
20000818:	ea42 4201 	orr.w	r2, r2, r1, lsl #16
2000081c:	fbb1 f1f5 	udiv	r1, r1, r5
20000820:	fbb3 f0f5 	udiv	r0, r3, r5
20000824:	231f      	movs	r3, #31
20000826:	eba2 020c 	sub.w	r2, r2, ip
2000082a:	ea41 4100 	orr.w	r1, r1, r0, lsl #16
2000082e:	e742      	b.n	200006b6 <__udivmoddi4+0xee>
20000830:	409d      	lsls	r5, r3
20000832:	f1c3 0220 	rsb	r2, r3, #32
20000836:	4099      	lsls	r1, r3
20000838:	409c      	lsls	r4, r3
2000083a:	fa2c fc02 	lsr.w	ip, ip, r2
2000083e:	ea4f 4e15 	mov.w	lr, r5, lsr #16
20000842:	fa20 f202 	lsr.w	r2, r0, r2
20000846:	b2af      	uxth	r7, r5
20000848:	fbbc f8fe 	udiv	r8, ip, lr
2000084c:	430a      	orrs	r2, r1
2000084e:	fb0e cc18 	mls	ip, lr, r8, ip
20000852:	0c11      	lsrs	r1, r2, #16
20000854:	ea41 410c 	orr.w	r1, r1, ip, lsl #16
20000858:	fb08 fc07 	mul.w	ip, r8, r7
2000085c:	458c      	cmp	ip, r1
2000085e:	d950      	bls.n	20000902 <__udivmoddi4+0x33a>
20000860:	1869      	adds	r1, r5, r1
20000862:	f108 30ff 	add.w	r0, r8, #4294967295
20000866:	bf2c      	ite	cs
20000868:	f04f 0901 	movcs.w	r9, #1
2000086c:	f04f 0900 	movcc.w	r9, #0
20000870:	458c      	cmp	ip, r1
20000872:	d902      	bls.n	2000087a <__udivmoddi4+0x2b2>
20000874:	f1b9 0f00 	cmp.w	r9, #0
20000878:	d030      	beq.n	200008dc <__udivmoddi4+0x314>
2000087a:	eba1 010c 	sub.w	r1, r1, ip
2000087e:	fbb1 f8fe 	udiv	r8, r1, lr
20000882:	fb08 fc07 	mul.w	ip, r8, r7
20000886:	fb0e 1118 	mls	r1, lr, r8, r1
2000088a:	b292      	uxth	r2, r2
2000088c:	ea42 4201 	orr.w	r2, r2, r1, lsl #16
20000890:	4562      	cmp	r2, ip
20000892:	d234      	bcs.n	200008fe <__udivmoddi4+0x336>
20000894:	18aa      	adds	r2, r5, r2
20000896:	f108 31ff 	add.w	r1, r8, #4294967295
2000089a:	bf2c      	ite	cs
2000089c:	f04f 0901 	movcs.w	r9, #1
200008a0:	f04f 0900 	movcc.w	r9, #0
200008a4:	4562      	cmp	r2, ip
200008a6:	d2be      	bcs.n	20000826 <__udivmoddi4+0x25e>
200008a8:	f1b9 0f00 	cmp.w	r9, #0
200008ac:	d1bb      	bne.n	20000826 <__udivmoddi4+0x25e>
200008ae:	f1a8 0102 	sub.w	r1, r8, #2
200008b2:	442a      	add	r2, r5
200008b4:	e7b7      	b.n	20000826 <__udivmoddi4+0x25e>
200008b6:	1a84      	subs	r4, r0, r2
200008b8:	eb6c 0203 	sbc.w	r2, ip, r3
200008bc:	2001      	movs	r0, #1
200008be:	4617      	mov	r7, r2
200008c0:	e6e7      	b.n	20000692 <__udivmoddi4+0xca>
200008c2:	442c      	add	r4, r5
200008c4:	3802      	subs	r0, #2
200008c6:	e72b      	b.n	20000720 <__udivmoddi4+0x158>
200008c8:	f1ac 0c02 	sub.w	ip, ip, #2
200008cc:	442a      	add	r2, r5
200008ce:	e70c      	b.n	200006ea <__udivmoddi4+0x122>
200008d0:	3902      	subs	r1, #2
200008d2:	442a      	add	r2, r5
200008d4:	e6a5      	b.n	20000622 <__udivmoddi4+0x5a>
200008d6:	442c      	add	r4, r5
200008d8:	3802      	subs	r0, #2
200008da:	e6ba      	b.n	20000652 <__udivmoddi4+0x8a>
200008dc:	eba5 0c0c 	sub.w	ip, r5, ip
200008e0:	f1a8 0002 	sub.w	r0, r8, #2
200008e4:	4461      	add	r1, ip
200008e6:	fbb1 f8fe 	udiv	r8, r1, lr
200008ea:	fb08 fc07 	mul.w	ip, r8, r7
200008ee:	e7ca      	b.n	20000886 <__udivmoddi4+0x2be>
200008f0:	f1a8 0802 	sub.w	r8, r8, #2
200008f4:	443c      	add	r4, r7
200008f6:	e744      	b.n	20000782 <__udivmoddi4+0x1ba>
200008f8:	3b02      	subs	r3, #2
200008fa:	443c      	add	r4, r7
200008fc:	e75e      	b.n	200007bc <__udivmoddi4+0x1f4>
200008fe:	4641      	mov	r1, r8
20000900:	e791      	b.n	20000826 <__udivmoddi4+0x25e>
20000902:	eba1 010c 	sub.w	r1, r1, ip
20000906:	4640      	mov	r0, r8
20000908:	fbb1 f8fe 	udiv	r8, r1, lr
2000090c:	fb08 fc07 	mul.w	ip, r8, r7
20000910:	e7b9      	b.n	20000886 <__udivmoddi4+0x2be>
20000912:	bf00      	nop

20000914 <__aeabi_idiv0>:
20000914:	4770      	bx	lr
20000916:	bf00      	nop

20000918 <__best_effort_wfe_or_timeout_veneer>:
20000918:	f85f f000 	ldr.w	pc, [pc]	@ 2000091c <__best_effort_wfe_or_timeout_veneer+0x4>
2000091c:	10000cc1 	.word	0x10000cc1

20000920 <striped_spin_lock_num>:
20000920:	00000010                                ....

20000924 <default_alarm_pool>:
	...
20000938:	20000eb0                                ... 

2000093c <i2c0_inst>:
2000093c:	40090000 00000000                       ...@....

20000944 <ucPrimaryCoreNum>:
20000944:	000000ff                                ....

20000948 <ulCriticalNesting>:
20000948:	aaaaaaaa                                ....

2000094c <__malloc_sbrk_base>:
2000094c:	ffffffff                                ....

20000950 <__malloc_trim_threshold>:
20000950:	00020000 00000000                       ........

20000958 <__malloc_av_>:
	...
20000960:	20000958 20000958 20000960 20000960     X.. X.. `.. `.. 
20000970:	20000968 20000968 20000970 20000970     h.. h.. p.. p.. 
20000980:	20000978 20000978 20000980 20000980     x.. x.. ... ... 
20000990:	20000988 20000988 20000990 20000990     ... ... ... ... 
200009a0:	20000998 20000998 200009a0 200009a0     ... ... ... ... 
200009b0:	200009a8 200009a8 200009b0 200009b0     ... ... ... ... 
200009c0:	200009b8 200009b8 200009c0 200009c0     ... ... ... ... 
200009d0:	200009c8 200009c8 200009d0 200009d0     ... ... ... ... 
200009e0:	200009d8 200009d8 200009e0 200009e0     ... ... ... ... 
200009f0:	200009e8 200009e8 200009f0 200009f0     ... ... ... ... 
20000a00:	200009f8 200009f8 20000a00 20000a00     ... ... ... ... 
20000a10:	20000a08 20000a08 20000a10 20000a10     ... ... ... ... 
20000a20:	20000a18 20000a18 20000a20 20000a20     ... ...  ..  .. 
20000a30:	20000a28 20000a28 20000a30 20000a30     (.. (.. 0.. 0.. 
20000a40:	20000a38 20000a38 20000a40 20000a40     8.. 8.. @.. @.. 
20000a50:	20000a48 20000a48 20000a50 20000a50     H.. H.. P.. P.. 
20000a60:	20000a58 20000a58 20000a60 20000a60     X.. X.. `.. `.. 
20000a70:	20000a68 20000a68 20000a70 20000a70     h.. h.. p.. p.. 
20000a80:	20000a78 20000a78 20000a80 20000a80     x.. x.. ... ... 
20000a90:	20000a88 20000a88 20000a90 20000a90     ... ... ... ... 
20000aa0:	20000a98 20000a98 20000aa0 20000aa0     ... ... ... ... 
20000ab0:	20000aa8 20000aa8 20000ab0 20000ab0     ... ... ... ... 
20000ac0:	20000ab8 20000ab8 20000ac0 20000ac0     ... ... ... ... 
20000ad0:	20000ac8 20000ac8 20000ad0 20000ad0     ... ... ... ... 
20000ae0:	20000ad8 20000ad8 20000ae0 20000ae0     ... ... ... ... 
20000af0:	20000ae8 20000ae8 20000af0 20000af0     ... ... ... ... 
20000b00:	20000af8 20000af8 20000b00 20000b00     ... ... ... ... 
20000b10:	20000b08 20000b08 20000b10 20000b10     ... ... ... ... 
20000b20:	20000b18 20000b18 20000b20 20000b20     ... ...  ..  .. 
20000b30:	20000b28 20000b28 20000b30 20000b30     (.. (.. 0.. 0.. 
20000b40:	20000b38 20000b38 20000b40 20000b40     8.. 8.. @.. @.. 
20000b50:	20000b48 20000b48 20000b50 20000b50     H.. H.. P.. P.. 
20000b60:	20000b58 20000b58 20000b60 20000b60     X.. X.. `.. `.. 
20000b70:	20000b68 20000b68 20000b70 20000b70     h.. h.. p.. p.. 
20000b80:	20000b78 20000b78 20000b80 20000b80     x.. x.. ... ... 
20000b90:	20000b88 20000b88 20000b90 20000b90     ... ... ... ... 
20000ba0:	20000b98 20000b98 20000ba0 20000ba0     ... ... ... ... 
20000bb0:	20000ba8 20000ba8 20000bb0 20000bb0     ... ... ... ... 
20000bc0:	20000bb8 20000bb8 20000bc0 20000bc0     ... ... ... ... 
20000bd0:	20000bc8 20000bc8 20000bd0 20000bd0     ... ... ... ... 
20000be0:	20000bd8 20000bd8 20000be0 20000be0     ... ... ... ... 
20000bf0:	20000be8 20000be8 20000bf0 20000bf0     ... ... ... ... 
20000c00:	20000bf8 20000bf8 20000c00 20000c00     ... ... ... ... 
20000c10:	20000c08 20000c08 20000c10 20000c10     ... ... ... ... 
20000c20:	20000c18 20000c18 20000c20 20000c20     ... ...  ..  .. 
20000c30:	20000c28 20000c28 20000c30 20000c30     (.. (.. 0.. 0.. 
20000c40:	20000c38 20000c38 20000c40 20000c40     8.. 8.. @.. @.. 
20000c50:	20000c48 20000c48 20000c50 20000c50     H.. H.. P.. P.. 
20000c60:	20000c58 20000c58 20000c60 20000c60     X.. X.. `.. `.. 
20000c70:	20000c68 20000c68 20000c70 20000c70     h.. h.. p.. p.. 
20000c80:	20000c78 20000c78 20000c80 20000c80     x.. x.. ... ... 
20000c90:	20000c88 20000c88 20000c90 20000c90     ... ... ... ... 
20000ca0:	20000c98 20000c98 20000ca0 20000ca0     ... ... ... ... 
20000cb0:	20000ca8 20000ca8 20000cb0 20000cb0     ... ... ... ... 
20000cc0:	20000cb8 20000cb8 20000cc0 20000cc0     ... ... ... ... 
20000cd0:	20000cc8 20000cc8 20000cd0 20000cd0     ... ... ... ... 
20000ce0:	20000cd8 20000cd8 20000ce0 20000ce0     ... ... ... ... 
20000cf0:	20000ce8 20000ce8 20000cf0 20000cf0     ... ... ... ... 
20000d00:	20000cf8 20000cf8 20000d00 20000d00     ... ... ... ... 
20000d10:	20000d08 20000d08 20000d10 20000d10     ... ... ... ... 
20000d20:	20000d18 20000d18 20000d20 20000d20     ... ...  ..  .. 
20000d30:	20000d28 20000d28 20000d30 20000d30     (.. (.. 0.. 0.. 
20000d40:	20000d38 20000d38 20000d40 20000d40     8.. 8.. @.. @.. 
20000d50:	20000d48 20000d48 20000d50 20000d50     H.. H.. P.. P.. 

20000d60 <_impure_ptr>:
20000d60:	20000d68 00000000                       h.. ....

20000d68 <_impure_data>:
20000d68:	00000000 200010b8 20001120 20001188     .......  .. ... 
	...
20000e00:	00000001 00000000 abcd330e e66d1234     .........3..4.m.
20000e10:	0005deec 0000000b 00000000 00000000     ................
	...

20000ea8 <print_mutex>:
	...
